Date,BRL,YTD
1999-01-05,?,?
1999-01-06,?,?
1999-01-07,?,?
1999-01-08,?,?
1999-01-11,?,?
1999-01-12,?,?
1999-01-13,?,?
1999-01-14,?,?
1999-01-15,?,?
1999-01-18,?,?
1999-01-19,?,?
1999-01-20,?,?
1999-01-21,?,?
1999-01-22,?,?
1999-01-25,?,?
1999-01-26,?,?
1999-01-27,?,?
1999-01-28,?,?
1999-01-29,?,?
1999-02-01,?,?
1999-02-02,?,?
1999-02-03,?,?
1999-02-04,?,?
1999-02-05,?,?
1999-02-08,?,?
1999-02-09,?,?
1999-02-10,?,?
1999-02-11,?,?
1999-02-12,?,?
1999-02-15,?,?
1999-02-16,?,?
1999-02-17,?,?
1999-02-18,?,?
1999-02-19,?,?
1999-02-22,?,?
1999-02-23,?,?
1999-02-24,?,?
1999-02-25,?,?
1999-02-26,?,?
1999-03-01,?,?
1999-03-02,?,?
1999-03-03,?,?
1999-03-04,?,?
1999-03-05,?,?
1999-03-08,?,?
1999-03-09,?,?
1999-03-10,?,?
1999-03-11,?,?
1999-03-12,?,?
1999-03-15,?,?
1999-03-16,?,?
1999-03-17,?,?
1999-03-18,?,?
1999-03-19,?,?
1999-03-22,?,?
1999-03-23,?,?
1999-03-24,?,?
1999-03-25,?,?
1999-03-26,?,?
1999-03-29,?,?
1999-03-30,?,?
1999-03-31,?,?
1999-04-01,?,?
1999-04-02,?,?
1999-04-05,?,?
1999-04-06,?,?
1999-04-07,?,?
1999-04-08,?,?
1999-04-09,?,?
1999-04-12,?,?
1999-04-13,?,?
1999-04-14,?,?
1999-04-15,?,?
1999-04-16,?,?
1999-04-19,?,?
1999-04-20,?,?
1999-04-21,?,?
1999-04-22,?,?
1999-04-23,?,?
1999-04-26,?,?
1999-04-27,?,?
1999-04-28,?,?
1999-04-29,?,?
1999-04-30,?,?
1999-05-03,?,?
1999-05-04,?,?
1999-05-05,?,?
1999-05-06,?,?
1999-05-07,?,?
1999-05-10,?,?
1999-05-11,?,?
1999-05-12,?,?
1999-05-13,?,?
1999-05-14,?,?
1999-05-17,?,?
1999-05-18,?,?
1999-05-19,?,?
1999-05-20,?,?
1999-05-21,?,?
1999-05-24,?,?
1999-05-25,?,?
1999-05-26,?,?
1999-05-27,?,?
1999-05-28,?,?
1999-05-31,?,?
1999-06-01,?,?
1999-06-02,?,?
1999-06-03,?,?
1999-06-04,?,?
1999-06-07,?,?
1999-06-08,?,?
1999-06-09,?,?
1999-06-10,?,?
1999-06-11,?,?
1999-06-14,?,?
1999-06-15,?,?
1999-06-16,?,?
1999-06-17,?,?
1999-06-18,?,?
1999-06-21,?,?
1999-06-22,?,?
1999-06-23,?,?
1999-06-24,?,?
1999-06-25,?,?
1999-06-28,?,?
1999-06-29,?,?
1999-06-30,?,?
1999-07-01,?,?
1999-07-02,?,?
1999-07-05,?,?
1999-07-06,?,?
1999-07-07,?,?
1999-07-08,?,?
1999-07-09,?,?
1999-07-12,?,?
1999-07-13,?,?
1999-07-14,?,?
1999-07-15,?,?
1999-07-16,?,?
1999-07-19,?,?
1999-07-20,?,?
1999-07-21,?,?
1999-07-22,?,?
1999-07-23,?,?
1999-07-26,?,?
1999-07-27,?,?
1999-07-28,?,?
1999-07-29,?,?
1999-07-30,?,?
1999-08-02,?,?
1999-08-03,?,?
1999-08-04,?,?
1999-08-05,?,?
1999-08-06,?,?
1999-08-09,?,?
1999-08-10,?,?
1999-08-11,?,?
1999-08-12,?,?
1999-08-13,?,?
1999-08-16,?,?
1999-08-17,?,?
1999-08-18,?,?
1999-08-19,?,?
1999-08-20,?,?
1999-08-23,?,?
1999-08-24,?,?
1999-08-25,?,?
1999-08-26,?,?
1999-08-27,?,?
1999-08-30,?,?
1999-08-31,?,?
1999-09-01,?,?
1999-09-02,?,?
1999-09-03,?,?
1999-09-06,?,?
1999-09-07,?,?
1999-09-08,?,?
1999-09-09,?,?
1999-09-10,?,?
1999-09-13,?,?
1999-09-14,?,?
1999-09-15,?,?
1999-09-16,?,?
1999-09-17,?,?
1999-09-20,?,?
1999-09-21,?,?
1999-09-22,?,?
1999-09-23,?,?
1999-09-24,?,?
1999-09-27,?,?
1999-09-28,?,?
1999-09-29,?,?
1999-09-30,?,?
1999-10-01,?,?
1999-10-04,?,?
1999-10-05,?,?
1999-10-06,?,?
1999-10-07,?,?
1999-10-08,?,?
1999-10-11,?,?
1999-10-12,?,?
1999-10-13,?,?
1999-10-14,?,?
1999-10-15,?,?
1999-10-18,?,?
1999-10-19,?,?
1999-10-20,?,?
1999-10-21,?,?
1999-10-22,?,?
1999-10-25,?,?
1999-10-26,?,?
1999-10-27,?,?
1999-10-28,?,?
1999-10-29,?,?
1999-11-01,?,?
1999-11-02,?,?
1999-11-03,?,?
1999-11-04,?,?
1999-11-05,?,?
1999-11-08,?,?
1999-11-09,?,?
1999-11-10,?,?
1999-11-11,?,?
1999-11-12,?,?
1999-11-15,?,?
1999-11-16,?,?
1999-11-17,?,?
1999-11-18,?,?
1999-11-19,?,?
1999-11-22,?,?
1999-11-23,?,?
1999-11-24,?,?
1999-11-25,?,?
1999-11-26,?,?
1999-11-29,?,?
1999-11-30,?,?
1999-12-01,?,?
1999-12-02,?,?
1999-12-03,?,?
1999-12-06,?,?
1999-12-07,?,?
1999-12-08,?,?
1999-12-09,?,?
1999-12-10,?,?
1999-12-13,?,?
1999-12-14,?,?
1999-12-15,?,?
1999-12-16,?,?
1999-12-17,?,?
1999-12-20,?,?
1999-12-21,?,?
1999-12-22,?,?
1999-12-23,?,?
1999-12-24,?,?
1999-12-27,?,?
1999-12-28,?,?
1999-12-29,?,?
1999-12-30,?,?
1999-12-31,?,?
2000-01-03,?,?
2000-01-04,?,?
2000-01-05,?,?
2000-01-06,?,?
2000-01-07,?,?
2000-01-10,?,?
2000-01-11,?,?
2000-01-12,?,?
2000-01-13,?,?
2000-01-14,?,?
2000-01-17,?,?
2000-01-18,?,?
2000-01-19,?,?
2000-01-20,?,?
2000-01-21,?,?
2000-01-24,?,?
2000-01-25,?,?
2000-01-26,?,?
2000-01-27,?,?
2000-01-28,?,?
2000-01-31,?,?
2000-02-01,?,?
2000-02-02,?,?
2000-02-03,?,?
2000-02-04,?,?
2000-02-07,?,?
2000-02-08,?,?
2000-02-09,?,?
2000-02-10,?,?
2000-02-11,?,?
2000-02-14,?,?
2000-02-15,?,?
2000-02-16,?,?
2000-02-17,?,?
2000-02-18,?,?
2000-02-21,?,?
2000-02-22,?,?
2000-02-23,?,?
2000-02-24,?,?
2000-02-25,?,?
2000-02-28,?,?
2000-02-29,?,?
2000-03-01,?,?
2000-03-02,?,?
2000-03-03,?,?
2000-03-06,?,?
2000-03-07,?,?
2000-03-08,?,?
2000-03-09,?,?
2000-03-10,?,?
2000-03-13,?,?
2000-03-14,?,?
2000-03-15,?,?
2000-03-16,?,?
2000-03-17,?,?
2000-03-20,?,?
2000-03-21,?,?
2000-03-22,?,?
2000-03-23,?,?
2000-03-24,?,?
2000-03-27,?,?
2000-03-28,?,?
2000-03-29,?,?
2000-03-30,?,?
2000-03-31,?,?
2000-04-03,?,?
2000-04-04,?,?
2000-04-05,?,?
2000-04-06,?,?
2000-04-07,?,?
2000-04-10,?,?
2000-04-11,?,?
2000-04-12,?,?
2000-04-13,?,?
2000-04-14,?,?
2000-04-17,?,?
2000-04-18,?,?
2000-04-19,?,?
2000-04-20,?,?
2000-04-21,?,?
2000-04-24,?,?
2000-04-25,?,?
2000-04-26,?,?
2000-04-27,?,?
2000-04-28,?,?
2000-05-01,?,?
2000-05-02,?,?
2000-05-03,?,?
2000-05-04,?,?
2000-05-05,?,?
2000-05-08,?,?
2000-05-09,?,?
2000-05-10,?,?
2000-05-11,?,?
2000-05-12,?,?
2000-05-15,?,?
2000-05-16,?,?
2000-05-17,?,?
2000-05-18,?,?
2000-05-19,?,?
2000-05-22,?,?
2000-05-23,?,?
2000-05-24,?,?
2000-05-25,?,?
2000-05-26,?,?
2000-05-29,?,?
2000-05-30,?,?
2000-05-31,?,?
2000-06-01,?,?
2000-06-02,?,?
2000-06-05,?,?
2000-06-06,?,?
2000-06-07,?,?
2000-06-08,?,?
2000-06-09,?,?
2000-06-12,?,?
2000-06-13,?,?
2000-06-14,?,?
2000-06-15,?,?
2000-06-16,?,?
2000-06-19,?,?
2000-06-20,?,?
2000-06-21,?,?
2000-06-22,?,?
2000-06-23,?,?
2000-06-26,?,?
2000-06-27,?,?
2000-06-28,?,?
2000-06-29,?,?
2000-06-30,?,?
2000-07-03,?,?
2000-07-04,?,?
2000-07-05,?,?
2000-07-06,?,?
2000-07-07,?,?
2000-07-10,?,?
2000-07-11,?,?
2000-07-12,?,?
2000-07-13,?,?
2000-07-14,?,?
2000-07-17,?,?
2000-07-18,?,?
2000-07-19,?,?
2000-07-20,?,?
2000-07-21,?,?
2000-07-24,?,?
2000-07-25,?,?
2000-07-26,?,?
2000-07-27,?,?
2000-07-28,?,?
2000-07-31,?,?
2000-08-01,?,?
2000-08-02,?,?
2000-08-03,?,?
2000-08-04,?,?
2000-08-07,?,?
2000-08-08,?,?
2000-08-09,?,?
2000-08-10,?,?
2000-08-11,?,?
2000-08-14,?,?
2000-08-15,?,?
2000-08-16,?,?
2000-08-17,?,?
2000-08-18,?,?
2000-08-21,?,?
2000-08-22,?,?
2000-08-23,?,?
2000-08-24,?,?
2000-08-25,?,?
2000-08-28,?,?
2000-08-29,?,?
2000-08-30,?,?
2000-08-31,?,?
2000-09-01,?,?
2000-09-04,?,?
2000-09-05,?,?
2000-09-06,?,?
2000-09-07,?,?
2000-09-08,?,?
2000-09-11,?,?
2000-09-12,?,?
2000-09-13,?,?
2000-09-14,?,?
2000-09-15,?,?
2000-09-18,?,?
2000-09-19,?,?
2000-09-20,?,?
2000-09-21,?,?
2000-09-22,?,?
2000-09-25,?,?
2000-09-26,?,?
2000-09-27,?,?
2000-09-28,?,?
2000-09-29,?,?
2000-10-02,?,?
2000-10-03,?,?
2000-10-04,?,?
2000-10-05,?,?
2000-10-06,?,?
2000-10-09,?,?
2000-10-10,?,?
2000-10-11,?,?
2000-10-12,?,?
2000-10-13,?,?
2000-10-16,?,?
2000-10-17,?,?
2000-10-18,?,?
2000-10-19,?,?
2000-10-20,?,?
2000-10-23,?,?
2000-10-24,?,?
2000-10-25,?,?
2000-10-26,?,?
2000-10-27,?,?
2000-10-30,?,?
2000-10-31,?,?
2000-11-01,?,?
2000-11-02,?,?
2000-11-03,?,?
2000-11-06,?,?
2000-11-07,?,?
2000-11-08,?,?
2000-11-09,?,?
2000-11-10,?,?
2000-11-13,?,?
2000-11-14,?,?
2000-11-15,?,?
2000-11-16,?,?
2000-11-17,?,?
2000-11-20,?,?
2000-11-21,?,?
2000-11-22,?,?
2000-11-23,?,?
2000-11-24,?,?
2000-11-27,?,?
2000-11-28,?,?
2000-11-29,?,?
2000-11-30,?,?
2000-12-01,?,?
2000-12-04,?,?
2000-12-05,?,?
2000-12-06,?,?
2000-12-07,?,?
2000-12-08,?,?
2000-12-11,?,?
2000-12-12,?,?
2000-12-13,?,?
2000-12-14,?,?
2000-12-15,?,?
2000-12-18,?,?
2000-12-19,?,?
2000-12-20,?,?
2000-12-21,?,?
2000-12-22,?,?
2000-12-25,?,?
2000-12-26,?,?
2000-12-27,?,?
2000-12-28,?,?
2000-12-29,?,?
2001-01-01,?,?
2001-01-02,?,?
2001-01-03,?,?
2001-01-04,?,?
2001-01-05,?,?
2001-01-08,?,?
2001-01-09,?,?
2001-01-10,?,?
2001-01-11,?,?
2001-01-12,?,?
2001-01-15,?,?
2001-01-16,?,?
2001-01-17,?,?
2001-01-18,?,?
2001-01-19,?,?
2001-01-22,?,?
2001-01-23,?,?
2001-01-24,?,?
2001-01-25,?,?
2001-01-26,?,?
2001-01-29,?,?
2001-01-30,?,?
2001-01-31,?,?
2001-02-01,?,?
2001-02-02,?,?
2001-02-05,?,?
2001-02-06,?,?
2001-02-07,?,?
2001-02-08,?,?
2001-02-09,?,?
2001-02-12,?,?
2001-02-13,?,?
2001-02-14,?,?
2001-02-15,?,?
2001-02-16,?,?
2001-02-19,?,?
2001-02-20,?,?
2001-02-21,?,?
2001-02-22,?,?
2001-02-23,?,?
2001-02-26,?,?
2001-02-27,?,?
2001-02-28,?,?
2001-03-01,?,?
2001-03-02,?,?
2001-03-05,?,?
2001-03-06,?,?
2001-03-07,?,?
2001-03-08,?,?
2001-03-09,?,?
2001-03-12,?,?
2001-03-13,?,?
2001-03-14,?,?
2001-03-15,?,?
2001-03-16,?,?
2001-03-19,?,?
2001-03-20,?,?
2001-03-21,?,?
2001-03-22,?,?
2001-03-23,?,?
2001-03-26,?,?
2001-03-27,?,?
2001-03-28,?,?
2001-03-29,?,?
2001-03-30,?,?
2001-04-02,?,?
2001-04-03,?,?
2001-04-04,?,?
2001-04-05,?,?
2001-04-06,?,?
2001-04-09,?,?
2001-04-10,?,?
2001-04-11,?,?
2001-04-12,?,?
2001-04-13,?,?
2001-04-16,?,?
2001-04-17,?,?
2001-04-18,?,?
2001-04-19,?,?
2001-04-20,?,?
2001-04-23,?,?
2001-04-24,?,?
2001-04-25,?,?
2001-04-26,?,?
2001-04-27,?,?
2001-04-30,?,?
2001-05-01,?,?
2001-05-02,?,?
2001-05-03,?,?
2001-05-04,?,?
2001-05-07,?,?
2001-05-08,?,?
2001-05-09,?,?
2001-05-10,?,?
2001-05-11,?,?
2001-05-14,?,?
2001-05-15,?,?
2001-05-16,?,?
2001-05-17,?,?
2001-05-18,?,?
2001-05-21,?,?
2001-05-22,?,?
2001-05-23,?,?
2001-05-24,?,?
2001-05-25,?,?
2001-05-28,?,?
2001-05-29,?,?
2001-05-30,?,?
2001-05-31,?,?
2001-06-01,?,?
2001-06-04,?,?
2001-06-05,?,?
2001-06-06,?,?
2001-06-07,?,?
2001-06-08,?,?
2001-06-11,?,?
2001-06-12,?,?
2001-06-13,?,?
2001-06-14,?,?
2001-06-15,?,?
2001-06-18,?,?
2001-06-19,?,?
2001-06-20,?,?
2001-06-21,?,?
2001-06-22,?,?
2001-06-25,?,?
2001-06-26,?,?
2001-06-27,?,?
2001-06-28,?,?
2001-06-29,?,?
2001-07-02,?,?
2001-07-03,?,?
2001-07-04,?,?
2001-07-05,?,?
2001-07-06,?,?
2001-07-09,?,?
2001-07-10,?,?
2001-07-11,?,?
2001-07-12,?,?
2001-07-13,?,?
2001-07-16,?,?
2001-07-17,?,?
2001-07-18,?,?
2001-07-19,?,?
2001-07-20,?,?
2001-07-23,?,?
2001-07-24,?,?
2001-07-25,?,?
2001-07-26,?,?
2001-07-27,?,?
2001-07-30,?,?
2001-07-31,?,?
2001-08-01,?,?
2001-08-02,?,?
2001-08-03,?,?
2001-08-06,?,?
2001-08-07,?,?
2001-08-08,?,?
2001-08-09,?,?
2001-08-10,?,?
2001-08-13,?,?
2001-08-14,?,?
2001-08-15,?,?
2001-08-16,?,?
2001-08-17,?,?
2001-08-20,?,?
2001-08-21,?,?
2001-08-22,?,?
2001-08-23,?,?
2001-08-24,?,?
2001-08-27,?,?
2001-08-28,?,?
2001-08-29,?,?
2001-08-30,?,?
2001-08-31,?,?
2001-09-03,?,?
2001-09-04,?,?
2001-09-05,?,?
2001-09-06,?,?
2001-09-07,?,?
2001-09-10,?,?
2001-09-11,?,?
2001-09-12,?,?
2001-09-13,?,?
2001-09-14,?,?
2001-09-17,?,?
2001-09-18,?,?
2001-09-19,?,?
2001-09-20,?,?
2001-09-21,?,?
2001-09-24,?,?
2001-09-25,?,?
2001-09-26,?,?
2001-09-27,?,?
2001-09-28,?,?
2001-10-01,?,?
2001-10-02,?,?
2001-10-03,?,?
2001-10-04,?,?
2001-10-05,?,?
2001-10-08,?,?
2001-10-09,?,?
2001-10-10,?,?
2001-10-11,?,?
2001-10-12,?,?
2001-10-15,?,?
2001-10-16,?,?
2001-10-17,?,?
2001-10-18,?,?
2001-10-19,?,?
2001-10-22,?,?
2001-10-23,?,?
2001-10-24,?,?
2001-10-25,?,?
2001-10-26,?,?
2001-10-29,?,?
2001-10-30,?,?
2001-10-31,?,?
2001-11-01,?,?
2001-11-02,?,?
2001-11-05,?,?
2001-11-06,?,?
2001-11-07,?,?
2001-11-08,?,?
2001-11-09,?,?
2001-11-12,?,?
2001-11-13,?,?
2001-11-14,?,?
2001-11-15,?,?
2001-11-16,?,?
2001-11-19,?,?
2001-11-20,?,?
2001-11-21,?,?
2001-11-22,?,?
2001-11-23,?,?
2001-11-26,?,?
2001-11-27,?,?
2001-11-28,?,?
2001-11-29,?,?
2001-11-30,?,?
2001-12-03,?,?
2001-12-04,?,?
2001-12-05,?,?
2001-12-06,?,?
2001-12-07,?,?
2001-12-10,?,?
2001-12-11,?,?
2001-12-12,?,?
2001-12-13,?,?
2001-12-14,?,?
2001-12-17,?,?
2001-12-18,?,?
2001-12-19,?,?
2001-12-20,?,?
2001-12-21,?,?
2001-12-24,?,?
2001-12-25,?,?
2001-12-26,?,?
2001-12-27,?,?
2001-12-28,?,?
2001-12-31,?,?
2002-01-01,?,?
2002-01-02,?,?
2002-01-03,?,?
2002-01-04,?,?
2002-01-07,?,?
2002-01-08,?,?
2002-01-09,?,?
2002-01-10,?,?
2002-01-11,?,?
2002-01-14,?,?
2002-01-15,?,?
2002-01-16,?,?
2002-01-17,?,?
2002-01-18,?,?
2002-01-21,?,?
2002-01-22,?,?
2002-01-23,?,?
2002-01-24,?,?
2002-01-25,?,?
2002-01-28,?,?
2002-01-29,?,?
2002-01-30,?,?
2002-01-31,?,?
2002-02-01,?,?
2002-02-04,?,?
2002-02-05,?,?
2002-02-06,?,?
2002-02-07,?,?
2002-02-08,?,?
2002-02-11,?,?
2002-02-12,?,?
2002-02-13,?,?
2002-02-14,?,?
2002-02-15,?,?
2002-02-18,?,?
2002-02-19,?,?
2002-02-20,?,?
2002-02-21,?,?
2002-02-22,?,?
2002-02-25,?,?
2002-02-26,?,?
2002-02-27,?,?
2002-02-28,?,?
2002-03-01,?,?
2002-03-04,?,?
2002-03-05,?,?
2002-03-06,?,?
2002-03-07,?,?
2002-03-08,?,?
2002-03-11,?,?
2002-03-12,?,?
2002-03-13,?,?
2002-03-14,?,?
2002-03-15,?,?
2002-03-18,?,?
2002-03-19,?,?
2002-03-20,?,?
2002-03-21,?,?
2002-03-22,?,?
2002-03-25,?,?
2002-03-26,?,?
2002-03-27,?,?
2002-03-28,?,?
2002-03-29,?,?
2002-04-01,?,?
2002-04-02,?,?
2002-04-03,?,?
2002-04-04,?,?
2002-04-05,?,?
2002-04-08,?,?
2002-04-09,?,?
2002-04-10,?,?
2002-04-11,?,?
2002-04-12,?,?
2002-04-15,?,?
2002-04-16,?,?
2002-04-17,?,?
2002-04-18,?,?
2002-04-19,?,?
2002-04-22,?,?
2002-04-23,?,?
2002-04-24,?,?
2002-04-25,?,?
2002-04-26,?,?
2002-04-29,?,?
2002-04-30,?,?
2002-05-01,?,?
2002-05-02,?,?
2002-05-03,?,?
2002-05-06,?,?
2002-05-07,?,?
2002-05-08,?,?
2002-05-09,?,?
2002-05-10,?,?
2002-05-13,?,?
2002-05-14,?,?
2002-05-15,?,?
2002-05-16,?,?
2002-05-17,?,?
2002-05-20,?,?
2002-05-21,?,?
2002-05-22,?,?
2002-05-23,?,?
2002-05-24,?,?
2002-05-27,?,?
2002-05-28,?,?
2002-05-29,?,?
2002-05-30,?,?
2002-05-31,?,?
2002-06-03,?,?
2002-06-04,?,?
2002-06-05,?,?
2002-06-06,?,?
2002-06-07,?,?
2002-06-10,?,?
2002-06-11,?,?
2002-06-12,?,?
2002-06-13,?,?
2002-06-14,?,?
2002-06-17,?,?
2002-06-18,?,?
2002-06-19,?,?
2002-06-20,?,?
2002-06-21,?,?
2002-06-24,?,?
2002-06-25,?,?
2002-06-26,?,?
2002-06-27,?,?
2002-06-28,?,?
2002-07-01,?,?
2002-07-02,?,?
2002-07-03,?,?
2002-07-04,?,?
2002-07-05,?,?
2002-07-08,?,?
2002-07-09,?,?
2002-07-10,?,?
2002-07-11,?,?
2002-07-12,?,?
2002-07-15,?,?
2002-07-16,?,?
2002-07-17,?,?
2002-07-18,?,?
2002-07-19,?,?
2002-07-22,?,?
2002-07-23,?,?
2002-07-24,?,?
2002-07-25,?,?
2002-07-26,?,?
2002-07-29,?,?
2002-07-30,?,?
2002-07-31,?,?
2002-08-01,?,?
2002-08-02,?,?
2002-08-05,?,?
2002-08-06,?,?
2002-08-07,?,?
2002-08-08,?,?
2002-08-09,?,?
2002-08-12,?,?
2002-08-13,?,?
2002-08-14,?,?
2002-08-15,?,?
2002-08-16,?,?
2002-08-19,?,?
2002-08-20,?,?
2002-08-21,?,?
2002-08-22,?,?
2002-08-23,?,?
2002-08-26,?,?
2002-08-27,?,?
2002-08-28,?,?
2002-08-29,?,?
2002-08-30,?,?
2002-09-02,?,?
2002-09-03,?,?
2002-09-04,?,?
2002-09-05,?,?
2002-09-06,?,?
2002-09-09,?,?
2002-09-10,?,?
2002-09-11,?,?
2002-09-12,?,?
2002-09-13,?,?
2002-09-16,?,?
2002-09-17,?,?
2002-09-18,?,?
2002-09-19,?,?
2002-09-20,?,?
2002-09-23,?,?
2002-09-24,?,?
2002-09-25,?,?
2002-09-26,?,?
2002-09-27,?,?
2002-09-30,?,?
2002-10-01,?,?
2002-10-02,?,?
2002-10-03,?,?
2002-10-04,?,?
2002-10-07,?,?
2002-10-08,?,?
2002-10-09,?,?
2002-10-10,?,?
2002-10-11,?,?
2002-10-14,?,?
2002-10-15,?,?
2002-10-16,?,?
2002-10-17,?,?
2002-10-18,?,?
2002-10-21,?,?
2002-10-22,?,?
2002-10-23,?,?
2002-10-24,?,?
2002-10-25,?,?
2002-10-28,?,?
2002-10-29,?,?
2002-10-30,?,?
2002-10-31,?,?
2002-11-01,?,?
2002-11-04,?,?
2002-11-05,?,?
2002-11-06,?,?
2002-11-07,?,?
2002-11-08,?,?
2002-11-11,?,?
2002-11-12,?,?
2002-11-13,?,?
2002-11-14,?,?
2002-11-15,?,?
2002-11-18,?,?
2002-11-19,?,?
2002-11-20,?,?
2002-11-21,?,?
2002-11-22,?,?
2002-11-25,?,?
2002-11-26,?,?
2002-11-27,?,?
2002-11-28,?,?
2002-11-29,?,?
2002-12-02,?,?
2002-12-03,?,?
2002-12-04,?,?
2002-12-05,?,?
2002-12-06,?,?
2002-12-09,?,?
2002-12-10,?,?
2002-12-11,?,?
2002-12-12,?,?
2002-12-13,?,?
2002-12-16,?,?
2002-12-17,?,?
2002-12-18,?,?
2002-12-19,?,?
2002-12-20,?,?
2002-12-23,?,?
2002-12-24,?,?
2002-12-25,?,?
2002-12-26,?,?
2002-12-27,?,?
2002-12-30,?,?
2002-12-31,?,?
2003-01-01,?,?
2003-01-02,?,?
2003-01-03,?,?
2003-01-06,?,?
2003-01-07,?,?
2003-01-08,?,?
2003-01-09,?,?
2003-01-10,?,?
2003-01-13,?,?
2003-01-14,?,?
2003-01-15,?,?
2003-01-16,?,?
2003-01-17,?,?
2003-01-20,?,?
2003-01-21,?,?
2003-01-22,?,?
2003-01-23,?,?
2003-01-24,?,?
2003-01-27,?,?
2003-01-28,?,?
2003-01-29,?,?
2003-01-30,?,?
2003-01-31,?,?
2003-02-03,?,?
2003-02-04,?,?
2003-02-05,?,?
2003-02-06,?,?
2003-02-07,?,?
2003-02-10,?,?
2003-02-11,?,?
2003-02-12,?,?
2003-02-13,?,?
2003-02-14,?,?
2003-02-17,?,?
2003-02-18,?,?
2003-02-19,?,?
2003-02-20,?,?
2003-02-21,?,?
2003-02-24,?,?
2003-02-25,?,?
2003-02-26,?,?
2003-02-27,?,?
2003-02-28,?,?
2003-03-03,?,?
2003-03-04,?,?
2003-03-05,?,?
2003-03-06,?,?
2003-03-07,?,?
2003-03-10,?,?
2003-03-11,?,?
2003-03-12,?,?
2003-03-13,?,?
2003-03-14,?,?
2003-03-17,?,?
2003-03-18,?,?
2003-03-19,?,?
2003-03-20,?,?
2003-03-21,?,?
2003-03-24,?,?
2003-03-25,?,?
2003-03-26,?,?
2003-03-27,?,?
2003-03-28,?,?
2003-03-31,?,?
2003-04-01,?,?
2003-04-02,?,?
2003-04-03,?,?
2003-04-04,?,?
2003-04-07,?,?
2003-04-08,?,?
2003-04-09,?,?
2003-04-10,?,?
2003-04-11,?,?
2003-04-14,?,?
2003-04-15,?,?
2003-04-16,?,?
2003-04-17,?,?
2003-04-18,?,?
2003-04-21,?,?
2003-04-22,?,?
2003-04-23,?,?
2003-04-24,?,?
2003-04-25,?,?
2003-04-28,?,?
2003-04-29,?,?
2003-04-30,?,?
2003-05-01,?,?
2003-05-02,?,?
2003-05-05,?,?
2003-05-06,?,?
2003-05-07,?,?
2003-05-08,?,?
2003-05-09,?,?
2003-05-12,?,?
2003-05-13,?,?
2003-05-14,?,?
2003-05-15,?,?
2003-05-16,?,?
2003-05-19,?,?
2003-05-20,?,?
2003-05-21,?,?
2003-05-22,?,?
2003-05-23,?,?
2003-05-26,?,?
2003-05-27,?,?
2003-05-28,?,?
2003-05-29,?,?
2003-05-30,?,?
2003-06-02,?,?
2003-06-03,?,?
2003-06-04,?,?
2003-06-05,?,?
2003-06-06,?,?
2003-06-09,?,?
2003-06-10,?,?
2003-06-11,?,?
2003-06-12,?,?
2003-06-13,?,?
2003-06-16,?,?
2003-06-17,?,?
2003-06-18,?,?
2003-06-19,?,?
2003-06-20,?,?
2003-06-23,?,?
2003-06-24,?,?
2003-06-25,?,?
2003-06-26,?,?
2003-06-27,?,?
2003-06-30,?,?
2003-07-01,?,?
2003-07-02,?,?
2003-07-03,?,?
2003-07-04,?,?
2003-07-07,?,?
2003-07-08,?,?
2003-07-09,?,?
2003-07-10,?,?
2003-07-11,?,?
2003-07-14,?,?
2003-07-15,?,?
2003-07-16,?,?
2003-07-17,?,?
2003-07-18,?,?
2003-07-21,?,?
2003-07-22,?,?
2003-07-23,?,?
2003-07-24,?,?
2003-07-25,?,?
2003-07-28,?,?
2003-07-29,?,?
2003-07-30,?,?
2003-07-31,?,?
2003-08-01,?,?
2003-08-04,?,?
2003-08-05,?,?
2003-08-06,?,?
2003-08-07,?,?
2003-08-08,?,?
2003-08-11,?,?
2003-08-12,?,?
2003-08-13,?,?
2003-08-14,?,?
2003-08-15,?,?
2003-08-18,?,?
2003-08-19,?,?
2003-08-20,?,?
2003-08-21,?,?
2003-08-22,?,?
2003-08-25,?,?
2003-08-26,?,?
2003-08-27,?,?
2003-08-28,?,?
2003-08-29,?,?
2003-09-01,?,?
2003-09-02,?,?
2003-09-03,?,?
2003-09-04,?,?
2003-09-05,?,?
2003-09-08,?,?
2003-09-09,?,?
2003-09-10,?,?
2003-09-11,?,?
2003-09-12,?,?
2003-09-15,?,?
2003-09-16,?,?
2003-09-17,?,?
2003-09-18,?,?
2003-09-19,?,?
2003-09-22,?,?
2003-09-23,?,?
2003-09-24,?,?
2003-09-25,?,?
2003-09-26,?,?
2003-09-29,?,?
2003-09-30,?,?
2003-10-01,?,?
2003-10-02,?,?
2003-10-03,?,?
2003-10-06,?,?
2003-10-07,?,?
2003-10-08,?,?
2003-10-09,?,?
2003-10-10,?,?
2003-10-13,?,?
2003-10-14,?,?
2003-10-15,?,?
2003-10-16,?,?
2003-10-17,?,?
2003-10-20,?,?
2003-10-21,?,?
2003-10-22,?,?
2003-10-23,?,?
2003-10-24,?,?
2003-10-27,?,?
2003-10-28,?,?
2003-10-29,?,?
2003-10-30,?,?
2003-10-31,?,?
2003-11-03,?,?
2003-11-04,?,?
2003-11-05,?,?
2003-11-06,?,?
2003-11-07,?,?
2003-11-10,?,?
2003-11-11,?,?
2003-11-12,?,?
2003-11-13,?,?
2003-11-14,?,?
2003-11-17,?,?
2003-11-18,?,?
2003-11-19,?,?
2003-11-20,?,?
2003-11-21,?,?
2003-11-24,?,?
2003-11-25,?,?
2003-11-26,?,?
2003-11-27,?,?
2003-11-28,?,?
2003-12-01,?,?
2003-12-02,?,?
2003-12-03,?,?
2003-12-04,?,?
2003-12-05,?,?
2003-12-08,?,?
2003-12-09,?,?
2003-12-10,?,?
2003-12-11,?,?
2003-12-12,?,?
2003-12-15,?,?
2003-12-16,?,?
2003-12-17,?,?
2003-12-18,?,?
2003-12-19,?,?
2003-12-22,?,?
2003-12-23,?,?
2003-12-24,?,?
2003-12-25,?,?
2003-12-26,?,?
2003-12-29,?,?
2003-12-30,?,?
2003-12-31,?,?
2004-01-01,?,?
2004-01-02,?,?
2004-01-05,?,?
2004-01-06,?,?
2004-01-07,?,?
2004-01-08,?,?
2004-01-09,?,?
2004-01-12,?,?
2004-01-13,?,?
2004-01-14,?,?
2004-01-15,?,?
2004-01-16,?,?
2004-01-19,?,?
2004-01-20,?,?
2004-01-21,?,?
2004-01-22,?,?
2004-01-23,?,?
2004-01-26,?,?
2004-01-27,?,?
2004-01-28,?,?
2004-01-29,?,?
2004-01-30,?,?
2004-02-02,?,?
2004-02-03,?,?
2004-02-04,?,?
2004-02-05,?,?
2004-02-06,?,?
2004-02-09,?,?
2004-02-10,?,?
2004-02-11,?,?
2004-02-12,?,?
2004-02-13,?,?
2004-02-16,?,?
2004-02-17,?,?
2004-02-18,?,?
2004-02-19,?,?
2004-02-20,?,?
2004-02-23,?,?
2004-02-24,?,?
2004-02-25,?,?
2004-02-26,?,?
2004-02-27,?,?
2004-03-01,?,?
2004-03-02,?,?
2004-03-03,?,?
2004-03-04,?,?
2004-03-05,?,?
2004-03-08,?,?
2004-03-09,?,?
2004-03-10,?,?
2004-03-11,?,?
2004-03-12,?,?
2004-03-15,?,?
2004-03-16,?,?
2004-03-17,?,?
2004-03-18,?,?
2004-03-19,?,?
2004-03-22,?,?
2004-03-23,?,?
2004-03-24,?,?
2004-03-25,?,?
2004-03-26,?,?
2004-03-29,?,?
2004-03-30,?,?
2004-03-31,?,?
2004-04-01,?,?
2004-04-02,?,?
2004-04-05,?,?
2004-04-06,?,?
2004-04-07,?,?
2004-04-08,?,?
2004-04-09,?,?
2004-04-12,?,?
2004-04-13,?,?
2004-04-14,?,?
2004-04-15,?,?
2004-04-16,?,?
2004-04-19,?,?
2004-04-20,?,?
2004-04-21,?,?
2004-04-22,?,?
2004-04-23,?,?
2004-04-26,?,?
2004-04-27,?,?
2004-04-28,?,?
2004-04-29,?,?
2004-04-30,?,?
2004-05-03,?,?
2004-05-04,?,?
2004-05-05,?,?
2004-05-06,?,?
2004-05-07,?,?
2004-05-10,?,?
2004-05-11,?,?
2004-05-12,?,?
2004-05-13,?,?
2004-05-14,?,?
2004-05-17,?,?
2004-05-18,?,?
2004-05-19,?,?
2004-05-20,?,?
2004-05-21,?,?
2004-05-24,?,?
2004-05-25,?,?
2004-05-26,?,?
2004-05-27,?,?
2004-05-28,?,?
2004-05-31,?,?
2004-06-01,?,?
2004-06-02,?,?
2004-06-03,?,?
2004-06-04,?,?
2004-06-07,?,?
2004-06-08,?,?
2004-06-09,?,?
2004-06-10,?,?
2004-06-11,?,?
2004-06-14,?,?
2004-06-15,?,?
2004-06-16,?,?
2004-06-17,?,?
2004-06-18,?,?
2004-06-21,?,?
2004-06-22,?,?
2004-06-23,?,?
2004-06-24,?,?
2004-06-25,?,?
2004-06-28,?,?
2004-06-29,?,?
2004-06-30,?,?
2004-07-01,?,?
2004-07-02,?,?
2004-07-05,?,?
2004-07-06,?,?
2004-07-07,?,?
2004-07-08,?,?
2004-07-09,?,?
2004-07-12,?,?
2004-07-13,?,?
2004-07-14,?,?
2004-07-15,?,?
2004-07-16,?,?
2004-07-19,?,?
2004-07-20,?,?
2004-07-21,?,?
2004-07-22,?,?
2004-07-23,?,?
2004-07-26,?,?
2004-07-27,?,?
2004-07-28,?,?
2004-07-29,?,?
2004-07-30,?,?
2004-08-02,?,?
2004-08-03,?,?
2004-08-04,?,?
2004-08-05,?,?
2004-08-06,?,?
2004-08-09,?,?
2004-08-10,?,?
2004-08-11,?,?
2004-08-12,?,?
2004-08-13,?,?
2004-08-16,?,?
2004-08-17,?,?
2004-08-18,?,?
2004-08-19,?,?
2004-08-20,?,?
2004-08-23,?,?
2004-08-24,?,?
2004-08-25,?,?
2004-08-26,?,?
2004-08-27,?,?
2004-08-30,?,?
2004-08-31,?,?
2004-09-01,?,?
2004-09-02,?,?
2004-09-03,?,?
2004-09-06,?,?
2004-09-07,?,?
2004-09-08,?,?
2004-09-09,?,?
2004-09-10,?,?
2004-09-13,?,?
2004-09-14,?,?
2004-09-15,?,?
2004-09-16,?,?
2004-09-17,?,?
2004-09-20,?,?
2004-09-21,?,?
2004-09-22,?,?
2004-09-23,?,?
2004-09-24,?,?
2004-09-27,?,?
2004-09-28,?,?
2004-09-29,?,?
2004-09-30,?,?
2004-10-01,?,?
2004-10-04,?,?
2004-10-05,?,?
2004-10-06,?,?
2004-10-07,?,?
2004-10-08,?,?
2004-10-11,?,?
2004-10-12,?,?
2004-10-13,?,?
2004-10-14,?,?
2004-10-15,?,?
2004-10-18,?,?
2004-10-19,?,?
2004-10-20,?,?
2004-10-21,?,?
2004-10-22,?,?
2004-10-25,?,?
2004-10-26,?,?
2004-10-27,?,?
2004-10-28,?,?
2004-10-29,?,?
2004-11-01,?,?
2004-11-02,?,?
2004-11-03,?,?
2004-11-04,?,?
2004-11-05,?,?
2004-11-08,?,?
2004-11-09,?,?
2004-11-10,?,?
2004-11-11,?,?
2004-11-12,?,?
2004-11-15,?,?
2004-11-16,?,?
2004-11-17,?,?
2004-11-18,?,?
2004-11-19,?,?
2004-11-22,?,?
2004-11-23,?,?
2004-11-24,?,?
2004-11-25,?,?
2004-11-26,?,?
2004-11-29,?,?
2004-11-30,?,?
2004-12-01,?,?
2004-12-02,?,?
2004-12-03,?,?
2004-12-06,?,?
2004-12-07,?,?
2004-12-08,?,?
2004-12-09,?,?
2004-12-10,?,?
2004-12-13,?,?
2004-12-14,?,?
2004-12-15,?,?
2004-12-16,?,?
2004-12-17,?,?
2004-12-20,?,?
2004-12-21,?,?
2004-12-22,?,?
2004-12-23,?,?
2004-12-24,?,?
2004-12-27,?,?
2004-12-28,?,?
2004-12-29,?,?
2004-12-30,?,?
2004-12-31,?,?
2005-01-03,?,?
2005-01-04,?,?
2005-01-05,?,?
2005-01-06,?,?
2005-01-07,?,?
2005-01-10,?,?
2005-01-11,?,?
2005-01-12,?,?
2005-01-13,?,?
2005-01-14,?,?
2005-01-17,?,?
2005-01-18,?,?
2005-01-19,?,?
2005-01-20,?,?
2005-01-21,?,?
2005-01-24,?,?
2005-01-25,?,?
2005-01-26,?,?
2005-01-27,?,?
2005-01-28,?,?
2005-01-31,?,?
2005-02-01,?,?
2005-02-02,?,?
2005-02-03,?,?
2005-02-04,?,?
2005-02-07,?,?
2005-02-08,?,?
2005-02-09,?,?
2005-02-10,?,?
2005-02-11,?,?
2005-02-14,?,?
2005-02-15,?,?
2005-02-16,?,?
2005-02-17,?,?
2005-02-18,?,?
2005-02-21,?,?
2005-02-22,?,?
2005-02-23,?,?
2005-02-24,?,?
2005-02-25,?,?
2005-02-28,?,?
2005-03-01,?,?
2005-03-02,?,?
2005-03-03,?,?
2005-03-04,?,?
2005-03-07,?,?
2005-03-08,?,?
2005-03-09,?,?
2005-03-10,?,?
2005-03-11,?,?
2005-03-14,?,?
2005-03-15,?,?
2005-03-16,?,?
2005-03-17,?,?
2005-03-18,?,?
2005-03-21,?,?
2005-03-22,?,?
2005-03-23,?,?
2005-03-24,?,?
2005-03-25,?,?
2005-03-28,?,?
2005-03-29,?,?
2005-03-30,?,?
2005-03-31,?,?
2005-04-01,?,?
2005-04-04,?,?
2005-04-05,?,?
2005-04-06,?,?
2005-04-07,?,?
2005-04-08,?,?
2005-04-11,?,?
2005-04-12,?,?
2005-04-13,?,?
2005-04-14,?,?
2005-04-15,?,?
2005-04-18,?,?
2005-04-19,?,?
2005-04-20,?,?
2005-04-21,?,?
2005-04-22,?,?
2005-04-25,?,?
2005-04-26,?,?
2005-04-27,?,?
2005-04-28,?,?
2005-04-29,?,?
2005-05-02,?,?
2005-05-03,?,?
2005-05-04,?,?
2005-05-05,?,?
2005-05-06,?,?
2005-05-09,?,?
2005-05-10,?,?
2005-05-11,?,?
2005-05-12,?,?
2005-05-13,?,?
2005-05-16,?,?
2005-05-17,?,?
2005-05-18,?,?
2005-05-19,?,?
2005-05-20,?,?
2005-05-23,?,?
2005-05-24,?,?
2005-05-25,?,?
2005-05-26,?,?
2005-05-27,?,?
2005-05-30,?,?
2005-05-31,?,?
2005-06-01,?,?
2005-06-02,?,?
2005-06-03,?,?
2005-06-06,?,?
2005-06-07,?,?
2005-06-08,?,?
2005-06-09,?,?
2005-06-10,?,?
2005-06-13,?,?
2005-06-14,?,?
2005-06-15,?,?
2005-06-16,?,?
2005-06-17,?,?
2005-06-20,?,?
2005-06-21,?,?
2005-06-22,?,?
2005-06-23,?,?
2005-06-24,?,?
2005-06-27,?,?
2005-06-28,?,?
2005-06-29,?,?
2005-06-30,?,?
2005-07-01,?,?
2005-07-04,?,?
2005-07-05,?,?
2005-07-06,?,?
2005-07-07,?,?
2005-07-08,?,?
2005-07-11,?,?
2005-07-12,?,?
2005-07-13,?,?
2005-07-14,?,?
2005-07-15,?,?
2005-07-18,?,?
2005-07-19,?,?
2005-07-20,?,?
2005-07-21,?,?
2005-07-22,?,?
2005-07-25,?,?
2005-07-26,?,?
2005-07-27,?,?
2005-07-28,?,?
2005-07-29,?,?
2005-08-01,?,?
2005-08-02,?,?
2005-08-03,?,?
2005-08-04,?,?
2005-08-05,?,?
2005-08-08,?,?
2005-08-09,?,?
2005-08-10,?,?
2005-08-11,?,?
2005-08-12,?,?
2005-08-15,?,?
2005-08-16,?,?
2005-08-17,?,?
2005-08-18,?,?
2005-08-19,?,?
2005-08-22,?,?
2005-08-23,?,?
2005-08-24,?,?
2005-08-25,?,?
2005-08-26,?,?
2005-08-29,?,?
2005-08-30,?,?
2005-08-31,?,?
2005-09-01,?,?
2005-09-02,?,?
2005-09-05,?,?
2005-09-06,?,?
2005-09-07,?,?
2005-09-08,?,?
2005-09-09,?,?
2005-09-12,?,?
2005-09-13,?,?
2005-09-14,?,?
2005-09-15,?,?
2005-09-16,?,?
2005-09-19,?,?
2005-09-20,?,?
2005-09-21,?,?
2005-09-22,?,?
2005-09-23,?,?
2005-09-26,?,?
2005-09-27,?,?
2005-09-28,?,?
2005-09-29,?,?
2005-09-30,?,?
2005-10-03,?,?
2005-10-04,?,?
2005-10-05,?,?
2005-10-06,?,?
2005-10-07,?,?
2005-10-10,?,?
2005-10-11,?,?
2005-10-12,?,?
2005-10-13,?,?
2005-10-14,?,?
2005-10-17,?,?
2005-10-18,?,?
2005-10-19,?,?
2005-10-20,?,?
2005-10-21,?,?
2005-10-24,?,?
2005-10-25,?,?
2005-10-26,?,?
2005-10-27,?,?
2005-10-28,?,?
2005-10-31,?,?
2005-11-01,?,?
2005-11-02,?,?
2005-11-03,?,?
2005-11-04,?,?
2005-11-07,?,?
2005-11-08,?,?
2005-11-09,?,?
2005-11-10,?,?
2005-11-11,?,?
2005-11-14,?,?
2005-11-15,?,?
2005-11-16,?,?
2005-11-17,?,?
2005-11-18,?,?
2005-11-21,?,?
2005-11-22,?,?
2005-11-23,?,?
2005-11-24,?,?
2005-11-25,?,?
2005-11-28,?,?
2005-11-29,?,?
2005-11-30,?,?
2005-12-01,?,?
2005-12-02,?,?
2005-12-05,?,?
2005-12-06,?,?
2005-12-07,?,?
2005-12-08,?,?
2005-12-09,?,?
2005-12-12,?,?
2005-12-13,?,?
2005-12-14,?,?
2005-12-15,?,?
2005-12-16,?,?
2005-12-19,?,?
2005-12-20,?,?
2005-12-21,?,?
2005-12-22,?,?
2005-12-23,?,?
2005-12-26,?,?
2005-12-27,?,?
2005-12-28,?,?
2005-12-29,?,?
2005-12-30,?,?
2006-01-02,?,?
2006-01-03,?,?
2006-01-04,?,?
2006-01-05,?,?
2006-01-06,?,?
2006-01-09,?,?
2006-01-10,?,?
2006-01-11,?,?
2006-01-12,?,?
2006-01-13,?,?
2006-01-16,?,?
2006-01-17,?,?
2006-01-18,?,?
2006-01-19,?,?
2006-01-20,?,?
2006-01-23,?,?
2006-01-24,?,?
2006-01-25,?,?
2006-01-26,?,?
2006-01-27,?,?
2006-01-30,?,?
2006-01-31,?,?
2006-02-01,?,?
2006-02-02,?,?
2006-02-03,?,?
2006-02-06,?,?
2006-02-07,?,?
2006-02-08,?,?
2006-02-09,?,?
2006-02-10,?,?
2006-02-13,?,?
2006-02-14,?,?
2006-02-15,?,?
2006-02-16,?,?
2006-02-17,?,?
2006-02-20,?,?
2006-02-21,?,?
2006-02-22,?,?
2006-02-23,?,?
2006-02-24,?,?
2006-02-27,?,?
2006-02-28,?,?
2006-03-01,?,?
2006-03-02,?,?
2006-03-03,?,?
2006-03-06,?,?
2006-03-07,?,?
2006-03-08,?,?
2006-03-09,?,?
2006-03-10,?,?
2006-03-13,?,?
2006-03-14,?,?
2006-03-15,?,?
2006-03-16,?,?
2006-03-17,?,?
2006-03-20,?,?
2006-03-21,?,?
2006-03-22,?,?
2006-03-23,?,?
2006-03-24,?,?
2006-03-27,?,?
2006-03-28,?,?
2006-03-29,?,?
2006-03-30,?,?
2006-03-31,?,?
2006-04-03,?,?
2006-04-04,?,?
2006-04-05,?,?
2006-04-06,?,?
2006-04-07,?,?
2006-04-10,?,?
2006-04-11,?,?
2006-04-12,?,?
2006-04-13,?,?
2006-04-14,?,?
2006-04-17,?,?
2006-04-18,?,?
2006-04-19,?,?
2006-04-20,?,?
2006-04-21,?,?
2006-04-24,?,?
2006-04-25,?,?
2006-04-26,?,?
2006-04-27,?,?
2006-04-28,?,?
2006-05-01,?,?
2006-05-02,?,?
2006-05-03,?,?
2006-05-04,?,?
2006-05-05,?,?
2006-05-08,?,?
2006-05-09,?,?
2006-05-10,?,?
2006-05-11,?,?
2006-05-12,?,?
2006-05-15,?,?
2006-05-16,?,?
2006-05-17,?,?
2006-05-18,?,?
2006-05-19,?,?
2006-05-22,?,?
2006-05-23,?,?
2006-05-24,?,?
2006-05-25,?,?
2006-05-26,?,?
2006-05-29,?,?
2006-05-30,?,?
2006-05-31,?,?
2006-06-01,?,?
2006-06-02,?,?
2006-06-05,?,?
2006-06-06,?,?
2006-06-07,?,?
2006-06-08,?,?
2006-06-09,?,?
2006-06-12,?,?
2006-06-13,?,?
2006-06-14,?,?
2006-06-15,?,?
2006-06-16,?,?
2006-06-19,?,?
2006-06-20,?,?
2006-06-21,?,?
2006-06-22,?,?
2006-06-23,?,?
2006-06-26,?,?
2006-06-27,?,?
2006-06-28,?,?
2006-06-29,?,?
2006-06-30,?,?
2006-07-03,?,?
2006-07-04,?,?
2006-07-05,?,?
2006-07-06,?,?
2006-07-07,?,?
2006-07-10,?,?
2006-07-11,?,?
2006-07-12,?,?
2006-07-13,?,?
2006-07-14,?,?
2006-07-17,?,?
2006-07-18,?,?
2006-07-19,?,?
2006-07-20,?,?
2006-07-21,?,?
2006-07-24,?,?
2006-07-25,?,?
2006-07-26,?,?
2006-07-27,?,?
2006-07-28,?,?
2006-07-31,?,?
2006-08-01,?,?
2006-08-02,?,?
2006-08-03,?,?
2006-08-04,?,?
2006-08-07,?,?
2006-08-08,?,?
2006-08-09,?,?
2006-08-10,?,?
2006-08-11,?,?
2006-08-14,?,?
2006-08-15,?,?
2006-08-16,?,?
2006-08-17,?,?
2006-08-18,?,?
2006-08-21,?,?
2006-08-22,?,?
2006-08-23,?,?
2006-08-24,?,?
2006-08-25,?,?
2006-08-28,?,?
2006-08-29,?,?
2006-08-30,?,?
2006-08-31,?,?
2006-09-01,?,?
2006-09-04,?,?
2006-09-05,?,?
2006-09-06,?,?
2006-09-07,?,?
2006-09-08,?,?
2006-09-11,?,?
2006-09-12,?,?
2006-09-13,?,?
2006-09-14,?,?
2006-09-15,?,?
2006-09-18,?,?
2006-09-19,?,?
2006-09-20,?,?
2006-09-21,?,?
2006-09-22,?,?
2006-09-25,?,?
2006-09-26,?,?
2006-09-27,?,?
2006-09-28,?,?
2006-09-29,?,?
2006-10-02,?,?
2006-10-03,?,?
2006-10-04,?,?
2006-10-05,?,?
2006-10-06,?,?
2006-10-09,?,?
2006-10-10,?,?
2006-10-11,?,?
2006-10-12,?,?
2006-10-13,?,?
2006-10-16,?,?
2006-10-17,?,?
2006-10-18,?,?
2006-10-19,?,?
2006-10-20,?,?
2006-10-23,?,?
2006-10-24,?,?
2006-10-25,?,?
2006-10-26,?,?
2006-10-27,?,?
2006-10-30,?,?
2006-10-31,?,?
2006-11-01,?,?
2006-11-02,?,?
2006-11-03,?,?
2006-11-06,?,?
2006-11-07,?,?
2006-11-08,?,?
2006-11-09,?,?
2006-11-10,?,?
2006-11-13,?,?
2006-11-14,?,?
2006-11-15,?,?
2006-11-16,?,?
2006-11-17,?,?
2006-11-20,?,?
2006-11-21,?,?
2006-11-22,?,?
2006-11-23,?,?
2006-11-24,?,?
2006-11-27,?,?
2006-11-28,?,?
2006-11-29,?,?
2006-11-30,?,?
2006-12-01,?,?
2006-12-04,?,?
2006-12-05,?,?
2006-12-06,?,?
2006-12-07,?,?
2006-12-08,?,?
2006-12-11,?,?
2006-12-12,?,?
2006-12-13,?,?
2006-12-14,?,?
2006-12-15,?,?
2006-12-18,?,?
2006-12-19,?,?
2006-12-20,?,?
2006-12-21,?,?
2006-12-22,?,?
2006-12-25,?,?
2006-12-26,?,?
2006-12-27,?,?
2006-12-28,?,?
2006-12-29,?,?
2007-01-01,?,?
2007-01-02,?,?
2007-01-03,?,?
2007-01-04,?,?
2007-01-05,?,?
2007-01-08,?,?
2007-01-09,?,?
2007-01-10,?,?
2007-01-11,?,?
2007-01-12,?,?
2007-01-15,?,?
2007-01-16,?,?
2007-01-17,?,?
2007-01-18,?,?
2007-01-19,?,?
2007-01-22,?,?
2007-01-23,?,?
2007-01-24,?,?
2007-01-25,?,?
2007-01-26,?,?
2007-01-29,?,?
2007-01-30,?,?
2007-01-31,?,?
2007-02-01,?,?
2007-02-02,?,?
2007-02-05,?,?
2007-02-06,?,?
2007-02-07,?,?
2007-02-08,?,?
2007-02-09,?,?
2007-02-12,?,?
2007-02-13,?,?
2007-02-14,?,?
2007-02-15,?,?
2007-02-16,?,?
2007-02-19,?,?
2007-02-20,?,?
2007-02-21,?,?
2007-02-22,?,?
2007-02-23,?,?
2007-02-26,?,?
2007-02-27,?,?
2007-02-28,?,?
2007-03-01,?,?
2007-03-02,?,?
2007-03-05,?,?
2007-03-06,?,?
2007-03-07,?,?
2007-03-08,?,?
2007-03-09,?,?
2007-03-12,?,?
2007-03-13,?,?
2007-03-14,?,?
2007-03-15,?,?
2007-03-16,?,?
2007-03-19,?,?
2007-03-20,?,?
2007-03-21,?,?
2007-03-22,?,?
2007-03-23,?,?
2007-03-26,?,?
2007-03-27,?,?
2007-03-28,?,?
2007-03-29,?,?
2007-03-30,?,?
2007-04-02,?,?
2007-04-03,?,?
2007-04-04,?,?
2007-04-05,?,?
2007-04-06,?,?
2007-04-09,?,?
2007-04-10,?,?
2007-04-11,?,?
2007-04-12,?,?
2007-04-13,?,?
2007-04-16,?,?
2007-04-17,?,?
2007-04-18,?,?
2007-04-19,?,?
2007-04-20,?,?
2007-04-23,?,?
2007-04-24,?,?
2007-04-25,?,?
2007-04-26,?,?
2007-04-27,?,?
2007-04-30,?,?
2007-05-01,?,?
2007-05-02,?,?
2007-05-03,?,?
2007-05-04,?,?
2007-05-07,?,?
2007-05-08,?,?
2007-05-09,?,?
2007-05-10,?,?
2007-05-11,?,?
2007-05-14,?,?
2007-05-15,?,?
2007-05-16,?,?
2007-05-17,?,?
2007-05-18,?,?
2007-05-21,?,?
2007-05-22,?,?
2007-05-23,?,?
2007-05-24,?,?
2007-05-25,?,?
2007-05-28,?,?
2007-05-29,?,?
2007-05-30,?,?
2007-05-31,?,?
2007-06-01,?,?
2007-06-04,?,?
2007-06-05,?,?
2007-06-06,?,?
2007-06-07,?,?
2007-06-08,?,?
2007-06-11,?,?
2007-06-12,?,?
2007-06-13,?,?
2007-06-14,?,?
2007-06-15,?,?
2007-06-18,?,?
2007-06-19,?,?
2007-06-20,?,?
2007-06-21,?,?
2007-06-22,?,?
2007-06-25,?,?
2007-06-26,?,?
2007-06-27,?,?
2007-06-28,?,?
2007-06-29,?,?
2007-07-02,?,?
2007-07-03,?,?
2007-07-04,?,?
2007-07-05,?,?
2007-07-06,?,?
2007-07-09,?,?
2007-07-10,?,?
2007-07-11,?,?
2007-07-12,?,?
2007-07-13,?,?
2007-07-16,?,?
2007-07-17,?,?
2007-07-18,?,?
2007-07-19,?,?
2007-07-20,?,?
2007-07-23,?,?
2007-07-24,?,?
2007-07-25,?,?
2007-07-26,?,?
2007-07-27,?,?
2007-07-30,?,?
2007-07-31,?,?
2007-08-01,?,?
2007-08-02,?,?
2007-08-03,?,?
2007-08-06,?,?
2007-08-07,?,?
2007-08-08,?,?
2007-08-09,?,?
2007-08-10,?,?
2007-08-13,?,?
2007-08-14,?,?
2007-08-15,?,?
2007-08-16,?,?
2007-08-17,?,?
2007-08-20,?,?
2007-08-21,?,?
2007-08-22,?,?
2007-08-23,?,?
2007-08-24,?,?
2007-08-27,?,?
2007-08-28,?,?
2007-08-29,?,?
2007-08-30,?,?
2007-08-31,?,?
2007-09-03,?,?
2007-09-04,?,?
2007-09-05,?,?
2007-09-06,?,?
2007-09-07,?,?
2007-09-10,?,?
2007-09-11,?,?
2007-09-12,?,?
2007-09-13,?,?
2007-09-14,?,?
2007-09-17,?,?
2007-09-18,?,?
2007-09-19,?,?
2007-09-20,?,?
2007-09-21,?,?
2007-09-24,?,?
2007-09-25,?,?
2007-09-26,?,?
2007-09-27,?,?
2007-09-28,?,?
2007-10-01,?,?
2007-10-02,?,?
2007-10-03,?,?
2007-10-04,?,?
2007-10-05,?,?
2007-10-08,?,?
2007-10-09,?,?
2007-10-10,?,?
2007-10-11,?,?
2007-10-12,?,?
2007-10-15,?,?
2007-10-16,?,?
2007-10-17,?,?
2007-10-18,?,?
2007-10-19,?,?
2007-10-22,?,?
2007-10-23,?,?
2007-10-24,?,?
2007-10-25,?,?
2007-10-26,?,?
2007-10-29,?,?
2007-10-30,?,?
2007-10-31,?,?
2007-11-01,?,?
2007-11-02,?,?
2007-11-05,?,?
2007-11-06,?,?
2007-11-07,?,?
2007-11-08,?,?
2007-11-09,?,?
2007-11-12,?,?
2007-11-13,?,?
2007-11-14,?,?
2007-11-15,?,?
2007-11-16,?,?
2007-11-19,?,?
2007-11-20,?,?
2007-11-21,?,?
2007-11-22,?,?
2007-11-23,?,?
2007-11-26,?,?
2007-11-27,?,?
2007-11-28,?,?
2007-11-29,?,?
2007-11-30,?,?
2007-12-03,?,?
2007-12-04,?,?
2007-12-05,?,?
2007-12-06,?,?
2007-12-07,?,?
2007-12-10,?,?
2007-12-11,?,?
2007-12-12,?,?
2007-12-13,?,?
2007-12-14,?,?
2007-12-17,?,?
2007-12-18,?,?
2007-12-19,?,?
2007-12-20,?,?
2007-12-21,?,?
2007-12-24,?,?
2007-12-25,?,?
2007-12-26,?,?
2007-12-27,?,?
2007-12-28,?,?
2007-12-31,?,?
2008-01-01,?,?
2008-01-02,?,?
2008-01-03,1.7708,?
2008-01-04,1.7609,?
2008-01-07,1.7457,?
2008-01-08,1.7678,?
2008-01-09,1.7542,?
2008-01-10,1.7641,?
2008-01-11,1.7646,?
2008-01-14,1.758,?
2008-01-15,1.7426,?
2008-01-16,1.7348,?
2008-01-17,1.7663,?
2008-01-18,1.7664,?
2008-01-21,1.7736,?
2008-01-22,1.8238,?
2008-01-23,1.8338,?
2008-01-24,1.8185,?
2008-01-25,1.7963,?
2008-01-28,1.784,?
2008-01-29,1.7912,?
2008-01-30,1.7753,?
2008-01-31,1.7765,?
2008-02-01,1.7647,?
2008-02-04,1.748,?
2008-02-05,1.7407,?
2008-02-06,1.746,?
2008-02-07,1.7603,?
2008-02-08,1.771,?
2008-02-11,1.766,?
2008-02-12,1.7605,?
2008-02-13,1.7491,?
2008-02-14,1.7471,?
2008-02-15,1.7416,?
2008-02-18,1.7553,?
2008-02-19,1.7428,?
2008-02-20,1.7284,?
2008-02-21,1.7415,?
2008-02-22,1.7129,?
2008-02-25,1.7025,?
2008-02-26,1.7005,?
2008-02-27,1.6995,?
2008-02-28,1.6741,?
2008-02-29,1.6707,?
2008-03-03,1.681,?
2008-03-04,1.6907,?
2008-03-05,1.6675,?
2008-03-06,1.6749,?
2008-03-07,1.6635,?
2008-03-10,1.692,?
2008-03-11,1.6844,?
2008-03-12,1.6906,?
2008-03-13,1.6897,?
2008-03-14,1.6925,?
2008-03-17,1.6779,?
2008-03-18,1.7247,?
2008-03-19,1.7032,?
2008-03-20,1.6833,?
2008-03-21,1.7411,?
2008-03-24,1.7411,?
2008-03-25,1.7411,?
2008-03-26,1.7364,?
2008-03-27,1.7292,?
2008-03-28,1.7278,?
2008-03-31,1.7442,?
2008-04-01,1.7426,?
2008-04-02,1.753,?
2008-04-03,1.735,?
2008-04-04,1.726,?
2008-04-07,1.7144,?
2008-04-08,1.7016,?
2008-04-09,1.7056,?
2008-04-10,1.6943,?
2008-04-11,1.692,?
2008-04-14,1.691,?
2008-04-15,1.695,?
2008-04-16,1.6828,?
2008-04-17,1.6726,?
2008-04-18,1.6593,?
2008-04-21,1.655,?
2008-04-22,1.6681,?
2008-04-23,1.6615,?
2008-04-24,1.6551,?
2008-04-25,1.6575,?
2008-04-28,1.6797,?
2008-04-29,1.6642,?
2008-04-30,1.696,?
2008-05-01,1.7008,?
2008-05-02,1.7008,?
2008-05-05,1.6553,?
2008-05-06,1.6556,?
2008-05-07,1.6612,?
2008-05-08,1.6625,?
2008-05-09,1.6968,?
2008-05-12,1.7,?
2008-05-13,1.678,?
2008-05-14,1.6635,?
2008-05-15,1.6724,?
2008-05-16,1.663,?
2008-05-19,1.6462,?
2008-05-20,1.6412,?
2008-05-21,1.648,?
2008-05-22,1.6437,?
2008-05-23,1.6573,?
2008-05-26,1.6532,?
2008-05-27,1.6594,?
2008-05-28,1.6539,?
2008-05-29,1.6628,?
2008-05-30,1.6486,?
2008-06-02,1.6373,?
2008-06-03,1.632,?
2008-06-04,1.6204,?
2008-06-05,1.634,?
2008-06-06,1.6263,?
2008-06-09,1.6255,?
2008-06-10,1.6311,?
2008-06-11,1.6313,?
2008-06-12,1.6394,?
2008-06-13,1.6415,?
2008-06-16,1.6387,?
2008-06-17,1.6294,?
2008-06-18,1.6193,?
2008-06-19,1.6146,?
2008-06-20,1.6071,?
2008-06-23,1.6046,?
2008-06-24,1.6079,?
2008-06-25,1.6116,?
2008-06-26,1.604,?
2008-06-27,1.5902,?
2008-06-30,1.6054,?
2008-07-01,1.593,?
2008-07-02,1.6083,?
2008-07-03,1.5963,?
2008-07-04,1.6075,?
2008-07-07,1.6128,?
2008-07-08,1.6081,?
2008-07-09,1.6007,?
2008-07-10,1.6088,?
2008-07-11,1.609,?
2008-07-14,1.6072,?
2008-07-15,1.5975,?
2008-07-16,1.5986,?
2008-07-17,1.593,?
2008-07-18,1.5894,?
2008-07-21,1.592,?
2008-07-22,1.5842,?
2008-07-23,1.581,?
2008-07-24,1.5806,?
2008-07-25,1.5767,?
2008-07-28,1.5767,?
2008-07-29,1.5709,?
2008-07-30,1.5749,?
2008-07-31,1.5655,?
2008-08-01,1.5642,?
2008-08-04,1.5637,?
2008-08-05,1.5627,?
2008-08-06,1.5696,?
2008-08-07,1.5721,?
2008-08-08,1.5743,?
2008-08-11,1.616,?
2008-08-12,1.605,?
2008-08-13,1.619,?
2008-08-14,1.6189,?
2008-08-15,1.6088,?
2008-08-18,1.629,?
2008-08-19,1.6339,?
2008-08-20,1.6442,?
2008-08-21,1.6223,?
2008-08-22,1.6148,?
2008-08-25,1.6135,?
2008-08-26,1.6238,?
2008-08-27,1.643,?
2008-08-28,1.6225,?
2008-08-29,1.6195,?
2008-09-01,1.6336,?
2008-09-02,1.6422,?
2008-09-03,1.6552,?
2008-09-04,1.6664,?
2008-09-05,1.6783,?
2008-09-08,1.7282,?
2008-09-09,1.7025,?
2008-09-10,1.7386,?
2008-09-11,1.7851,?
2008-09-12,1.8116,?
2008-09-15,1.8029,?
2008-09-16,1.8282,?
2008-09-17,1.8185,?
2008-09-18,1.816,?
2008-09-19,1.8735,?
2008-09-22,1.846,?
2008-09-23,1.8038,?
2008-09-24,1.8125,?
2008-09-25,1.8396,?
2008-09-26,1.8527,?
2008-09-29,1.8505,?
2008-09-30,1.8897,?
2008-10-01,1.9244,?
2008-10-02,1.9053,?
2008-10-03,1.9565,?
2008-10-06,2.0537,?
2008-10-07,2.1213,?
2008-10-08,2.1715,?
2008-10-09,2.4332,?
2008-10-10,2.238,?
2008-10-13,2.3,?
2008-10-14,2.2157,?
2008-10-15,2.0548,?
2008-10-16,2.087,?
2008-10-17,2.2545,?
2008-10-20,2.1445,?
2008-10-21,2.1103,?
2008-10-22,2.152,?
2008-10-23,2.3365,?
2008-10-24,2.5263,?
2008-10-27,2.375,?
2008-10-28,2.2848,?
2008-10-29,2.201,?
2008-10-30,2.1756,?
2008-10-31,2.1113,?
2008-11-03,2.1091,?
2008-11-04,2.1912,?
2008-11-05,2.147,?
2008-11-06,2.1305,?
2008-11-07,2.1382,?
2008-11-10,2.1834,?
2008-11-11,2.1189,?
2008-11-12,2.202,?
2008-11-13,2.2733,?
2008-11-14,2.322,?
2008-11-17,2.321,?
2008-11-18,2.3024,?
2008-11-19,2.314,?
2008-11-20,2.3656,?
2008-11-21,2.4077,?
2008-11-24,2.4303,?
2008-11-25,2.3655,?
2008-11-26,2.3607,?
2008-11-27,2.3497,?
2008-11-28,2.254,?
2008-12-01,2.3342,?
2008-12-02,2.3654,?
2008-12-03,2.327,?
2008-12-04,2.4075,?
2008-12-05,2.481,?
2008-12-08,2.5461,?
2008-12-09,2.4568,?
2008-12-10,2.4805,?
2008-12-11,2.5072,?
2008-12-12,2.396,?
2008-12-15,2.3983,?
2008-12-16,2.4042,?
2008-12-17,2.389,?
2008-12-18,2.3635,?
2008-12-19,2.3518,?
2008-12-22,2.369,?
2008-12-23,2.3677,?
2008-12-24,2.3765,?
2008-12-25,2.3804,?
2008-12-26,2.3804,?
2008-12-29,2.3804,?
2008-12-30,2.367,?
2008-12-31,2.3498,?
2009-01-01,2.3307,?
2009-01-02,2.3307,?
2009-01-05,2.3407,1.7609
2009-01-06,2.328,1.7609
2009-01-07,2.214,1.7457
2009-01-08,2.205,1.7678
2009-01-09,2.2694,1.7542
2009-01-12,2.2821,1.7646
2009-01-13,2.2888,1.7646
2009-01-14,2.3213,1.758
2009-01-15,2.3228,1.7426
2009-01-16,2.3926,1.7348
2009-01-19,2.325,1.7664
2009-01-20,2.3375,1.7664
2009-01-21,2.3589,1.7736
2009-01-22,2.37,1.8238
2009-01-23,2.3305,1.8338
2009-01-26,2.3541,1.7963
2009-01-27,2.3133,1.7963
2009-01-28,2.3123,1.784
2009-01-29,2.2912,1.7912
2009-01-30,2.2725,1.7753
2009-02-02,2.3127,1.7647
2009-02-03,2.355,1.7647
2009-02-04,2.3224,1.748
2009-02-05,2.3107,1.7407
2009-02-06,2.3041,1.746
2009-02-09,2.2842,1.771
2009-02-10,2.2425,1.771
2009-02-11,2.2525,1.766
2009-02-12,2.3004,1.7605
2009-02-13,2.2963,1.7491
2009-02-16,2.2722,1.7416
2009-02-17,2.2685,1.7416
2009-02-18,2.305,1.7553
2009-02-19,2.3285,1.7428
2009-02-20,2.3235,1.7284
2009-02-23,2.3803,1.7129
2009-02-24,2.38,1.7129
2009-02-25,2.3943,1.7025
2009-02-26,2.384,1.7005
2009-02-27,2.3583,1.6995
2009-03-02,2.38,1.6707
2009-03-03,2.4142,1.681
2009-03-04,2.4152,1.6907
2009-03-05,2.4032,1.6675
2009-03-06,2.3858,1.6749
2009-03-09,2.3893,1.6635
2009-03-10,2.3861,1.692
2009-03-11,2.3627,1.6844
2009-03-12,2.326,1.6906
2009-03-13,2.3255,1.6897
2009-03-16,2.2928,1.6925
2009-03-17,2.2777,1.6779
2009-03-18,2.2812,1.7247
2009-03-19,2.2835,1.7032
2009-03-20,2.2401,1.6833
2009-03-23,2.2525,1.7411
2009-03-24,2.2512,1.7411
2009-03-25,2.2641,1.7411
2009-03-26,2.256,1.7364
2009-03-27,2.2361,1.7292
2009-03-30,2.2699,1.7278
2009-03-31,2.32,1.7442
2009-04-01,2.3119,1.7426
2009-04-02,2.308,1.753
2009-04-03,2.2438,1.735
2009-04-06,2.2209,1.726
2009-04-07,2.212,1.7144
2009-04-08,2.241,1.7016
2009-04-09,2.21,1.7056
2009-04-10,2.1882,1.6943
2009-04-13,2.1882,1.692
2009-04-14,2.1882,1.691
2009-04-15,2.1738,1.695
2009-04-16,2.2184,1.6828
2009-04-17,2.1803,1.6726
2009-04-20,2.1723,1.6593
2009-04-21,2.2182,1.655
2009-04-22,2.2465,1.6681
2009-04-23,2.2296,1.6615
2009-04-24,2.2013,1.6551
2009-04-27,2.1927,1.6575
2009-04-28,2.2187,1.6797
2009-04-29,2.2384,1.6642
2009-04-30,2.184,1.696
2009-05-01,2.1733,1.7008
2009-05-04,2.1733,1.7008
2009-05-05,2.1633,1.6553
2009-05-06,2.1144,1.6556
2009-05-07,2.143,1.6612
2009-05-08,2.0998,1.6625
2009-05-11,2.0906,1.6968
2009-05-12,2.0739,1.7
2009-05-13,2.0492,1.678
2009-05-14,2.0824,1.6635
2009-05-15,2.1204,1.6724
2009-05-18,2.0957,1.663
2009-05-19,2.0911,1.6462
2009-05-20,2.054,1.6412
2009-05-21,2.0321,1.648
2009-05-22,2.0357,1.6437
2009-05-25,2.0222,1.6573
2009-05-26,2.0216,1.6532
2009-05-27,2.0361,1.6594
2009-05-28,2.0136,1.6539
2009-05-29,2.0306,1.6628
2009-06-01,2.0088,1.6486
2009-06-02,1.9516,1.6373
2009-06-03,1.9439,1.632
2009-06-04,1.9333,1.6204
2009-06-05,1.9662,1.634
2009-06-08,1.9288,1.6263
2009-06-09,1.9752,1.6255
2009-06-10,1.9403,1.6311
2009-06-11,1.9243,1.6313
2009-06-12,1.9507,1.6394
2009-06-15,1.9351,1.6415
2009-06-16,1.9387,1.6387
2009-06-17,1.9357,1.6294
2009-06-18,1.9817,1.6193
2009-06-19,1.9769,1.6146
2009-06-22,1.9613,1.6071
2009-06-23,1.9925,1.6046
2009-06-24,2.014,1.6079
2009-06-25,1.9711,1.6116
2009-06-26,1.9633,1.604
2009-06-29,1.9303,1.5902
2009-06-30,1.9355,1.6054
2009-07-01,1.9435,1.593
2009-07-02,1.9415,1.6083
2009-07-03,1.9376,1.5963
2009-07-06,1.9467,1.6075
2009-07-07,1.9717,1.6128
2009-07-08,1.9489,1.6081
2009-07-09,1.9917,1.6007
2009-07-10,2.0032,1.6088
2009-07-13,2.0203,1.609
2009-07-14,1.9928,1.6072
2009-07-15,1.9682,1.5975
2009-07-16,1.9499,1.5986
2009-07-17,1.9306,1.593
2009-07-20,1.937,1.5894
2009-07-21,1.9077,1.592
2009-07-22,1.899,1.5842
2009-07-23,1.9018,1.581
2009-07-24,1.8945,1.5806
2009-07-27,1.8911,1.5767
2009-07-28,1.8887,1.5767
2009-07-29,1.8762,1.5709
2009-07-30,1.8916,1.5749
2009-07-31,1.8854,1.5655
2009-08-03,1.8731,1.5642
2009-08-04,1.8515,1.5637
2009-08-05,1.8349,1.5627
2009-08-06,1.8141,1.5696
2009-08-07,1.8183,1.5721
2009-08-10,1.8344,1.5743
2009-08-11,1.8176,1.616
2009-08-12,1.8549,1.605
2009-08-13,1.8473,1.619
2009-08-14,1.8211,1.6189
2009-08-17,1.8203,1.6088
2009-08-18,1.8758,1.629
2009-08-19,1.8638,1.6339
2009-08-20,1.8592,1.6442
2009-08-21,1.8391,1.6223
2009-08-24,1.8345,1.6148
2009-08-25,1.827,1.6135
2009-08-26,1.8356,1.6238
2009-08-27,1.8654,1.643
2009-08-28,1.8568,1.6225
2009-08-31,1.861,1.6195
2009-09-01,1.8981,1.6336
2009-09-02,1.8803,1.6422
2009-09-03,1.9021,1.6552
2009-09-04,1.8682,1.6664
2009-09-07,1.8559,1.6783
2009-09-08,1.8436,1.7282
2009-09-09,1.8266,1.7025
2009-09-10,1.8246,1.7386
2009-09-11,1.8395,1.7851
2009-09-14,1.8118,1.8116
2009-09-15,1.8321,1.8029
2009-09-16,1.8112,1.8282
2009-09-17,1.7973,1.8185
2009-09-18,1.8059,1.816
2009-09-21,1.8069,1.8735
2009-09-22,1.8164,1.846
2009-09-23,1.8083,1.8038
2009-09-24,1.7929,1.8125
2009-09-25,1.7877,1.8396
2009-09-28,1.7984,1.8527
2009-09-29,1.7928,1.8505
2009-09-30,1.7931,1.8897
2009-10-01,1.779,1.9244
2009-10-02,1.7751,1.9053
2009-10-05,1.7917,1.9565
2009-10-06,1.7711,2.0537
2009-10-07,1.7497,2.1213
2009-10-08,1.7643,2.1715
2009-10-09,1.7465,2.4332
2009-10-12,1.7429,2.238
2009-10-13,1.743,2.3
2009-10-14,1.7316,2.2157
2009-10-15,1.7145,2.0548
2009-10-16,1.7122,2.087
2009-10-19,1.7191,2.2545
2009-10-20,1.7144,2.1445
2009-10-21,1.7375,2.1103
2009-10-22,1.7554,2.152
2009-10-23,1.7332,2.3365
2009-10-26,1.716,2.5263
2009-10-27,1.7058,2.375
2009-10-28,1.7311,2.2848
2009-10-29,1.7372,2.201
2009-10-30,1.7486,2.1756
2009-11-02,1.728,2.1113
2009-11-03,1.7631,2.1091
2009-11-04,1.7672,2.1912
2009-11-05,1.7313,2.147
2009-11-06,1.7254,2.1305
2009-11-09,1.7189,2.1382
2009-11-10,1.7065,2.1834
2009-11-11,1.7162,2.1189
2009-11-12,1.7051,2.202
2009-11-13,1.7264,2.2733
2009-11-16,1.7404,2.322
2009-11-17,1.7148,2.321
2009-11-18,1.7135,2.3024
2009-11-19,1.7052,2.314
2009-11-20,1.7277,2.3656
2009-11-23,1.737,2.4077
2009-11-24,1.7242,2.4303
2009-11-25,1.723,2.3655
2009-11-26,1.7257,2.3607
2009-11-27,1.7339,2.3497
2009-11-30,1.7435,2.254
2009-12-01,1.7474,2.3342
2009-12-02,1.7338,2.3654
2009-12-03,1.7197,2.327
2009-12-04,1.7071,2.4075
2009-12-07,1.7076,2.481
2009-12-08,1.7346,2.5461
2009-12-09,1.7458,2.4568
2009-12-10,1.7574,2.4805
2009-12-11,1.7586,2.5072
2009-12-14,1.7514,2.396
2009-12-15,1.749,2.3983
2009-12-16,1.763,2.4042
2009-12-17,1.7529,2.389
2009-12-18,1.7735,2.3635
2009-12-21,1.7937,2.3518
2009-12-22,1.7759,2.369
2009-12-23,1.7836,2.3677
2009-12-24,1.7771,2.3765
2009-12-25,1.7583,2.3804
2009-12-28,1.7583,2.3804
2009-12-29,1.7351,2.3804
2009-12-30,1.7345,2.367
2009-12-31,1.739,2.3498
2010-01-01,1.7432,2.3307
2010-01-04,1.7432,2.3307
2010-01-05,1.7317,2.3407
2010-01-06,1.7184,2.328
2010-01-07,1.7339,2.214
2010-01-08,1.7456,2.205
2010-01-11,1.7468,2.2694
2010-01-12,1.7236,2.2821
2010-01-13,1.7477,2.2888
2010-01-14,1.7404,2.3213
2010-01-15,1.7662,2.3228
2010-01-18,1.7697,2.3926
2010-01-19,1.775,2.325
2010-01-20,1.7792,2.3375
2010-01-21,1.7885,2.3589
2010-01-22,1.7859,2.37
2010-01-25,1.818,2.3305
2010-01-26,1.8161,2.3541
2010-01-27,1.8351,2.3133
2010-01-28,1.847,2.3123
2010-01-29,1.8488,2.2912
2010-02-01,1.8621,2.2725
2010-02-02,1.8774,2.3127
2010-02-03,1.8442,2.355
2010-02-04,1.8345,2.3224
2010-02-05,1.8607,2.3107
2010-02-08,1.8814,2.3041
2010-02-09,1.878,2.2842
2010-02-10,1.8568,2.2425
2010-02-11,1.8494,2.2525
2010-02-12,1.8474,2.3004
2010-02-15,1.863,2.2963
2010-02-16,1.8582,2.2722
2010-02-17,1.8545,2.2685
2010-02-18,1.8318,2.305
2010-02-19,1.8343,2.3285
2010-02-22,1.8165,2.3235
2010-02-23,1.8001,2.3803
2010-02-24,1.8187,2.38
2010-02-25,1.8218,2.3943
2010-02-26,1.8295,2.384
2010-03-01,1.8216,2.3583
2010-03-02,1.8093,2.38
2010-03-03,1.7902,2.4142
2010-03-04,1.79,2.4152
2010-03-05,1.7878,2.4032
2010-03-08,1.7829,2.3858
2010-03-09,1.7768,2.3893
2010-03-10,1.7958,2.3861
2010-03-11,1.7747,2.3627
2010-03-12,1.7679,2.326
2010-03-15,1.7624,2.3255
2010-03-16,1.7643,2.2928
2010-03-17,1.7632,2.2777
2010-03-18,1.7608,2.2812
2010-03-19,1.7773,2.2835
2010-03-22,1.7938,2.2401
2010-03-23,1.8101,2.2525
2010-03-24,1.7813,2.2512
2010-03-25,1.7907,2.2641
2010-03-26,1.7934,2.256
2010-03-29,1.8216,2.2361
2010-03-30,1.8114,2.2699
2010-03-31,1.7905,2.32
2010-04-01,1.7837,2.3119
2010-04-02,1.7785,2.308
2010-04-05,1.7785,2.2438
2010-04-06,1.7785,2.2209
2010-04-07,1.7663,2.212
2010-04-08,1.7576,2.241
2010-04-09,1.7864,2.21
2010-04-12,1.7747,2.1882
2010-04-13,1.7645,2.1882
2010-04-14,1.7555,2.1882
2010-04-15,1.744,2.1738
2010-04-16,1.7529,2.2184
2010-04-19,1.7488,2.1803
2010-04-20,1.7673,2.1723
2010-04-21,1.7482,2.2182
2010-04-22,1.7517,2.2465
2010-04-23,1.7573,2.2296
2010-04-26,1.7615,2.2013
2010-04-27,1.7457,2.1927
2010-04-28,1.7515,2.2187
2010-04-29,1.7598,2.2384
2010-04-30,1.7384,2.184
2010-05-03,1.7243,2.1733
2010-05-04,1.7326,2.1733
2010-05-05,1.7413,2.1633
2010-05-06,1.7693,2.1144
2010-05-07,1.8003,2.143
2010-05-10,1.8419,2.0998
2010-05-11,1.7822,2.0906
2010-05-12,1.7867,2.0739
2010-05-13,1.7806,2.0492
2010-05-14,1.7682,2.0824
2010-05-17,1.7843,2.1204
2010-05-18,1.8069,2.0957
2010-05-19,1.7903,2.0911
2010-05-20,1.8321,2.054
2010-05-21,1.8702,2.0321
2010-05-24,1.8783,2.0357
2010-05-25,1.8629,2.0222
2010-05-26,1.901,2.0216
2010-05-27,1.8361,2.0361
2010-05-28,1.8406,2.0136
2010-05-31,1.8162,2.0306
2010-06-01,1.8155,2.0088
2010-06-02,1.8315,1.9516
2010-06-03,1.8408,1.9439
2010-06-04,1.8146,1.9333
2010-06-07,1.8314,1.9662
2010-06-08,1.859,1.9288
2010-06-09,1.865,1.9752
2010-06-10,1.8455,1.9403
2010-06-11,1.8332,1.9243
2010-06-14,1.8006,1.9507
2010-06-15,1.7953,1.9351
2010-06-16,1.8055,1.9387
2010-06-17,1.7959,1.9357
2010-06-18,1.7797,1.9817
2010-06-21,1.7782,1.9769
2010-06-22,1.7571,1.9613
2010-06-23,1.7743,1.9925
2010-06-24,1.7908,2.014
2010-06-25,1.7986,1.9711
2010-06-28,1.7796,1.9633
2010-06-29,1.7771,1.9303
2010-06-30,1.7991,1.9355
2010-07-01,1.7995,1.9435
2010-07-02,1.8119,1.9415
2010-07-05,1.7833,1.9376
2010-07-06,1.7696,1.9467
2010-07-07,1.766,1.9717
2010-07-08,1.7842,1.9489
2010-07-09,1.7612,1.9917
2010-07-12,1.762,2.0032
2010-07-13,1.7612,2.0203
2010-07-14,1.7582,1.9928
2010-07-15,1.7579,1.9682
2010-07-16,1.7558,1.9499
2010-07-19,1.7675,1.9306
2010-07-20,1.7784,1.937
2010-07-21,1.8002,1.9077
2010-07-22,1.7704,1.899
2010-07-23,1.7716,1.9018
2010-07-26,1.759,1.8945
2010-07-27,1.7695,1.8911
2010-07-28,1.7592,1.8887
2010-07-29,1.767,1.8762
2010-07-30,1.7631,1.8916
2010-08-02,1.7596,1.8854
2010-08-03,1.7473,1.8731
2010-08-04,1.7533,1.8515
2010-08-05,1.7581,1.8349
2010-08-06,1.7514,1.8141
2010-08-09,1.7549,1.8183
2010-08-10,1.7551,1.8344
2010-08-11,1.7572,1.8176
2010-08-12,1.7655,1.8549
2010-08-13,1.7783,1.8473
2010-08-16,1.7731,1.8211
2010-08-17,1.7693,1.8203
2010-08-18,1.7495,1.8758
2010-08-19,1.7511,1.8638
2010-08-20,1.7544,1.8592
2010-08-23,1.7612,1.8391
2010-08-24,1.7538,1.8345
2010-08-25,1.7788,1.827
2010-08-26,1.7699,1.8356
2010-08-27,1.76,1.8654
2010-08-30,1.7604,1.8568
2010-08-31,1.7513,1.861
2010-09-01,1.7624,1.8981
2010-09-02,1.7476,1.8803
2010-09-03,1.7429,1.9021
2010-09-06,1.7239,1.8682
2010-09-07,1.7362,1.8559
2010-09-08,1.7272,1.8436
2010-09-09,1.7279,1.8266
2010-09-10,1.7235,1.8246
2010-09-13,1.7184,1.8395
2010-09-14,1.7164,1.8118
2010-09-15,1.7127,1.8321
2010-09-16,1.7103,1.8112
2010-09-17,1.7214,1.7973
2010-09-20,1.7166,1.8059
2010-09-21,1.7138,1.8069
2010-09-22,1.7309,1.8164
2010-09-23,1.7059,1.8083
2010-09-24,1.7242,1.7929
2010-09-27,1.7168,1.7877
2010-09-28,1.708,1.7984
2010-09-29,1.7124,1.7928
2010-09-30,1.708,1.7931
2010-10-01,1.7,1.779
2010-10-04,1.6783,1.7751
2010-10-05,1.6839,1.7917
2010-10-06,1.6938,1.7711
2010-10-07,1.6681,1.7497
2010-10-08,1.6743,1.7643
2010-10-11,1.6862,1.7465
2010-10-12,1.6646,1.7429
2010-10-13,1.6704,1.743
2010-10-14,1.665,1.7316
2010-10-15,1.6462,1.7145
2010-10-18,1.6587,1.7122
2010-10-19,1.6747,1.7191
2010-10-20,1.6875,1.7144
2010-10-21,1.6738,1.7375
2010-10-22,1.6779,1.7554
2010-10-25,1.6933,1.7332
2010-10-26,1.7026,1.716
2010-10-27,1.7017,1.7058
2010-10-28,1.7059,1.7311
2010-10-29,1.7134,1.7372
2010-11-01,1.7059,1.7486
2010-11-02,1.7012,1.728
2010-11-03,1.7031,1.7631
2010-11-04,1.6916,1.7672
2010-11-05,1.6821,1.7313
2010-11-08,1.6764,1.7254
2010-11-09,1.6963,1.7189
2010-11-10,1.6951,1.7065
2010-11-11,1.7027,1.7162
2010-11-12,1.7147,1.7051
2010-11-15,1.7183,1.7264
2010-11-16,1.7221,1.7404
2010-11-17,1.7267,1.7148
2010-11-18,1.7373,1.7135
2010-11-19,1.7136,1.7052
2010-11-22,1.7157,1.7277
2010-11-23,1.7185,1.737
2010-11-24,1.733,1.7242
2010-11-25,1.7295,1.723
2010-11-26,1.7192,1.7257
2010-11-29,1.7287,1.7339
2010-11-30,1.7297,1.7435
2010-12-01,1.7213,1.7474
2010-12-02,1.7041,1.7338
2010-12-03,1.7032,1.7197
2010-12-06,1.7009,1.7071
2010-12-07,1.6871,1.7076
2010-12-08,1.6716,1.7346
2010-12-09,1.6835,1.7458
2010-12-10,1.6958,1.7574
2010-12-13,1.7044,1.7586
2010-12-14,1.7071,1.7514
2010-12-15,1.6972,1.749
2010-12-16,1.6987,1.763
2010-12-17,1.7033,1.7529
2010-12-20,1.7074,1.7735
2010-12-21,1.7088,1.7937
2010-12-22,1.6989,1.7759
2010-12-23,1.6966,1.7836
2010-12-24,1.7013,1.7771
2010-12-27,1.6914,1.7583
2010-12-28,1.6896,1.7583
2010-12-29,1.6841,1.7351
2010-12-30,1.6845,1.7345
2010-12-31,1.6703,1.739
2011-01-03,1.6597,1.7432
2011-01-04,1.6533,1.7432
2011-01-05,1.6535,1.7317
2011-01-06,1.665,1.7184
2011-01-07,1.6838,1.7339
2011-01-10,1.691,1.7456
2011-01-11,1.6909,1.7468
2011-01-12,1.6888,1.7236
2011-01-13,1.6813,1.7477
2011-01-14,1.6709,1.7404
2011-01-17,1.6873,1.7662
2011-01-18,1.6805,1.7697
2011-01-19,1.6746,1.775
2011-01-20,1.6691,1.7792
2011-01-21,1.6709,1.7885
2011-01-24,1.6718,1.7859
2011-01-25,1.6725,1.818
2011-01-26,1.6721,1.8161
2011-01-27,1.6681,1.8351
2011-01-28,1.669,1.847
2011-01-31,1.6763,1.8488
2011-02-01,1.677,1.8621
2011-02-02,1.6659,1.8774
2011-02-03,1.6651,1.8442
2011-02-04,1.6673,1.8345
2011-02-07,1.6666,1.8607
2011-02-08,1.6751,1.8814
2011-02-09,1.6758,1.878
2011-02-10,1.6684,1.8568
2011-02-11,1.6708,1.8494
2011-02-14,1.6701,1.8474
2011-02-15,1.6695,1.863
2011-02-16,1.6673,1.8582
2011-02-17,1.6685,1.8545
2011-02-18,1.6721,1.8318
2011-02-21,1.6669,1.8343
2011-02-22,1.6645,1.8165
2011-02-23,1.6688,1.8001
2011-02-24,1.6685,1.8187
2011-02-25,1.6684,1.8218
2011-02-28,1.6606,1.8295
2011-03-01,1.6577,1.8216
2011-03-02,1.663,1.8093
2011-03-03,1.662,1.7902
2011-03-04,1.6596,1.79
2011-03-07,1.65,1.7878
2011-03-08,1.6546,1.7829
2011-03-09,1.6545,1.7768
2011-03-10,1.6541,1.7958
2011-03-11,1.6588,1.7747
2011-03-14,1.6638,1.7679
2011-03-15,1.664,1.7624
2011-03-16,1.6752,1.7643
2011-03-17,1.6615,1.7632
2011-03-18,1.6686,1.7608
2011-03-21,1.6691,1.7773
2011-03-22,1.6621,1.7938
2011-03-23,1.6646,1.8101
2011-03-24,1.6636,1.7813
2011-03-25,1.6571,1.7907
2011-03-28,1.6588,1.7934
2011-03-29,1.6592,1.8216
2011-03-30,1.6615,1.8114
2011-03-31,1.6414,1.7905
2011-04-01,1.623,1.7837
2011-04-04,1.6278,1.7785
2011-04-05,1.6148,1.7785
2011-04-06,1.612,1.7785
2011-04-07,1.6042,1.7663
2011-04-08,1.5992,1.7576
2011-04-11,1.5707,1.7864
2011-04-12,1.5734,1.7747
2011-04-13,1.5798,1.7645
2011-04-14,1.5869,1.7555
2011-04-15,1.5911,1.744
2011-04-18,1.5777,1.7529
2011-04-19,1.5854,1.7488
2011-04-20,1.5835,1.7673
2011-04-21,1.5639,1.7482
2011-04-22,1.5649,1.7517
2011-04-25,1.5649,1.7573
2011-04-26,1.5649,1.7615
2011-04-27,1.5654,1.7457
2011-04-28,1.5617,1.7515
2011-04-29,1.5748,1.7598
2011-05-02,1.579,1.7384
2011-05-03,1.5737,1.7243
2011-05-04,1.5922,1.7326
2011-05-05,1.5844,1.7413
2011-05-06,1.6139,1.7693
2011-05-09,1.6176,1.8003
2011-05-10,1.6092,1.8419
2011-05-11,1.6115,1.7822
2011-05-12,1.6091,1.7867
2011-05-13,1.6291,1.7806
2011-05-16,1.6176,1.7682
2011-05-17,1.63,1.7843
2011-05-18,1.6318,1.8069
2011-05-19,1.6192,1.7903
2011-05-20,1.6081,1.8321
2011-05-23,1.6211,1.8702
2011-05-24,1.634,1.8783
2011-05-25,1.6267,1.8629
2011-05-26,1.6305,1.901
2011-05-27,1.6242,1.8361
2011-05-30,1.611,1.8406
2011-05-31,1.5942,1.8162
2011-06-01,1.5821,1.8155
2011-06-02,1.5779,1.8315
2011-06-03,1.5879,1.8408
2011-06-06,1.5779,1.8146
2011-06-07,1.5832,1.8314
2011-06-08,1.5779,1.859
2011-06-09,1.5871,1.865
2011-06-10,1.5799,1.8455
2011-06-13,1.5861,1.8332
2011-06-14,1.5932,1.8006
2011-06-15,1.583,1.7953
2011-06-16,1.5895,1.8055
2011-06-17,1.6117,1.7959
2011-06-20,1.6006,1.7797
2011-06-21,1.6065,1.7782
2011-06-22,1.5912,1.7571
2011-06-23,1.5867,1.7743
2011-06-24,1.5909,1.7908
2011-06-27,1.5968,1.7986
2011-06-28,1.6015,1.7796
2011-06-29,1.594,1.7771
2011-06-30,1.5728,1.7991
2011-07-01,1.5638,1.7995
2011-07-04,1.5611,1.8119
2011-07-05,1.5592,1.7833
2011-07-06,1.5608,1.7696
2011-07-07,1.5711,1.766
2011-07-08,1.5681,1.7842
2011-07-11,1.5598,1.7612
2011-07-12,1.5834,1.762
2011-07-13,1.5819,1.7612
2011-07-14,1.5761,1.7582
2011-07-15,1.5729,1.7579
2011-07-18,1.5752,1.7558
2011-07-19,1.5812,1.7675
2011-07-20,1.5715,1.7784
2011-07-21,1.563,1.8002
2011-07-22,1.5601,1.7704
2011-07-25,1.5535,1.7716
2011-07-26,1.5515,1.759
2011-07-27,1.5347,1.7695
2011-07-28,1.5543,1.7592
2011-07-29,1.5622,1.767
2011-08-01,1.573,1.7631
2011-08-02,1.5467,1.7596
2011-08-03,1.573,1.7473
2011-08-04,1.5615,1.7533
2011-08-05,1.5681,1.7581
2011-08-08,1.5874,1.7514
2011-08-09,1.598,1.7549
2011-08-10,1.6218,1.7551
2011-08-11,1.6017,1.7572
2011-08-12,1.6306,1.7655
2011-08-15,1.6166,1.7783
2011-08-16,1.6058,1.7731
2011-08-17,1.6024,1.7693
2011-08-18,1.5804,1.7495
2011-08-19,1.5976,1.7511
2011-08-22,1.5939,1.7544
2011-08-23,1.5955,1.7612
2011-08-24,1.5981,1.7538
2011-08-25,1.6027,1.7788
2011-08-26,1.6135,1.7699
2011-08-29,1.6098,1.76
2011-08-30,1.5975,1.7604
2011-08-31,1.5979,1.7513
2011-09-01,1.601,1.7624
2011-09-02,1.6027,1.7476
2011-09-05,1.6254,1.7429
2011-09-06,1.6528,1.7239
2011-09-07,1.6461,1.7362
2011-09-08,1.6568,1.7272
2011-09-09,1.6534,1.7279
2011-09-12,1.668,1.7235
2011-09-13,1.6881,1.7184
2011-09-14,1.7127,1.7164
2011-09-15,1.713,1.7127
2011-09-16,1.7166,1.7103
2011-09-19,1.7224,1.7214
2011-09-20,1.7532,1.7166
2011-09-21,1.7788,1.7138
2011-09-22,1.8115,1.7309
2011-09-23,1.8506,1.7059
2011-09-26,1.9111,1.7242
2011-09-27,1.8214,1.7168
2011-09-28,1.8052,1.708
2011-09-29,1.8072,1.7124
2011-09-30,1.8358,1.708
2011-10-03,1.8564,1.7
2011-10-04,1.8927,1.6783
2011-10-05,1.8985,1.6839
2011-10-06,1.8572,1.6938
2011-10-07,1.8351,1.6681
2011-10-10,1.7825,1.6743
2011-10-11,1.7452,1.6862
2011-10-12,1.7726,1.6646
2011-10-13,1.777,1.6704
2011-10-14,1.7642,1.665
2011-10-17,1.7413,1.6462
2011-10-18,1.7482,1.6587
2011-10-19,1.7792,1.6747
2011-10-20,1.7559,1.6875
2011-10-21,1.7685,1.6738
2011-10-24,1.7856,1.6779
2011-10-25,1.779,1.6933
2011-10-26,1.7417,1.7026
2011-10-27,1.7562,1.7017
2011-10-28,1.7339,1.7059
2011-10-31,1.7007,1.7134
2011-11-01,1.689,1.7059
2011-11-02,1.7572,1.7012
2011-11-03,1.738,1.7031
2011-11-04,1.7189,1.6916
2011-11-07,1.7394,1.6821
2011-11-08,1.7481,1.6764
2011-11-09,1.7441,1.6963
2011-11-10,1.7504,1.6951
2011-11-11,1.7607,1.7027
2011-11-14,1.755,1.7147
2011-11-15,1.7629,1.7183
2011-11-16,1.7665,1.7221
2011-11-17,1.7775,1.7267
2011-11-18,1.7804,1.7373
2011-11-21,1.771,1.7136
2011-11-22,1.8024,1.7157
2011-11-23,1.805,1.7185
2011-11-24,1.8437,1.733
2011-11-25,1.8583,1.7295
2011-11-28,1.8994,1.7192
2011-11-29,1.8637,1.7287
2011-11-30,1.8462,1.7297
2011-12-01,1.8141,1.7213
2011-12-02,1.7928,1.7041
2011-12-05,1.7854,1.7032
2011-12-06,1.7822,1.7009
2011-12-07,1.7915,1.6871
2011-12-08,1.7955,1.6716
2011-12-09,1.7893,1.6835
2011-12-12,1.8113,1.6958
2011-12-13,1.8163,1.7044
2011-12-14,1.843,1.7071
2011-12-15,1.8683,1.6972
2011-12-16,1.8608,1.6987
2011-12-19,1.8436,1.7033
2011-12-20,1.8615,1.7074
2011-12-21,1.8589,1.7088
2011-12-22,1.8556,1.6989
2011-12-23,1.8562,1.6966
2011-12-26,1.856,1.7013
2011-12-27,1.856,1.6914
2011-12-28,1.8573,1.6896
2011-12-29,1.8608,1.6841
2011-12-30,1.8776,1.6845
2012-01-02,1.8671,1.6703
2012-01-03,1.8692,1.6597
2012-01-04,1.8495,1.6533
2012-01-05,1.8309,1.6535
2012-01-06,1.8353,1.665
2012-01-09,1.8412,1.6838
2012-01-10,1.8445,1.691
2012-01-11,1.7981,1.6909
2012-01-12,1.8035,1.6888
2012-01-13,1.7898,1.6813
2012-01-16,1.7806,1.6709
2012-01-17,1.7838,1.6873
2012-01-18,1.7718,1.6805
2012-01-19,1.7791,1.6746
2012-01-20,1.7662,1.6691
2012-01-23,1.7675,1.6709
2012-01-24,1.7535,1.6718
2012-01-25,1.7629,1.6725
2012-01-26,1.764,1.6721
2012-01-27,1.7382,1.6681
2012-01-30,1.7423,1.669
2012-01-31,1.7482,1.6763
2012-02-01,1.7375,1.677
2012-02-02,1.7387,1.6659
2012-02-03,1.7338,1.6651
2012-02-06,1.7254,1.6673
2012-02-07,1.729,1.6666
2012-02-08,1.7262,1.6751
2012-02-09,1.7216,1.6758
2012-02-10,1.722,1.6684
2012-02-13,1.7262,1.6708
2012-02-14,1.717,1.6701
2012-02-15,1.7187,1.6695
2012-02-16,1.7167,1.6673
2012-02-17,1.7372,1.6685
2012-02-20,1.7137,1.6721
2012-02-21,1.7135,1.6669
2012-02-22,1.7146,1.6645
2012-02-23,1.7174,1.6688
2012-02-24,1.7029,1.6685
2012-02-27,1.7106,1.6684
2012-02-28,1.7092,1.6606
2012-02-29,1.7001,1.6606
2012-03-01,1.7014,1.6577
2012-03-02,1.7192,1.663
2012-03-05,1.7184,1.6596
2012-03-06,1.728,1.6596
2012-03-07,1.7492,1.65
2012-03-08,1.769,1.6546
2012-03-09,1.7594,1.6545
2012-03-12,1.7669,1.6588
2012-03-13,1.81,1.6588
2012-03-14,1.8211,1.6638
2012-03-15,1.8078,1.664
2012-03-16,1.7974,1.6752
2012-03-19,1.8006,1.6686
2012-03-20,1.8096,1.6686
2012-03-21,1.8269,1.6691
2012-03-22,1.8242,1.6621
2012-03-23,1.8228,1.6646
2012-03-26,1.8206,1.6571
2012-03-27,1.8094,1.6571
2012-03-28,1.8204,1.6588
2012-03-29,1.8191,1.6592
2012-03-30,1.8321,1.6615
2012-04-02,1.8211,1.623
2012-04-03,1.8275,1.623
2012-04-04,1.8282,1.6278
2012-04-05,1.8308,1.6148
2012-04-06,1.8321,1.612
2012-04-09,1.8321,1.5992
2012-04-10,1.8321,1.5992
2012-04-11,1.8176,1.5707
2012-04-12,1.8329,1.5734
2012-04-13,1.8304,1.5798
2012-04-16,1.8304,1.5911
2012-04-17,1.8401,1.5911
2012-04-18,1.845,1.5777
2012-04-19,1.8612,1.5854
2012-04-20,1.887,1.5835
2012-04-23,1.8783,1.5649
2012-04-24,1.8819,1.5649
2012-04-25,1.879,1.5649
2012-04-26,1.8767,1.5649
2012-04-27,1.8822,1.5654
2012-04-30,1.8834,1.5748
2012-05-01,1.8859,1.5748
2012-05-02,1.8859,1.579
2012-05-03,1.9119,1.5737
2012-05-04,1.931,1.5922
2012-05-07,1.9119,1.6139
2012-05-08,1.9257,1.6139
2012-05-09,1.9263,1.6176
2012-05-10,1.9565,1.6092
2012-05-11,1.964,1.6115
2012-05-14,1.955,1.6291
2012-05-15,1.976,1.6291
2012-05-16,1.9886,1.6176
2012-05-17,1.9905,1.63
2012-05-18,2.006,1.6318
2012-05-21,1.9948,1.6081
2012-05-22,2.0268,1.6081
2012-05-23,2.0412,1.6211
2012-05-24,2.0892,1.634
2012-05-25,2.0359,1.6267
2012-05-28,2.0273,1.6242
2012-05-29,1.9756,1.6242
2012-05-30,1.984,1.611
2012-05-31,2.0036,1.5942
2012-06-01,2.0104,1.5821
2012-06-04,2.0306,1.5879
2012-06-05,2.0413,1.5879
2012-06-06,2.0519,1.5779
2012-06-07,2.0176,1.5832
2012-06-08,2.0291,1.5779
2012-06-11,2.0334,1.5799
2012-06-12,2.0209,1.5799
2012-06-13,2.0536,1.5861
2012-06-14,2.057,1.5932
2012-06-15,2.0645,1.583
2012-06-18,2.0581,1.6117
2012-06-19,2.0501,1.6117
2012-06-20,2.0483,1.6006
2012-06-21,2.0231,1.6065
2012-06-22,2.0299,1.5912
2012-06-25,2.058,1.5909
2012-06-26,2.0766,1.5909
2012-06-27,2.0656,1.5968
2012-06-28,2.0716,1.6015
2012-06-29,2.0855,1.594
2012-07-02,2.0483,1.5638
2012-07-03,2.0128,1.5638
2012-07-04,1.9825,1.5611
2012-07-05,2.0193,1.5592
2012-07-06,2.0212,1.5608
2012-07-09,2.0221,1.5681
2012-07-10,2.0294,1.5681
2012-07-11,2.0321,1.5598
2012-07-12,2.0309,1.5834
2012-07-13,2.047,1.5819
2012-07-16,2.0353,1.5729
2012-07-17,2.0408,1.5729
2012-07-18,2.0329,1.5752
2012-07-19,2.0235,1.5812
2012-07-20,2.0189,1.5715
2012-07-23,2.0193,1.5601
2012-07-24,2.0403,1.5601
2012-07-25,2.044,1.5535
2012-07-26,2.0387,1.5515
2012-07-27,2.0233,1.5347
2012-07-30,2.0196,1.5622
2012-07-31,2.0274,1.5622
2012-08-01,2.0447,1.573
2012-08-02,2.0508,1.5467
2012-08-03,2.0358,1.573
2012-08-06,2.0431,1.5681
2012-08-07,2.0301,1.5681
2012-08-08,2.0267,1.5874
2012-08-09,2.0349,1.598
2012-08-10,2.0253,1.6218
2012-08-13,2.0202,1.6306
2012-08-14,2.0224,1.6306
2012-08-15,2.0195,1.6166
2012-08-16,2.0261,1.6058
2012-08-17,2.0211,1.6024
2012-08-20,2.0222,1.5976
2012-08-21,2.0176,1.5976
2012-08-22,2.0087,1.5939
2012-08-23,2.0179,1.5955
2012-08-24,2.0187,1.5981
2012-08-27,2.0306,1.6135
2012-08-28,2.0267,1.6135
2012-08-29,2.037,1.6098
2012-08-30,2.0515,1.5975
2012-08-31,2.0518,1.5979
2012-09-03,2.0462,1.6027
2012-09-04,2.0292,1.6027
2012-09-05,2.031,1.6254
2012-09-06,2.0429,1.6528
2012-09-07,2.038,1.6461
2012-09-10,2.0281,1.6534
2012-09-11,2.0231,1.6534
2012-09-12,2.0217,1.668
2012-09-13,2.0189,1.6881
2012-09-14,2.0287,1.7127
2012-09-17,2.0184,1.7166
2012-09-18,2.0183,1.7166
2012-09-19,2.0325,1.7224
2012-09-20,2.0241,1.7532
2012-09-21,2.029,1.7788
2012-09-24,2.0241,1.8506
2012-09-25,2.0266,1.8506
2012-09-26,2.0254,1.9111
2012-09-27,2.0333,1.8214
2012-09-28,2.0301,1.8052
2012-10-01,2.0288,1.8358
2012-10-02,2.0267,1.8358
2012-10-03,2.0243,1.8564
2012-10-04,2.0263,1.8927
2012-10-05,2.0214,1.8985
2012-10-08,2.0195,1.8351
2012-10-09,2.0333,1.8351
2012-10-10,2.0296,1.7825
2012-10-11,2.0327,1.7452
2012-10-12,2.0389,1.7726
2012-10-15,2.0376,1.7642
2012-10-16,2.0399,1.7642
2012-10-17,2.0339,1.7413
2012-10-18,2.0332,1.7482
2012-10-19,2.0301,1.7792
2012-10-22,2.0284,1.7685
2012-10-23,2.0285,1.7685
2012-10-24,2.0279,1.7856
2012-10-25,2.0254,1.779
2012-10-26,2.0276,1.7417
2012-10-29,2.0257,1.7339
2012-10-30,2.0289,1.7339
2012-10-31,2.0316,1.7007
2012-11-01,2.031,1.689
2012-11-02,2.031,1.7572
2012-11-05,2.0316,1.7189
2012-11-06,2.0348,1.7189
2012-11-07,2.0338,1.7394
2012-11-08,2.0329,1.7481
2012-11-09,2.035,1.7441
2012-11-12,2.0596,1.7607
2012-11-13,2.0458,1.7607
2012-11-14,2.0625,1.755
2012-11-15,2.0651,1.7629
2012-11-16,2.0643,1.7665
2012-11-19,2.0707,1.7804
2012-11-20,2.076,1.7804
2012-11-21,2.0804,1.771
2012-11-22,2.0917,1.8024
2012-11-23,2.091,1.805
2012-11-26,2.1119,1.8583
2012-11-27,2.0774,1.8583
2012-11-28,2.0738,1.8994
2012-11-29,2.0904,1.8637
2012-11-30,2.0982,1.8462
2012-12-03,2.1093,1.7928
2012-12-04,2.1044,1.7928
2012-12-05,2.1062,1.7854
2012-12-06,2.1057,1.7822
2012-12-07,2.0807,1.7915
2012-12-10,2.0814,1.7893
2012-12-11,2.0787,1.7893
2012-12-12,2.0743,1.8113
2012-12-13,2.0791,1.8163
2012-12-14,2.0743,1.843
2012-12-17,2.0827,1.8608
2012-12-18,2.0897,1.8608
2012-12-19,2.094,1.8436
2012-12-20,2.0807,1.8615
2012-12-21,2.0616,1.8589
2012-12-24,2.0713,1.8562
2012-12-25,2.0795,1.8562
2012-12-26,2.0795,1.856
2012-12-27,2.0795,1.856
2012-12-28,2.0493,1.8573
2012-12-31,2.0426,1.8776
2013-01-01,2.0491,1.8776
2013-01-02,2.0491,1.8671
2013-01-03,2.0412,1.8692
2013-01-04,2.0476,1.8495
2013-01-07,2.0439,1.8353
2013-01-08,2.0303,1.8353
2013-01-09,2.0238,1.8412
2013-01-10,2.0375,1.8445
2013-01-11,2.0377,1.7981
2013-01-14,2.035,1.7898
2013-01-15,2.0349,1.7898
2013-01-16,2.0377,1.7806
2013-01-17,2.0398,1.7838
2013-01-18,2.0417,1.7718
2013-01-21,2.0437,1.7662
2013-01-22,2.0414,1.7662
2013-01-23,2.0484,1.7675
2013-01-24,2.0409,1.7535
2013-01-25,2.0354,1.7629
2013-01-28,2.0298,1.7382
2013-01-29,2.0352,1.7382
2013-01-30,1.9931,1.7423
2013-01-31,1.9887,1.7482
2013-02-01,1.9846,1.7375
2013-02-04,1.9854,1.7338
2013-02-05,1.9905,1.7338
2013-02-06,1.9897,1.7254
2013-02-07,1.9878,1.729
2013-02-08,1.9844,1.7262
2013-02-11,1.9581,1.722
2013-02-12,1.9736,1.722
2013-02-13,1.9725,1.7262
2013-02-14,1.971,1.717
2013-02-15,1.9674,1.7187
2013-02-18,1.9568,1.7372
2013-02-19,1.9682,1.7372
2013-02-20,1.9604,1.7137
2013-02-21,1.9555,1.7135
2013-02-22,1.9669,1.7146
2013-02-25,1.9672,1.7029
2013-02-26,1.965,1.7029
2013-02-27,1.9823,1.7106
2013-02-28,1.9814,1.7092
2013-03-01,1.9705,1.7014
2013-03-04,1.9865,1.7192
2013-03-05,1.9842,1.7184
2013-03-06,1.9702,1.728
2013-03-07,1.9663,1.7492
2013-03-08,1.9686,1.769
2013-03-11,1.954,1.7594
2013-03-12,1.9457,1.7669
2013-03-13,1.955,1.81
2013-03-14,1.9598,1.8211
2013-03-15,1.968,1.8078
2013-03-18,1.9704,1.7974
2013-03-19,1.9875,1.8006
2013-03-20,1.9806,1.8096
2013-03-21,1.9815,1.8269
2013-03-22,1.9927,1.8242
2013-03-25,2.0136,1.8228
2013-03-26,2.0124,1.8206
2013-03-27,2.0134,1.8094
2013-03-28,2.0237,1.8204
2013-03-29,2.0073,1.8191
2013-04-01,2.0073,1.8321
2013-04-02,2.0073,1.8211
2013-04-03,2.0181,1.8275
2013-04-04,2.02,1.8282
2013-04-05,2.0204,1.8308
2013-04-08,2.0133,1.8321
2013-04-09,1.979,1.8321
2013-04-10,1.9897,1.8321
2013-04-11,1.9844,1.8176
2013-04-12,1.9724,1.8329
2013-04-15,1.9788,1.8304
2013-04-16,1.9765,1.8304
2013-04-17,1.9867,1.8401
2013-04-18,1.9875,1.845
2013-04-19,2.009,1.8612
2013-04-22,2.0128,1.887
2013-04-23,2.0125,1.8783
2013-04-24,2.022,1.8819
2013-04-25,2.0235,1.879
2013-04-26,2.0081,1.8767
2013-04-29,2.0005,1.8822
2013-04-30,1.9913,1.8834
2013-05-01,2.007,1.8859
2013-05-02,2.007,1.8859
2013-05-03,2.0033,1.9119
2013-05-06,2.0081,1.931
2013-05-07,2.0121,1.9119
2013-05-08,2.0122,1.9257
2013-05-09,2.0059,1.9263
2013-05-10,2.0055,1.9565
2013-05-13,2.0206,1.964
2013-05-14,2.0155,1.955
2013-05-15,2.0076,1.976
2013-05-16,2.0209,1.9886
2013-05-17,2.0288,1.9905
2013-05-20,2.0281,2.006
2013-05-21,2.0333,1.9948
2013-05-22,2.0436,2.0268
2013-05-23,2.0385,2.0412
2013-05-24,2.0533,2.0892
2013-05-27,2.0458,2.0359
2013-05-28,2.0513,2.0273
2013-05-29,2.0535,1.9756
2013-05-30,2.0743,1.984
2013-05-31,2.0759,2.0036
2013-06-03,2.127,2.0104
2013-06-04,2.1335,2.0306
2013-06-05,2.1195,2.0413
2013-06-06,2.1032,2.0519
2013-06-07,2.123,2.0176
2013-06-10,2.1432,2.0291
2013-06-11,2.1413,2.0334
2013-06-12,2.1579,2.0209
2013-06-13,2.1272,2.0536
2013-06-14,2.1413,2.057
2013-06-17,2.1275,2.0645
2013-06-18,2.1486,2.0581
2013-06-19,2.1836,2.0501
2013-06-20,2.1787,2.0483
2013-06-21,2.2359,2.0231
2013-06-24,2.2562,2.0299
2013-06-25,2.26,2.058
2013-06-26,2.2072,2.0766
2013-06-27,2.2135,2.0656
2013-06-28,2.1808,2.0716
2013-07-01,2.2094,2.0855
2013-07-02,2.2264,2.0483
2013-07-03,2.2418,2.0128
2013-07-04,2.2668,1.9825
2013-07-05,2.2668,2.0193
2013-07-08,2.25,2.0212
2013-07-09,2.2503,2.0221
2013-07-10,2.2622,2.0294
2013-07-11,2.2625,2.0321
2013-07-12,2.2577,2.0309
2013-07-15,2.2665,2.047
2013-07-16,2.2684,2.0353
2013-07-17,2.2124,2.0408
2013-07-18,2.2586,2.0329
2013-07-19,2.2403,2.0235
2013-07-22,2.223,2.0189
2013-07-23,2.2404,2.0193
2013-07-24,2.2388,2.0403
2013-07-25,2.2192,2.044
2013-07-26,2.2505,2.0387
2013-07-29,2.2446,2.0233
2013-07-30,2.2566,2.0196
2013-07-31,2.2748,2.0274
2013-08-01,2.2847,2.0447
2013-08-02,2.2731,2.0508
2013-08-05,2.311,2.0358
2013-08-06,2.2872,2.0431
2013-08-07,2.3005,2.0301
2013-08-08,2.303,2.0267
2013-08-09,2.3024,2.0349
2013-08-12,2.2782,2.0253
2013-08-13,2.2781,2.0202
2013-08-14,2.2937,2.0224
2013-08-15,2.3096,2.0195
2013-08-16,2.3226,2.0261
2013-08-19,2.347,2.0211
2013-08-20,2.4099,2.0222
2013-08-21,2.3963,2.0176
2013-08-22,2.4025,2.0087
2013-08-23,2.4404,2.0179
2013-08-26,2.4005,2.0187
2013-08-27,2.3661,2.0306
2013-08-28,2.4124,2.0267
2013-08-29,2.3871,2.037
2013-08-30,2.3475,2.0515
2013-09-02,2.3515,2.0518
2013-09-03,2.3667,2.0462
2013-09-04,2.3985,2.0292
2013-09-05,2.3448,2.031
2013-09-06,2.3704,2.0429
2013-09-09,2.3172,2.038
2013-09-10,2.3027,2.0281
2013-09-11,2.2664,2.0231
2013-09-12,2.2778,2.0217
2013-09-13,2.2822,2.0189
2013-09-16,2.2797,2.0287
2013-09-17,2.2525,2.0184
2013-09-18,2.2758,2.0183
2013-09-19,2.2519,2.0325
2013-09-20,2.1857,2.0241
2013-09-23,2.2147,2.029
2013-09-24,2.2091,2.0241
2013-09-25,2.2098,2.0266
2013-09-26,2.2106,2.0254
2013-09-27,2.2249,2.0333
2013-09-30,2.2597,2.0301
2013-10-01,2.2515,2.0288
2013-10-02,2.2213,2.0267
2013-10-03,2.2144,2.0243
2013-10-04,2.2049,2.0263
2013-10-07,2.2016,2.0214
2013-10-08,2.2195,2.0195
2013-10-09,2.1985,2.0333
2013-10-10,2.205,2.0296
2013-10-11,2.1964,2.0327
2013-10-14,2.177,2.0389
2013-10-15,2.1754,2.0376
2013-10-16,2.1848,2.0399
2013-10-17,2.1728,2.0339
2013-10-18,2.1665,2.0332
2013-10-21,2.152,2.0301
2013-10-22,2.1758,2.0284
2013-10-23,2.1856,2.0285
2013-10-24,2.1814,2.0279
2013-10-25,2.1982,2.0254
2013-10-28,2.1863,2.0276
2013-10-29,2.1848,2.0257
2013-10-30,2.1811,2.0289
2013-10-31,2.1908,2.0316
2013-11-01,2.1965,2.031
2013-11-04,2.2517,2.031
2013-11-05,2.246,2.0316
2013-11-06,2.2687,2.0348
2013-11-07,2.2724,2.0338
2013-11-08,2.275,2.0329
2013-11-11,2.2987,2.035
2013-11-12,2.3146,2.0596
2013-11-13,2.3332,2.0458
2013-11-14,2.3261,2.0625
2013-11-15,2.3262,2.0651
2013-11-18,2.314,2.0643
2013-11-19,2.2869,2.0707
2013-11-20,2.268,2.076
2013-11-21,2.2699,2.0804
2013-11-22,2.3107,2.0917
2013-11-25,2.2872,2.091
2013-11-26,2.2907,2.1119
2013-11-27,2.2986,2.0774
2013-11-28,2.303,2.0738
2013-11-29,2.3224,2.0904
2013-12-02,2.3207,2.0982
2013-12-03,2.3378,2.1093
2013-12-04,2.3531,2.1044
2013-12-05,2.3745,2.1062
2013-12-06,2.3705,2.1057
2013-12-09,2.3598,2.0807
2013-12-10,2.3236,2.0814
2013-12-11,2.3097,2.0787
2013-12-12,2.3242,2.0743
2013-12-13,2.3268,2.0791
2013-12-16,2.3315,2.0743
2013-12-17,2.3295,2.0827
2013-12-18,2.3195,2.0897
2013-12-19,2.327,2.094
2013-12-20,2.3496,2.0807
2013-12-23,2.3793,2.0616
2013-12-24,2.3722,2.0713
2013-12-25,2.3565,2.0795
2013-12-26,2.3565,2.0795
2013-12-27,2.3565,2.0795
2013-12-30,2.3541,2.0493
2013-12-31,2.3368,2.0426
2014-01-01,2.3621,2.0491
2014-01-02,2.3621,2.0491
2014-01-03,2.3981,2.0412
2014-01-06,2.3744,2.0476
2014-01-07,2.382,2.0439
2014-01-08,2.3635,2.0303
2014-01-09,2.3721,2.0238
2014-01-10,2.398,2.0375
2014-01-13,2.3928,2.0377
2014-01-14,2.3527,2.035
2014-01-15,2.3622,2.0349
2014-01-16,2.3457,2.0377
2014-01-17,2.3732,2.0398
2014-01-20,2.3651,2.0417
2014-01-21,2.3321,2.0437
2014-01-22,2.3641,2.0414
2014-01-23,2.3641,2.0484
2014-01-24,2.3753,2.0409
2014-01-27,2.4113,2.0354
2014-01-28,2.3976,2.0298
2014-01-29,2.4129,2.0352
2014-01-30,2.4377,1.9931
2014-01-31,2.4278,1.9887
2014-02-03,2.4289,1.9846
2014-02-04,2.4061,1.9854
2014-02-05,2.4144,1.9905
2014-02-06,2.4143,1.9897
2014-02-07,2.4032,1.9878
2014-02-10,2.3865,1.9844
2014-02-11,2.3943,1.9581
2014-02-12,2.4053,1.9736
2014-02-13,2.4093,1.9725
2014-02-14,2.427,1.971
2014-02-17,2.3956,1.9674
2014-02-18,2.3908,1.9568
2014-02-19,2.3971,1.9682
2014-02-20,2.4059,1.9604
2014-02-21,2.3886,1.9555
2014-02-24,2.3767,1.9669
2014-02-25,2.3431,1.9672
2014-02-26,2.335,1.965
2014-02-27,2.3418,1.9823
2014-02-28,2.3505,1.9814
2014-03-03,2.3253,1.9705
2014-03-04,2.3333,1.9865
2014-03-05,2.3315,1.9842
2014-03-06,2.3417,1.9702
2014-03-07,2.3176,1.9663
2014-03-10,2.331,1.9686
2014-03-11,2.3308,1.954
2014-03-12,2.3458,1.9457
2014-03-13,2.3608,1.955
2014-03-14,2.344,1.9598
2014-03-17,2.366,1.968
2014-03-18,2.3529,1.9704
2014-03-19,2.354,1.9875
2014-03-20,2.3354,1.9806
2014-03-21,2.3467,1.9815
2014-03-24,2.3322,1.9927
2014-03-25,2.3201,2.0136
2014-03-26,2.32,2.0124
2014-03-27,2.3047,2.0134
2014-03-28,2.2934,2.0237
2014-03-31,2.2691,2.0073
2014-04-01,2.2683,2.0073
2014-04-02,2.2725,2.0073
2014-04-03,2.2626,2.0181
2014-04-04,2.277,2.02
2014-04-07,2.2682,2.0204
2014-04-08,2.2475,2.0133
2014-04-09,2.2001,1.979
2014-04-10,2.2081,1.9897
2014-04-11,2.1953,1.9844
2014-04-14,2.2107,1.9724
2014-04-15,2.2165,1.9788
2014-04-16,2.2184,1.9765
2014-04-17,2.2274,1.9867
2014-04-18,2.2403,1.9875
2014-04-21,2.2403,2.009
2014-04-22,2.2403,2.0128
2014-04-23,2.2421,2.0125
2014-04-24,2.2437,2.022
2014-04-25,2.2157,2.0235
2014-04-28,2.2295,2.0081
2014-04-29,2.239,2.0005
2014-04-30,2.2192,1.9913
2014-05-01,2.2562,2.007
2014-05-02,2.2562,2.007
2014-05-05,2.2287,2.0033
2014-05-06,2.2278,2.0081
2014-05-07,2.2375,2.0121
2014-05-08,2.2285,2.0122
2014-05-09,2.2147,2.0059
2014-05-12,2.2136,2.0055
2014-05-13,2.2147,2.0206
2014-05-14,2.2155,2.0155
2014-05-15,2.2175,2.0076
2014-05-16,2.2108,2.0209
2014-05-19,2.2162,2.0288
2014-05-20,2.2162,2.0281
2014-05-21,2.2159,2.0333
2014-05-22,2.2147,2.0436
2014-05-23,2.2138,2.0385
2014-05-26,2.2178,2.0533
2014-05-27,2.2213,2.0458
2014-05-28,2.2307,2.0513
2014-05-29,2.2464,2.0535
2014-05-30,2.2306,2.0743
2014-06-02,2.2279,2.0759
2014-06-03,2.2467,2.127
2014-06-04,2.2652,2.1335
2014-06-05,2.2793,2.1195
2014-06-06,2.2756,2.1032
2014-06-09,2.2562,2.123
2014-06-10,2.2404,2.1432
2014-06-11,2.2298,2.1413
2014-06-12,2.2288,2.1579
2014-06-13,2.2336,2.1272
2014-06-16,2.238,2.1413
2014-06-17,2.2308,2.1275
2014-06-18,2.2348,2.1486
2014-06-19,2.2603,2.1836
2014-06-20,2.2339,2.1787
2014-06-23,2.2322,2.2359
2014-06-24,2.2257,2.2562
2014-06-25,2.2185,2.26
2014-06-26,2.2132,2.2072
2014-06-27,2.2131,2.2135
2014-06-30,2.1957,2.1808
2014-07-01,2.1967,2.2094
2014-07-02,2.2172,2.2264
2014-07-03,2.2051,2.2418
2014-07-04,2.2269,2.2668
2014-07-07,2.2144,2.2668
2014-07-08,2.2173,2.25
2014-07-09,2.2221,2.2503
2014-07-10,2.2152,2.2622
2014-07-11,2.2227,2.2625
2014-07-14,2.2252,2.2577
2014-07-15,2.2185,2.2665
2014-07-16,2.216,2.2684
2014-07-17,2.2204,2.2124
2014-07-18,2.2311,2.2586
2014-07-21,2.235,2.2403
2014-07-22,2.2267,2.223
2014-07-23,2.2228,2.2404
2014-07-24,2.2179,2.2388
2014-07-25,2.2182,2.2192
2014-07-28,2.2298,2.2505
2014-07-29,2.2297,2.2446
2014-07-30,2.2269,2.2566
2014-07-31,2.2359,2.2748
2014-08-01,2.254,2.2847
2014-08-04,2.2804,2.2731
2014-08-05,2.2548,2.311
2014-08-06,2.2683,2.2872
2014-08-07,2.2918,2.3005
2014-08-08,2.2745,2.303
2014-08-11,2.288,2.3024
2014-08-12,2.2767,2.2782
2014-08-13,2.2822,2.2781
2014-08-14,2.2735,2.2937
2014-08-15,2.2779,2.3096
2014-08-18,2.262,2.3226
2014-08-19,2.2559,2.347
2014-08-20,2.2623,2.4099
2014-08-21,2.2532,2.3963
2014-08-22,2.2605,2.4025
2014-08-25,2.2746,2.4404
2014-08-26,2.278,2.4005
2014-08-27,2.2844,2.3661
2014-08-28,2.2556,2.4124
2014-08-29,2.2562,2.3871
2014-09-01,2.2445,2.3475
2014-09-02,2.2367,2.3515
2014-09-03,2.2534,2.3667
2014-09-04,2.2353,2.3985
2014-09-05,2.2417,2.3448
2014-09-08,2.2458,2.3704
2014-09-09,2.2431,2.3172
2014-09-10,2.2767,2.3027
2014-09-11,2.2914,2.2664
2014-09-12,2.2951,2.2778
2014-09-15,2.3067,2.2822
2014-09-16,2.338,2.2797
2014-09-17,2.3416,2.2525
2014-09-18,2.3346,2.2758
2014-09-19,2.3776,2.2519
2014-09-22,2.3614,2.1857
2014-09-23,2.39,2.2147
2014-09-24,2.3995,2.2091
2014-09-25,2.4053,2.2098
2014-09-26,2.4033,2.2106
2014-09-29,2.423,2.2249
2014-09-30,2.4747,2.2597
2014-10-01,2.4494,2.2515
2014-10-02,2.4574,2.2213
2014-10-03,2.4759,2.2144
2014-10-06,2.4922,2.2049
2014-10-07,2.3887,2.2016
2014-10-08,2.4242,2.2195
2014-10-09,2.3919,2.1985
2014-10-10,2.3672,2.205
2014-10-13,2.4197,2.1964
2014-10-14,2.39,2.177
2014-10-15,2.4008,2.1754
2014-10-16,2.4173,2.1848
2014-10-17,2.4855,2.1728
2014-10-20,2.4558,2.1665
2014-10-21,2.4519,2.152
2014-10-22,2.4891,2.1758
2014-10-23,2.4842,2.1856
2014-10-24,2.494,2.1814
2014-10-27,2.4916,2.1982
2014-10-28,2.5357,2.1863
2014-10-29,2.4856,2.1848
2014-10-30,2.4262,2.1811
2014-10-31,2.4173,2.1908
2014-11-03,2.4524,2.1965
2014-11-04,2.4899,2.2517
2014-11-05,2.5243,2.246
2014-11-06,2.5183,2.2687
2014-11-07,2.5392,2.2724
2014-11-10,2.5811,2.275
2014-11-11,2.5352,2.2987
2014-11-12,2.5683,2.3146
2014-11-13,2.5616,2.3332
2014-11-14,2.5737,2.3261
2014-11-17,2.6222,2.3262
2014-11-18,2.6113,2.314
2014-11-19,2.6005,2.2869
2014-11-20,2.5872,2.268
2014-11-21,2.5522,2.2699
2014-11-24,2.5485,2.3107
2014-11-25,2.5317,2.2872
2014-11-26,2.5211,2.2907
2014-11-27,2.5122,2.2986
2014-11-28,2.5117,2.303
2014-12-01,2.5499,2.3224
2014-12-02,2.5656,2.3207
2014-12-03,2.5656,2.3378
2014-12-04,2.5573,2.3531
2014-12-05,2.5772,2.3745
2014-12-08,2.575,2.3705
2014-12-09,2.5923,2.3598
2014-12-10,2.6064,2.3236
2014-12-11,2.5908,2.3097
2014-12-12,2.6225,2.3242
2014-12-15,2.6563,2.3268
2014-12-16,2.6703,2.3315
2014-12-17,2.7276,2.3295
2014-12-18,2.7304,2.3195
2014-12-19,2.6681,2.327
2014-12-22,2.6488,2.3496
2014-12-23,2.6474,2.3793
2014-12-24,2.6609,2.3722
2014-12-25,2.6942,2.3565
2014-12-26,2.6942,2.3565
2014-12-29,2.6942,2.3565
2014-12-30,2.673,2.3541
2014-12-31,2.664,2.3368
2015-01-01,2.6527,2.3621
2015-01-02,2.6527,2.3621
2015-01-05,2.6931,2.3981
2015-01-06,2.7137,2.3744
2015-01-07,2.6993,2.382
2015-01-08,2.6776,2.3635
2015-01-09,2.7,2.3721
2015-01-12,2.6572,2.398
2015-01-13,2.6562,2.3928
2015-01-14,2.6433,2.3527
2015-01-15,2.625,2.3622
2015-01-16,2.6082,2.3457
2015-01-19,2.6197,2.3732
2015-01-20,2.6284,2.3651
2015-01-21,2.6235,2.3321
2015-01-22,2.5997,2.3641
2015-01-23,2.5783,2.3641
2015-01-26,2.5948,2.3753
2015-01-27,2.5955,2.4113
2015-01-28,2.5901,2.3976
2015-01-29,2.5848,2.4129
2015-01-30,2.6002,2.4377
2015-02-02,2.6638,2.4278
2015-02-03,2.6787,2.4289
2015-02-04,2.7117,2.4061
2015-02-05,2.7013,2.4144
2015-02-06,2.7378,2.4143
2015-02-09,2.755,2.4032
2015-02-10,2.7876,2.3865
2015-02-11,2.8008,2.3943
2015-02-12,2.8611,2.4053
2015-02-13,2.8747,2.4093
2015-02-16,2.8464,2.427
2015-02-17,2.8345,2.3956
2015-02-18,2.8379,2.3908
2015-02-19,2.8311,2.3971
2015-02-20,2.8499,2.4059
2015-02-23,2.8706,2.3886
2015-02-24,2.8969,2.3767
2015-02-25,2.8706,2.3431
2015-02-26,2.8552,2.335
2015-02-27,2.8509,2.3418
2015-03-02,2.8985,2.3505
2015-03-03,2.8621,2.3253
2015-03-04,2.9133,2.3333
2015-03-05,2.9665,2.3315
2015-03-06,2.9821,2.3417
2015-03-09,3.0055,2.3176
2015-03-10,3.0958,2.331
2015-03-11,3.1375,2.3308
2015-03-12,3.1293,2.3458
2015-03-13,3.1123,2.3608
2015-03-16,3.2059,2.344
2015-03-17,3.2307,2.366
2015-03-18,3.2718,2.3529
2015-03-19,3.2367,2.354
2015-03-20,3.2537,2.3354
2015-03-23,3.2684,2.3467
2015-03-24,3.2041,2.3322
2015-03-25,3.1235,2.3201
2015-03-26,3.1255,2.32
2015-03-27,3.1809,2.3047
2015-03-30,3.2098,2.2934
2015-03-31,3.2841,2.2691
2015-04-01,3.2492,2.2683
2015-04-02,3.1608,2.2725
2015-04-03,3.1678,2.2626
2015-04-06,3.1678,2.277
2015-04-07,3.1678,2.2682
2015-04-08,3.1326,2.2475
2015-04-09,3.1003,2.2001
2015-04-10,3.0333,2.2081
2015-04-13,3.0879,2.1953
2015-04-14,3.0984,2.2107
2015-04-15,3.1103,2.2165
2015-04-16,3.0873,2.2184
2015-04-17,3.0167,2.2274
2015-04-20,3.0111,2.2403
2015-04-21,3.0521,2.2403
2015-04-22,3.0302,2.2403
2015-04-23,3.0216,2.2421
2015-04-24,3.0011,2.2437
2015-04-27,2.9733,2.2157
2015-04-28,2.9591,2.2295
2015-04-29,2.9089,2.239
2015-04-30,2.951,2.2192
2015-05-01,2.9632,2.2562
2015-05-04,2.9632,2.2562
2015-05-05,3.0768,2.2287
2015-05-06,3.087,2.2278
2015-05-07,3.0627,2.2375
2015-05-08,3.0268,2.2285
2015-05-11,3.0354,2.2147
2015-05-12,2.9866,2.2136
2015-05-13,3.0709,2.2147
2015-05-14,3.0019,2.2155
2015-05-15,3.0276,2.2175
2015-05-18,3.0119,2.2108
2015-05-19,2.9995,2.2162
2015-05-20,3.0101,2.2162
2015-05-21,3.0364,2.2159
2015-05-22,3.0118,2.2147
2015-05-25,3.0393,2.2138
2015-05-26,3.1199,2.2178
2015-05-27,3.1229,2.2213
2015-05-28,3.1607,2.2307
2015-05-29,3.1546,2.2464
2015-06-01,3.1469,2.2306
2015-06-02,3.2041,2.2279
2015-06-03,3.1494,2.2467
2015-06-04,3.1379,2.2652
2015-06-05,3.1367,2.2793
2015-06-08,3.1368,2.2756
2015-06-09,3.1377,2.2562
2015-06-10,3.1047,2.2404
2015-06-11,3.0819,2.2298
2015-06-12,3.1587,2.2288
2015-06-15,3.0945,2.2336
2015-06-16,3.1319,2.238
2015-06-17,3.1342,2.2308
2015-06-18,3.0989,2.2348
2015-06-19,3.0496,2.2603
2015-06-22,3.068,2.2339
2015-06-23,3.0929,2.2322
2015-06-24,3.0931,2.2257
2015-06-25,3.0716,2.2185
2015-06-26,3.0956,2.2132
2015-06-29,3.1385,2.2131
2015-06-30,3.1401,2.1957
2015-07-01,3.1012,2.1967
2015-07-02,3.1037,2.2172
2015-07-03,3.1493,2.2051
2015-07-06,3.1168,2.2269
2015-07-07,3.1485,2.2144
2015-07-08,3.1605,2.2173
2015-07-09,3.2052,2.2221
2015-07-10,3.2275,2.2152
2015-07-13,3.1852,2.2227
2015-07-14,3.1759,2.2252
2015-07-15,3.1289,2.2185
2015-07-16,3.1434,2.216
2015-07-17,3.1489,2.2204
2015-07-20,3.1642,2.2311
2015-07-21,3.1944,2.235
2015-07-22,3.1913,2.2267
2015-07-23,3.1935,2.2228
2015-07-24,3.2668,2.2179
2015-07-27,3.3336,2.2182
2015-07-28,3.378,2.2298
2015-07-29,3.3484,2.2297
2015-07-30,3.3693,2.2269
2015-07-31,3.3533,2.2359
2015-08-03,3.3714,2.254
2015-08-04,3.4539,2.2804
2015-08-05,3.4373,2.2548
2015-08-06,3.466,2.2683
2015-08-07,3.5161,2.2918
2015-08-10,3.5261,2.2745
2015-08-11,3.5182,2.288
2015-08-12,3.4705,2.2767
2015-08-13,3.4601,2.2822
2015-08-14,3.492,2.2735
2015-08-17,3.5001,2.2779
2015-08-18,3.5001,2.262
2015-08-19,3.4868,2.2559
2015-08-20,3.4783,2.2623
2015-08-21,3.5044,2.2532
2015-08-24,3.4714,2.2605
2015-08-25,3.5605,2.2746
2015-08-26,3.5304,2.278
2015-08-27,3.5918,2.2844
2015-08-28,3.5834,2.2556
2015-08-31,3.5651,2.2562
2015-09-01,3.6265,2.2445
2015-09-02,3.6549,2.2367
2015-09-03,3.731,2.2534
2015-09-04,3.8002,2.2353
2015-09-07,3.7768,2.2417
2015-09-08,3.8398,2.2458
2015-09-09,3.7938,2.2431
2015-09-10,3.8011,2.2767
2015-09-11,3.8882,2.2914
2015-09-14,3.8403,2.2951
2015-09-15,3.8636,2.3067
2015-09-16,3.8415,2.338
2015-09-17,3.8416,2.3416
2015-09-18,3.8628,2.3346
2015-09-21,3.8856,2.3776
2015-09-22,3.9581,2.3614
2015-09-23,4.0169,2.39
2015-09-24,4.0174,2.3995
2015-09-25,4.2082,2.4053
2015-09-28,3.8905,2.4033
2015-09-29,4.0096,2.423
2015-09-30,4.0909,2.4747
2015-10-01,3.9996,2.4494
2015-10-02,3.9472,2.4574
2015-10-05,4.0036,2.4759
2015-10-06,3.9212,2.4922
2015-10-07,3.9388,2.3887
2015-10-08,3.8379,2.4242
2015-10-09,3.8719,2.3919
2015-10-12,3.7494,2.3672
2015-10-13,3.7649,2.4197
2015-10-14,3.8044,2.39
2015-10-15,3.8736,2.4008
2015-10-16,3.7962,2.4173
2015-10-19,3.8549,2.4855
2015-10-20,3.8988,2.4558
2015-10-21,3.8598,2.4519
2015-10-22,3.9261,2.4891
2015-10-23,3.9593,2.4842
2015-10-26,3.8946,2.494
2015-10-27,3.8581,2.4916
2015-10-28,3.9216,2.5357
2015-10-29,3.8847,2.4856
2015-10-30,3.9361,2.4262
2015-11-02,3.878,2.4173
2015-11-03,3.8727,2.4524
2015-11-04,3.8095,2.4899
2015-11-05,3.7526,2.5243
2015-11-06,3.8008,2.5183
2015-11-09,3.7929,2.5392
2015-11-10,3.7951,2.5811
2015-11-11,3.793,2.5352
2015-11-12,3.7339,2.5683
2015-11-13,3.8032,2.5616
2015-11-16,3.7948,2.5737
2015-11-17,3.837,2.6222
2015-11-18,3.8129,2.6113
2015-11-19,3.803,2.6005
2015-11-20,3.7573,2.5872
2015-11-23,3.7107,2.5522
2015-11-24,3.73,2.5485
2015-11-25,3.7133,2.5317
2015-11-26,3.7682,2.5211
2015-11-27,3.7632,2.5122
2015-11-30,3.7201,2.5117
2015-12-01,3.8481,2.5499
2015-12-02,3.892,2.5656
2015-12-03,3.8526,2.5656
2015-12-04,3.7931,2.5573
2015-12-07,3.7773,2.5772
2015-12-08,3.7399,2.575
2015-12-09,3.7974,2.5923
2015-12-10,3.7699,2.6064
2015-12-11,3.7629,2.5908
2015-12-14,3.853,2.6225
2015-12-15,3.9045,2.6563
2015-12-16,3.8771,2.6703
2015-12-17,3.9369,2.7276
2015-12-18,3.877,2.7304
2015-12-21,3.9004,2.6681
2015-12-22,3.976,2.6488
2015-12-23,3.9827,2.6474
2015-12-24,3.9677,2.6609
2015-12-25,3.941,2.6942
2015-12-28,3.941,2.6942
2015-12-29,3.9257,2.6942
2015-12-30,3.852,2.673
2015-12-31,3.898,2.664
2016-01-01,3.9604,2.6527
2016-01-04,3.9604,2.6527
2016-01-05,4.0395,2.6931
2016-01-06,4.0036,2.7137
2016-01-07,4.0338,2.6993
2016-01-08,4.0487,2.6776
2016-01-11,4.0222,2.7
2016-01-12,4.0215,2.6572
2016-01-13,4.0332,2.6562
2016-01-14,3.9954,2.6433
2016-01-15,4.0145,2.625
2016-01-18,4.0443,2.6082
2016-01-19,4.0331,2.6197
2016-01-20,4.0263,2.6284
2016-01-21,4.0854,2.6235
2016-01-22,4.1522,2.5997
2016-01-25,4.1219,2.5783
2016-01-26,4.0939,2.5948
2016-01-27,4.1031,2.5955
2016-01-28,4.0377,2.5901
2016-01-29,4.1047,2.5848
2016-02-01,4.0562,2.6002
2016-02-02,3.9977,2.6638
2016-02-03,3.9898,2.6787
2016-02-04,3.9587,2.7117
2016-02-05,3.8806,2.7013
2016-02-08,3.8791,2.7378
2016-02-09,3.8956,2.755
2016-02-10,3.8929,2.7876
2016-02-11,3.8872,2.8008
2016-02-12,3.9514,2.8611
2016-02-15,3.9988,2.8747
2016-02-16,3.9863,2.8464
2016-02-17,4.0151,2.8345
2016-02-18,4.0289,2.8379
2016-02-19,4.0172,2.8311
2016-02-22,4.0424,2.8499
2016-02-23,3.9683,2.8706
2016-02-24,3.9602,2.8969
2016-02-25,3.9881,2.8706
2016-02-26,3.9473,2.8552
2016-02-29,3.9393,2.8509
2016-03-01,3.9855,2.8509
2016-03-02,4.0029,2.8985
2016-03-03,3.917,2.8621
2016-03-04,3.8482,2.9133
2016-03-07,3.7223,2.9821
2016-03-08,3.7641,2.9821
2016-03-09,3.7804,3.0055
2016-03-10,3.7127,3.0958
2016-03-11,3.6585,3.1375
2016-03-14,3.643,3.1123
2016-03-15,3.6209,3.1123
2016-03-16,3.7079,3.2059
2016-03-17,3.8163,3.2307
2016-03-18,3.6635,3.2718
2016-03-21,3.6168,3.2537
2016-03-22,3.6285,3.2537
2016-03-23,3.6145,3.2684
2016-03-24,3.6344,3.2041
2016-03-25,3.7041,3.1235
2016-03-28,3.7041,3.1809
2016-03-29,3.7041,3.1809
2016-03-30,3.6444,3.2098
2016-03-31,3.6449,3.2841
2016-04-01,3.6165,3.2492
2016-04-04,3.6123,3.1678
2016-04-05,3.5518,3.1678
2016-04-06,3.6417,3.1678
2016-04-07,3.705,3.1678
2016-04-08,3.6622,3.1326
2016-04-11,3.657,3.0333
2016-04-12,3.5687,3.0333
2016-04-13,3.513,3.0879
2016-04-14,3.513,3.0984
2016-04-15,3.5181,3.1103
2016-04-18,3.4905,3.0167
2016-04-19,3.5031,3.0167
2016-04-20,3.5624,3.0111
2016-04-21,3.5471,3.0521
2016-04-22,3.5265,3.0302
2016-04-25,3.5708,3.0011
2016-04-26,3.5661,3.0011
2016-04-27,3.5389,2.9733
2016-04-28,3.5235,2.9591
2016-04-29,3.5136,2.9089
2016-05-02,3.4849,2.9632
2016-05-03,3.457,2.9632
2016-05-04,3.5457,2.9632
2016-05-05,3.5716,3.0768
2016-05-06,3.5215,3.087
2016-05-09,3.5574,3.0268
2016-05-10,3.5078,3.0268
2016-05-11,3.4855,3.0354
2016-05-12,3.4637,2.9866
2016-05-13,3.4611,3.0709
2016-05-16,3.486,3.0276
2016-05-17,3.5322,3.0276
2016-05-18,3.4857,3.0119
2016-05-19,3.5367,2.9995
2016-05-20,3.5854,3.0101
2016-05-23,3.5473,3.0118
2016-05-24,3.5517,3.0118
2016-05-25,3.5493,3.0393
2016-05-26,3.5601,3.1199
2016-05-27,3.582,3.1229
2016-05-30,3.6094,3.1546
2016-05-31,3.6043,3.1546
2016-06-01,3.5727,3.1469
2016-06-02,3.5986,3.2041
2016-06-03,3.5963,3.1494
2016-06-06,3.5837,3.1367
2016-06-07,3.5187,3.1367
2016-06-08,3.5062,3.1368
2016-06-09,3.4089,3.1377
2016-06-10,3.3834,3.1047
2016-06-13,3.4202,3.1587
2016-06-14,3.4398,3.1587
2016-06-15,3.4987,3.0945
2016-06-16,3.4679,3.1319
2016-06-17,3.4851,3.1342
2016-06-20,3.4603,3.0496
2016-06-21,3.3786,3.0496
2016-06-22,3.3675,3.068
2016-06-23,3.3995,3.0929
2016-06-24,3.3517,3.0931
2016-06-27,3.4396,3.0956
2016-06-28,3.4033,3.0956
2016-06-29,3.358,3.1385
2016-06-30,3.2656,3.1401
2016-07-01,3.2335,3.1012
2016-07-04,3.2184,3.1493
2016-07-05,3.2439,3.1493
2016-07-06,3.2886,3.1168
2016-07-07,3.3234,3.1485
2016-07-08,3.3298,3.1605
2016-07-11,3.3371,3.2275
2016-07-12,3.3171,3.2275
2016-07-13,3.2829,3.1852
2016-07-14,3.2981,3.1759
2016-07-15,3.2303,3.1289
2016-07-18,3.2559,3.1489
2016-07-19,3.2537,3.1489
2016-07-20,3.2694,3.1642
2016-07-21,3.2472,3.1944
2016-07-22,3.2505,3.1913
2016-07-25,3.2811,3.2668
2016-07-26,3.2561,3.2668
2016-07-27,3.2809,3.3336
2016-07-28,3.2805,3.378
2016-07-29,3.2738,3.3484
2016-08-01,3.2825,3.3533
2016-08-02,3.257,3.3533
2016-08-03,3.2653,3.3714
2016-08-04,3.2684,3.4539
2016-08-05,3.2232,3.4373
2016-08-08,3.1822,3.5161
2016-08-09,3.1784,3.5161
2016-08-10,3.1635,3.5261
2016-08-11,3.1215,3.5182
2016-08-12,3.1522,3.4705
2016-08-15,3.1625,3.492
2016-08-16,3.172,3.492
2016-08-17,3.1643,3.5001
2016-08-18,3.2137,3.5001
2016-08-19,3.2227,3.4868
2016-08-22,3.2367,3.5044
2016-08-23,3.2141,3.5044
2016-08-24,3.1878,3.4714
2016-08-25,3.236,3.5605
2016-08-26,3.221,3.5304
2016-08-29,3.2277,3.5834
2016-08-30,3.2865,3.5834
2016-08-31,3.2227,3.5651
2016-09-01,3.2354,3.6265
2016-09-02,3.2322,3.6549
2016-09-05,3.2653,3.8002
2016-09-06,3.2501,3.8002
2016-09-07,3.266,3.7768
2016-09-08,3.1987,3.8398
2016-09-09,3.1854,3.7938
2016-09-12,3.2439,3.8882
2016-09-13,3.2898,3.8882
2016-09-14,3.2728,3.8403
2016-09-15,3.3069,3.8636
2016-09-16,3.3267,3.8415
2016-09-19,3.2953,3.8628
2016-09-20,3.2638,3.8628
2016-09-21,3.2612,3.8856
2016-09-22,3.241,3.9581
2016-09-23,3.1981,4.0169
2016-09-26,3.2041,4.2082
2016-09-27,3.2429,4.2082
2016-09-28,3.2277,3.8905
2016-09-29,3.2418,4.0096
2016-09-30,3.235,4.0909
2016-10-03,3.2443,3.9472
2016-10-04,3.2404,3.9472
2016-10-05,3.209,4.0036
2016-10-06,3.2445,3.9212
2016-10-07,3.237,3.9388
2016-10-10,3.2394,3.8719
2016-10-11,3.2156,3.8719
2016-10-12,3.2164,3.7494
2016-10-13,3.1993,3.7649
2016-10-14,3.2014,3.8044
2016-10-17,3.1807,3.7962
2016-10-18,3.1969,3.7962
2016-10-19,3.1905,3.8549
2016-10-20,3.1936,3.8988
2016-10-21,3.1538,3.8598
2016-10-24,3.1545,3.9593
2016-10-25,3.1402,3.9593
2016-10-26,3.1155,3.8946
2016-10-27,3.1181,3.8581
2016-10-28,3.1354,3.9216
2016-10-31,3.19,3.9361
2016-11-01,3.1825,3.9361
2016-11-02,3.1963,3.878
2016-11-03,3.2417,3.8727
2016-11-04,3.2285,3.8095
2016-11-07,3.2449,3.8008
2016-11-08,3.2042,3.8008
2016-11-09,3.2038,3.7929
2016-11-10,3.2267,3.7951
2016-11-11,3.2873,3.793
2016-11-14,3.4123,3.8032
2016-11-15,3.4474,3.8032
2016-11-16,3.4376,3.7948
2016-11-17,3.4378,3.837
2016-11-18,3.4105,3.8129
2016-11-21,3.3916,3.7573
2016-11-22,3.355,3.7573
2016-11-23,3.3434,3.7107
2016-11-24,3.3824,3.73
2016-11-25,3.4043,3.7133
2016-11-28,3.436,3.7632
2016-11-29,3.3915,3.7632
2016-11-30,3.4048,3.7201
2016-12-01,3.3961,3.8481
2016-12-02,3.4438,3.892
2016-12-05,3.4682,3.7931
2016-12-06,3.4614,3.7931
2016-12-07,3.4318,3.7773
2016-12-08,3.3977,3.7399
2016-12-09,3.4008,3.7974
2016-12-12,3.3919,3.7629
2016-12-13,3.3931,3.7629
2016-12-14,3.3294,3.853
2016-12-15,3.311,3.9045
2016-12-16,3.3878,3.8771
2016-12-19,3.3606,3.877
2016-12-20,3.3766,3.877
2016-12-21,3.3579,3.9004
2016-12-22,3.3326,3.976
2016-12-23,3.3283,3.9827
2016-12-26,3.2688,3.941
2016-12-27,3.2688,3.941
2016-12-28,3.2797,3.941
2016-12-29,3.2714,3.9257
2016-12-30,3.2644,3.852
2017-01-02,3.2544,3.9604
2017-01-03,3.2742,3.9604
2017-01-04,3.2659,3.9604
2017-01-05,3.2369,4.0395
2017-01-06,3.2132,4.0036
2017-01-09,3.2019,4.0487
2017-01-10,3.2122,4.0487
2017-01-11,3.1932,4.0222
2017-01-12,3.2168,4.0215
2017-01-13,3.1574,4.0332
2017-01-16,3.1983,4.0145
2017-01-17,3.2216,4.0145
2017-01-18,3.2109,4.0443
2017-01-19,3.2227,4.0331
2017-01-20,3.208,4.0263
2017-01-23,3.1957,4.1522
2017-01-24,3.1613,4.1522
2017-01-25,3.1634,4.1219
2017-01-26,3.1702,4.0939
2017-01-27,3.1863,4.1031
2017-01-30,3.1677,4.1047
2017-01-31,3.1343,4.1047
2017-02-01,3.1181,4.0562
2017-02-02,3.1435,3.9977
2017-02-03,3.1143,3.9898
2017-02-06,3.132,3.8806
2017-02-07,3.1187,3.8806
2017-02-08,3.1267,3.8791
2017-02-09,3.1252,3.8956
2017-02-10,3.1172,3.8929
2017-02-13,3.1113,3.9514
2017-02-14,3.1197,3.9514
2017-02-15,3.0953,3.9988
2017-02-16,3.0796,3.9863
2017-02-17,3.0419,4.0151
2017-02-20,3.0918,4.0172
2017-02-21,3.0976,4.0172
2017-02-22,3.096,4.0424
2017-02-23,3.084,3.9683
2017-02-24,3.0655,3.9602
2017-02-27,3.0889,3.9473
2017-02-28,3.1091,3.9473
2017-03-01,3.0962,3.9855
2017-03-02,3.111,4.0029
2017-03-03,3.1089,3.917
2017-03-06,3.1311,3.8482
2017-03-07,3.1057,3.7223
2017-03-08,3.1178,3.7641
2017-03-09,3.1405,3.7804
2017-03-10,3.169,3.7127
2017-03-13,3.1769,3.6585
2017-03-14,3.1519,3.643
2017-03-15,3.1597,3.6209
2017-03-16,3.1588,3.7079
2017-03-17,3.0994,3.8163
2017-03-20,3.1053,3.6635
2017-03-21,3.1079,3.6168
2017-03-22,3.0712,3.6285
2017-03-23,3.0984,3.6145
2017-03-24,3.1159,3.6344
2017-03-27,3.1323,3.7041
2017-03-28,3.1206,3.7041
2017-03-29,3.1262,3.7041
2017-03-30,3.1323,3.6444
2017-03-31,3.1252,3.6449
2017-04-03,3.1615,3.6165
2017-04-04,3.1248,3.6123
2017-04-05,3.1354,3.5518
2017-04-06,3.088,3.6417
2017-04-07,3.1157,3.705
2017-04-10,3.1373,3.6622
2017-04-11,3.1362,3.657
2017-04-12,3.1312,3.5687
2017-04-13,3.1429,3.513
2017-04-14,3.1305,3.513
2017-04-17,3.1305,3.5181
2017-04-18,3.1305,3.4905
2017-04-19,3.1075,3.5031
2017-04-20,3.1112,3.5624
2017-04-21,3.1429,3.5471
2017-04-24,3.1485,3.5265
2017-04-25,3.1253,3.5708
2017-04-26,3.1521,3.5661
2017-04-27,3.1691,3.5389
2017-04-28,3.1603,3.5235
2017-05-01,3.1764,3.5136
2017-05-02,3.1764,3.4849
2017-05-03,3.1686,3.457
2017-05-04,3.1527,3.5457
2017-05-05,3.1868,3.5716
2017-05-08,3.1856,3.5215
2017-05-09,3.1903,3.5574
2017-05-10,3.1898,3.5078
2017-05-11,3.1649,3.4855
2017-05-12,3.1642,3.4637
2017-05-15,3.147,3.4611
2017-05-16,3.1047,3.486
2017-05-17,3.103,3.5322
2017-05-18,3.0985,3.4857
2017-05-19,3.1349,3.5367
2017-05-22,3.3301,3.5854
2017-05-23,3.2935,3.5473
2017-05-24,3.274,3.5517
2017-05-25,3.2558,3.5493
2017-05-26,3.2691,3.5601
2017-05-29,3.2698,3.582
2017-05-30,3.2658,3.6094
2017-05-31,3.2676,3.6043
2017-06-01,3.2515,3.5727
2017-06-02,3.2209,3.5986
2017-06-05,3.2369,3.5963
2017-06-06,3.259,3.5837
2017-06-07,3.2969,3.5187
2017-06-08,3.2713,3.5062
2017-06-09,3.2819,3.4089
2017-06-12,3.2638,3.3834
2017-06-13,3.2831,3.4202
2017-06-14,3.3026,3.4398
2017-06-15,3.3051,3.4987
2017-06-16,3.2741,3.4679
2017-06-19,3.2848,3.4851
2017-06-20,3.3,3.4603
2017-06-21,3.3027,3.3786
2017-06-22,3.3218,3.3675
2017-06-23,3.3274,3.3995
2017-06-26,3.3378,3.3517
2017-06-27,3.3306,3.4396
2017-06-28,3.2999,3.4033
2017-06-29,3.3083,3.358
2017-06-30,3.2836,3.2656
2017-07-03,3.2948,3.2335
2017-07-04,3.3193,3.2184
2017-07-05,3.3034,3.2439
2017-07-06,3.3141,3.2886
2017-07-07,3.306,3.3234
2017-07-10,3.2936,3.3298
2017-07-11,3.275,3.3371
2017-07-12,3.2668,3.3171
2017-07-13,3.2315,3.2829
2017-07-14,3.2174,3.2981
2017-07-17,3.2062,3.2303
2017-07-18,3.1789,3.2559
2017-07-19,3.1695,3.2537
2017-07-20,3.1589,3.2694
2017-07-21,3.149,3.2472
2017-07-24,3.1116,3.2505
2017-07-25,3.1373,3.2811
2017-07-26,3.1431,3.2561
2017-07-27,3.1609,3.2809
2017-07-28,3.15,3.2805
2017-07-31,3.1559,3.2738
2017-08-01,3.135,3.2825
2017-08-02,3.1222,3.257
2017-08-03,3.1275,3.2653
2017-08-04,3.1212,3.2684
2017-08-07,3.1101,3.2232
2017-08-08,3.126,3.1822
2017-08-09,3.1249,3.1784
2017-08-10,3.1364,3.1635
2017-08-11,3.1558,3.1215
2017-08-14,3.1771,3.1522
2017-08-15,3.1802,3.1625
2017-08-16,3.1965,3.172
2017-08-17,3.1707,3.1643
2017-08-18,3.162,3.2137
2017-08-21,3.1674,3.2227
2017-08-22,3.1496,3.2367
2017-08-23,3.152,3.2141
2017-08-24,3.1625,3.1878
2017-08-25,3.1436,3.236
2017-08-28,3.1373,3.221
2017-08-29,3.1504,3.2277
2017-08-30,3.1628,3.2865
2017-08-31,3.1695,3.2227
2017-09-01,3.1636,3.2354
2017-09-04,3.1395,3.2322
2017-09-05,3.1398,3.2653
2017-09-06,3.1177,3.2501
2017-09-07,3.1133,3.266
2017-09-08,3.099,3.1987
2017-09-11,3.0892,3.1854
2017-09-12,3.0889,3.2439
2017-09-13,3.1105,3.2898
2017-09-14,3.1322,3.2728
2017-09-15,3.138,3.3069
2017-09-18,3.1227,3.3267
2017-09-19,3.1138,3.2953
2017-09-20,3.1264,3.2638
2017-09-21,3.1298,3.2612
2017-09-22,3.1376,3.241
2017-09-25,3.1318,3.1981
2017-09-26,3.1287,3.2041
2017-09-27,3.1644,3.2429
2017-09-28,3.1818,3.2277
2017-09-29,3.1825,3.2418
2017-10-02,3.1878,3.235
2017-10-03,3.1739,3.2443
2017-10-04,3.156,3.2404
2017-10-05,3.133,3.209
2017-10-06,3.1317,3.2445
2017-10-09,3.1605,3.237
2017-10-10,3.1643,3.2394
2017-10-11,3.1684,3.2156
2017-10-12,3.1712,3.2164
2017-10-13,3.1759,3.1993
2017-10-16,3.1767,3.2014
2017-10-17,3.1606,3.1807
2017-10-18,3.177,3.1969
2017-10-19,3.1661,3.1905
2017-10-20,3.174,3.1936
2017-10-23,3.1747,3.1538
2017-10-24,3.1936,3.1545
2017-10-25,3.2329,3.1402
2017-10-26,3.2358,3.1155
2017-10-27,3.2358,3.1181
2017-10-30,3.2996,3.1354
2017-10-31,3.2544,3.19
2017-11-01,3.2702,3.1825
2017-11-02,3.2854,3.1963
2017-11-03,3.2672,3.2417
2017-11-06,3.2609,3.2285
2017-11-07,3.2937,3.2449
2017-11-08,3.2712,3.2042
2017-11-09,3.2495,3.2038
2017-11-10,3.2469,3.2267
2017-11-13,3.2679,3.2873
2017-11-14,3.2912,3.4123
2017-11-15,3.277,3.4474
2017-11-16,3.2508,3.4376
2017-11-17,3.2775,3.4378
2017-11-20,3.2775,3.4105
2017-11-21,3.2585,3.3916
2017-11-22,3.2605,3.355
2017-11-23,3.2588,3.3434
2017-11-24,3.2413,3.3824
2017-11-27,3.2314,3.4043
2017-11-28,3.2266,3.436
2017-11-29,3.2206,3.3915
2017-11-30,3.2076,3.4048
2017-12-01,3.2634,3.3961
2017-12-04,3.2666,3.4438
2017-12-05,3.2497,3.4682
2017-12-06,3.2238,3.4614
2017-12-07,3.232,3.4318
2017-12-08,3.2941,3.3977
2017-12-11,3.2733,3.4008
2017-12-12,3.2769,3.3919
2017-12-13,3.319,3.3931
2017-12-14,3.3152,3.3294
2017-12-15,3.3372,3.311
2017-12-18,3.3179,3.3878
2017-12-19,3.2839,3.3606
2017-12-20,3.287,3.3766
2017-12-21,3.2886,3.3579
2017-12-22,3.3067,3.3326
2017-12-25,3.3198,3.3283
2017-12-26,3.3198,3.2688
2017-12-27,3.3198,3.2688
2017-12-28,3.2952,3.2797
2017-12-29,3.3095,3.2714
2018-01-01,3.3127,3.2644
2018-01-02,3.3127,3.2544
2018-01-03,3.2743,3.2742
2018-01-04,3.2634,3.2659
2018-01-05,3.2375,3.2369
2018-01-08,3.2426,3.2132
2018-01-09,3.2427,3.2019
2018-01-10,3.2326,3.2122
2018-01-11,3.2482,3.1932
2018-01-12,3.2336,3.2168
2018-01-15,3.2099,3.1574
2018-01-16,3.196,3.1983
2018-01-17,3.2137,3.2216
2018-01-18,3.2367,3.2109
2018-01-19,3.2138,3.2227
2018-01-22,3.2078,3.208
2018-01-23,3.1933,3.1957
2018-01-24,3.2209,3.1613
2018-01-25,3.1928,3.1634
2018-01-26,3.1485,3.1702
2018-01-29,3.148,3.1863
2018-01-30,3.1674,3.1677
2018-01-31,3.1624,3.1343
2018-02-01,3.1603,3.1181
2018-02-02,3.1694,3.1435
2018-02-05,3.2015,3.1143
2018-02-06,3.2294,3.132
2018-02-07,3.2753,3.1187
2018-02-08,3.2477,3.1267
2018-02-09,3.2675,3.1252
2018-02-12,3.2791,3.1172
2018-02-13,3.2957,3.1113
2018-02-14,3.2954,3.1197
2018-02-15,3.2819,3.0953
2018-02-16,3.2221,3.0796
2018-02-19,3.2344,3.0419
2018-02-20,3.2334,3.0918
2018-02-21,3.2507,3.0976
2018-02-22,3.2554,3.096
2018-02-23,3.2705,3.084
2018-02-26,3.2421,3.0655
2018-02-27,3.2351,3.0889
2018-02-28,3.238,3.1091
2018-03-01,3.2434,3.0962
2018-03-02,3.2651,3.111
2018-03-05,3.2567,3.1089
2018-03-06,3.258,3.1311
2018-03-07,3.2171,3.1057
2018-03-08,3.229,3.1178
