Date,ILS,YTD
1999-01-05,?,?
1999-01-06,?,?
1999-01-07,?,?
1999-01-08,?,?
1999-01-11,?,?
1999-01-12,?,?
1999-01-13,?,?
1999-01-14,?,?
1999-01-15,?,?
1999-01-18,?,?
1999-01-19,?,?
1999-01-20,?,?
1999-01-21,?,?
1999-01-22,?,?
1999-01-25,?,?
1999-01-26,?,?
1999-01-27,?,?
1999-01-28,?,?
1999-01-29,?,?
1999-02-01,?,?
1999-02-02,?,?
1999-02-03,?,?
1999-02-04,?,?
1999-02-05,?,?
1999-02-08,?,?
1999-02-09,?,?
1999-02-10,?,?
1999-02-11,?,?
1999-02-12,?,?
1999-02-15,?,?
1999-02-16,?,?
1999-02-17,?,?
1999-02-18,?,?
1999-02-19,?,?
1999-02-22,?,?
1999-02-23,?,?
1999-02-24,?,?
1999-02-25,?,?
1999-02-26,?,?
1999-03-01,?,?
1999-03-02,?,?
1999-03-03,?,?
1999-03-04,?,?
1999-03-05,?,?
1999-03-08,?,?
1999-03-09,?,?
1999-03-10,?,?
1999-03-11,?,?
1999-03-12,?,?
1999-03-15,?,?
1999-03-16,?,?
1999-03-17,?,?
1999-03-18,?,?
1999-03-19,?,?
1999-03-22,?,?
1999-03-23,?,?
1999-03-24,?,?
1999-03-25,?,?
1999-03-26,?,?
1999-03-29,?,?
1999-03-30,?,?
1999-03-31,?,?
1999-04-01,?,?
1999-04-02,?,?
1999-04-05,?,?
1999-04-06,?,?
1999-04-07,?,?
1999-04-08,?,?
1999-04-09,?,?
1999-04-12,?,?
1999-04-13,?,?
1999-04-14,?,?
1999-04-15,?,?
1999-04-16,?,?
1999-04-19,?,?
1999-04-20,?,?
1999-04-21,?,?
1999-04-22,?,?
1999-04-23,?,?
1999-04-26,?,?
1999-04-27,?,?
1999-04-28,?,?
1999-04-29,?,?
1999-04-30,?,?
1999-05-03,?,?
1999-05-04,?,?
1999-05-05,?,?
1999-05-06,?,?
1999-05-07,?,?
1999-05-10,?,?
1999-05-11,?,?
1999-05-12,?,?
1999-05-13,?,?
1999-05-14,?,?
1999-05-17,?,?
1999-05-18,?,?
1999-05-19,?,?
1999-05-20,?,?
1999-05-21,?,?
1999-05-24,?,?
1999-05-25,?,?
1999-05-26,?,?
1999-05-27,?,?
1999-05-28,?,?
1999-05-31,?,?
1999-06-01,?,?
1999-06-02,?,?
1999-06-03,?,?
1999-06-04,?,?
1999-06-07,?,?
1999-06-08,?,?
1999-06-09,?,?
1999-06-10,?,?
1999-06-11,?,?
1999-06-14,?,?
1999-06-15,?,?
1999-06-16,?,?
1999-06-17,?,?
1999-06-18,?,?
1999-06-21,?,?
1999-06-22,?,?
1999-06-23,?,?
1999-06-24,?,?
1999-06-25,?,?
1999-06-28,?,?
1999-06-29,?,?
1999-06-30,?,?
1999-07-01,?,?
1999-07-02,?,?
1999-07-05,?,?
1999-07-06,?,?
1999-07-07,?,?
1999-07-08,?,?
1999-07-09,?,?
1999-07-12,?,?
1999-07-13,?,?
1999-07-14,?,?
1999-07-15,?,?
1999-07-16,?,?
1999-07-19,?,?
1999-07-20,?,?
1999-07-21,?,?
1999-07-22,?,?
1999-07-23,?,?
1999-07-26,?,?
1999-07-27,?,?
1999-07-28,?,?
1999-07-29,?,?
1999-07-30,?,?
1999-08-02,?,?
1999-08-03,?,?
1999-08-04,?,?
1999-08-05,?,?
1999-08-06,?,?
1999-08-09,?,?
1999-08-10,?,?
1999-08-11,?,?
1999-08-12,?,?
1999-08-13,?,?
1999-08-16,?,?
1999-08-17,?,?
1999-08-18,?,?
1999-08-19,?,?
1999-08-20,?,?
1999-08-23,?,?
1999-08-24,?,?
1999-08-25,?,?
1999-08-26,?,?
1999-08-27,?,?
1999-08-30,?,?
1999-08-31,?,?
1999-09-01,?,?
1999-09-02,?,?
1999-09-03,?,?
1999-09-06,?,?
1999-09-07,?,?
1999-09-08,?,?
1999-09-09,?,?
1999-09-10,?,?
1999-09-13,?,?
1999-09-14,?,?
1999-09-15,?,?
1999-09-16,?,?
1999-09-17,?,?
1999-09-20,?,?
1999-09-21,?,?
1999-09-22,?,?
1999-09-23,?,?
1999-09-24,?,?
1999-09-27,?,?
1999-09-28,?,?
1999-09-29,?,?
1999-09-30,?,?
1999-10-01,?,?
1999-10-04,?,?
1999-10-05,?,?
1999-10-06,?,?
1999-10-07,?,?
1999-10-08,?,?
1999-10-11,?,?
1999-10-12,?,?
1999-10-13,?,?
1999-10-14,?,?
1999-10-15,?,?
1999-10-18,?,?
1999-10-19,?,?
1999-10-20,?,?
1999-10-21,?,?
1999-10-22,?,?
1999-10-25,?,?
1999-10-26,?,?
1999-10-27,?,?
1999-10-28,?,?
1999-10-29,?,?
1999-11-01,?,?
1999-11-02,?,?
1999-11-03,?,?
1999-11-04,?,?
1999-11-05,?,?
1999-11-08,?,?
1999-11-09,?,?
1999-11-10,?,?
1999-11-11,?,?
1999-11-12,?,?
1999-11-15,?,?
1999-11-16,?,?
1999-11-17,?,?
1999-11-18,?,?
1999-11-19,?,?
1999-11-22,?,?
1999-11-23,?,?
1999-11-24,?,?
1999-11-25,?,?
1999-11-26,?,?
1999-11-29,?,?
1999-11-30,?,?
1999-12-01,?,?
1999-12-02,?,?
1999-12-03,?,?
1999-12-06,?,?
1999-12-07,?,?
1999-12-08,?,?
1999-12-09,?,?
1999-12-10,?,?
1999-12-13,?,?
1999-12-14,?,?
1999-12-15,?,?
1999-12-16,?,?
1999-12-17,?,?
1999-12-20,?,?
1999-12-21,?,?
1999-12-22,?,?
1999-12-23,?,?
1999-12-24,?,?
1999-12-27,?,?
1999-12-28,?,?
1999-12-29,?,?
1999-12-30,?,?
1999-12-31,?,?
2000-01-03,?,?
2000-01-04,?,?
2000-01-05,?,?
2000-01-06,?,?
2000-01-07,?,?
2000-01-10,?,?
2000-01-11,?,?
2000-01-12,?,?
2000-01-13,?,?
2000-01-14,?,?
2000-01-17,?,?
2000-01-18,?,?
2000-01-19,?,?
2000-01-20,?,?
2000-01-21,?,?
2000-01-24,?,?
2000-01-25,?,?
2000-01-26,?,?
2000-01-27,?,?
2000-01-28,?,?
2000-01-31,?,?
2000-02-01,?,?
2000-02-02,?,?
2000-02-03,?,?
2000-02-04,?,?
2000-02-07,?,?
2000-02-08,?,?
2000-02-09,?,?
2000-02-10,?,?
2000-02-11,?,?
2000-02-14,?,?
2000-02-15,?,?
2000-02-16,?,?
2000-02-17,?,?
2000-02-18,?,?
2000-02-21,?,?
2000-02-22,?,?
2000-02-23,?,?
2000-02-24,?,?
2000-02-25,?,?
2000-02-28,?,?
2000-02-29,?,?
2000-03-01,?,?
2000-03-02,?,?
2000-03-03,?,?
2000-03-06,?,?
2000-03-07,?,?
2000-03-08,?,?
2000-03-09,?,?
2000-03-10,?,?
2000-03-13,?,?
2000-03-14,?,?
2000-03-15,?,?
2000-03-16,?,?
2000-03-17,?,?
2000-03-20,?,?
2000-03-21,?,?
2000-03-22,?,?
2000-03-23,?,?
2000-03-24,?,?
2000-03-27,?,?
2000-03-28,?,?
2000-03-29,?,?
2000-03-30,?,?
2000-03-31,?,?
2000-04-03,?,?
2000-04-04,?,?
2000-04-05,?,?
2000-04-06,?,?
2000-04-07,?,?
2000-04-10,?,?
2000-04-11,?,?
2000-04-12,?,?
2000-04-13,?,?
2000-04-14,?,?
2000-04-17,?,?
2000-04-18,?,?
2000-04-19,?,?
2000-04-20,?,?
2000-04-21,?,?
2000-04-24,?,?
2000-04-25,?,?
2000-04-26,?,?
2000-04-27,?,?
2000-04-28,?,?
2000-05-01,?,?
2000-05-02,?,?
2000-05-03,?,?
2000-05-04,?,?
2000-05-05,?,?
2000-05-08,?,?
2000-05-09,?,?
2000-05-10,?,?
2000-05-11,?,?
2000-05-12,?,?
2000-05-15,?,?
2000-05-16,?,?
2000-05-17,?,?
2000-05-18,?,?
2000-05-19,?,?
2000-05-22,?,?
2000-05-23,?,?
2000-05-24,?,?
2000-05-25,?,?
2000-05-26,?,?
2000-05-29,?,?
2000-05-30,?,?
2000-05-31,?,?
2000-06-01,?,?
2000-06-02,?,?
2000-06-05,?,?
2000-06-06,?,?
2000-06-07,?,?
2000-06-08,?,?
2000-06-09,?,?
2000-06-12,?,?
2000-06-13,?,?
2000-06-14,?,?
2000-06-15,?,?
2000-06-16,?,?
2000-06-19,?,?
2000-06-20,?,?
2000-06-21,?,?
2000-06-22,?,?
2000-06-23,?,?
2000-06-26,?,?
2000-06-27,?,?
2000-06-28,?,?
2000-06-29,?,?
2000-06-30,?,?
2000-07-03,?,?
2000-07-04,?,?
2000-07-05,?,?
2000-07-06,?,?
2000-07-07,?,?
2000-07-10,?,?
2000-07-11,?,?
2000-07-12,?,?
2000-07-13,?,?
2000-07-14,?,?
2000-07-17,?,?
2000-07-18,?,?
2000-07-19,?,?
2000-07-20,?,?
2000-07-21,?,?
2000-07-24,?,?
2000-07-25,?,?
2000-07-26,?,?
2000-07-27,?,?
2000-07-28,?,?
2000-07-31,?,?
2000-08-01,?,?
2000-08-02,?,?
2000-08-03,?,?
2000-08-04,?,?
2000-08-07,?,?
2000-08-08,?,?
2000-08-09,?,?
2000-08-10,?,?
2000-08-11,?,?
2000-08-14,?,?
2000-08-15,?,?
2000-08-16,?,?
2000-08-17,?,?
2000-08-18,?,?
2000-08-21,?,?
2000-08-22,?,?
2000-08-23,?,?
2000-08-24,?,?
2000-08-25,?,?
2000-08-28,?,?
2000-08-29,?,?
2000-08-30,?,?
2000-08-31,?,?
2000-09-01,?,?
2000-09-04,?,?
2000-09-05,?,?
2000-09-06,?,?
2000-09-07,?,?
2000-09-08,?,?
2000-09-11,?,?
2000-09-12,?,?
2000-09-13,?,?
2000-09-14,?,?
2000-09-15,?,?
2000-09-18,?,?
2000-09-19,?,?
2000-09-20,?,?
2000-09-21,?,?
2000-09-22,?,?
2000-09-25,?,?
2000-09-26,?,?
2000-09-27,?,?
2000-09-28,?,?
2000-09-29,?,?
2000-10-02,?,?
2000-10-03,?,?
2000-10-04,?,?
2000-10-05,?,?
2000-10-06,?,?
2000-10-09,?,?
2000-10-10,?,?
2000-10-11,?,?
2000-10-12,?,?
2000-10-13,?,?
2000-10-16,?,?
2000-10-17,?,?
2000-10-18,?,?
2000-10-19,?,?
2000-10-20,?,?
2000-10-23,?,?
2000-10-24,?,?
2000-10-25,?,?
2000-10-26,?,?
2000-10-27,?,?
2000-10-30,?,?
2000-10-31,?,?
2000-11-01,?,?
2000-11-02,?,?
2000-11-03,?,?
2000-11-06,?,?
2000-11-07,?,?
2000-11-08,?,?
2000-11-09,?,?
2000-11-10,?,?
2000-11-13,?,?
2000-11-14,?,?
2000-11-15,?,?
2000-11-16,?,?
2000-11-17,?,?
2000-11-20,?,?
2000-11-21,?,?
2000-11-22,?,?
2000-11-23,?,?
2000-11-24,?,?
2000-11-27,?,?
2000-11-28,?,?
2000-11-29,?,?
2000-11-30,?,?
2000-12-01,?,?
2000-12-04,?,?
2000-12-05,?,?
2000-12-06,?,?
2000-12-07,?,?
2000-12-08,?,?
2000-12-11,?,?
2000-12-12,?,?
2000-12-13,?,?
2000-12-14,?,?
2000-12-15,?,?
2000-12-18,?,?
2000-12-19,?,?
2000-12-20,?,?
2000-12-21,?,?
2000-12-22,?,?
2000-12-25,?,?
2000-12-26,?,?
2000-12-27,?,?
2000-12-28,?,?
2000-12-29,?,?
2001-01-01,?,?
2001-01-02,?,?
2001-01-03,?,?
2001-01-04,?,?
2001-01-05,?,?
2001-01-08,?,?
2001-01-09,?,?
2001-01-10,?,?
2001-01-11,?,?
2001-01-12,?,?
2001-01-15,?,?
2001-01-16,?,?
2001-01-17,?,?
2001-01-18,?,?
2001-01-19,?,?
2001-01-22,?,?
2001-01-23,?,?
2001-01-24,?,?
2001-01-25,?,?
2001-01-26,?,?
2001-01-29,?,?
2001-01-30,?,?
2001-01-31,?,?
2001-02-01,?,?
2001-02-02,?,?
2001-02-05,?,?
2001-02-06,?,?
2001-02-07,?,?
2001-02-08,?,?
2001-02-09,?,?
2001-02-12,?,?
2001-02-13,?,?
2001-02-14,?,?
2001-02-15,?,?
2001-02-16,?,?
2001-02-19,?,?
2001-02-20,?,?
2001-02-21,?,?
2001-02-22,?,?
2001-02-23,?,?
2001-02-26,?,?
2001-02-27,?,?
2001-02-28,?,?
2001-03-01,?,?
2001-03-02,?,?
2001-03-05,?,?
2001-03-06,?,?
2001-03-07,?,?
2001-03-08,?,?
2001-03-09,?,?
2001-03-12,?,?
2001-03-13,?,?
2001-03-14,?,?
2001-03-15,?,?
2001-03-16,?,?
2001-03-19,?,?
2001-03-20,?,?
2001-03-21,?,?
2001-03-22,?,?
2001-03-23,?,?
2001-03-26,?,?
2001-03-27,?,?
2001-03-28,?,?
2001-03-29,?,?
2001-03-30,?,?
2001-04-02,?,?
2001-04-03,?,?
2001-04-04,?,?
2001-04-05,?,?
2001-04-06,?,?
2001-04-09,?,?
2001-04-10,?,?
2001-04-11,?,?
2001-04-12,?,?
2001-04-13,?,?
2001-04-16,?,?
2001-04-17,?,?
2001-04-18,?,?
2001-04-19,?,?
2001-04-20,?,?
2001-04-23,?,?
2001-04-24,?,?
2001-04-25,?,?
2001-04-26,?,?
2001-04-27,?,?
2001-04-30,?,?
2001-05-01,?,?
2001-05-02,?,?
2001-05-03,?,?
2001-05-04,?,?
2001-05-07,?,?
2001-05-08,?,?
2001-05-09,?,?
2001-05-10,?,?
2001-05-11,?,?
2001-05-14,?,?
2001-05-15,?,?
2001-05-16,?,?
2001-05-17,?,?
2001-05-18,?,?
2001-05-21,?,?
2001-05-22,?,?
2001-05-23,?,?
2001-05-24,?,?
2001-05-25,?,?
2001-05-28,?,?
2001-05-29,?,?
2001-05-30,?,?
2001-05-31,?,?
2001-06-01,?,?
2001-06-04,?,?
2001-06-05,?,?
2001-06-06,?,?
2001-06-07,?,?
2001-06-08,?,?
2001-06-11,?,?
2001-06-12,?,?
2001-06-13,?,?
2001-06-14,?,?
2001-06-15,?,?
2001-06-18,?,?
2001-06-19,?,?
2001-06-20,?,?
2001-06-21,?,?
2001-06-22,?,?
2001-06-25,?,?
2001-06-26,?,?
2001-06-27,?,?
2001-06-28,?,?
2001-06-29,?,?
2001-07-02,?,?
2001-07-03,?,?
2001-07-04,?,?
2001-07-05,?,?
2001-07-06,?,?
2001-07-09,?,?
2001-07-10,?,?
2001-07-11,?,?
2001-07-12,?,?
2001-07-13,?,?
2001-07-16,?,?
2001-07-17,?,?
2001-07-18,?,?
2001-07-19,?,?
2001-07-20,?,?
2001-07-23,?,?
2001-07-24,?,?
2001-07-25,?,?
2001-07-26,?,?
2001-07-27,?,?
2001-07-30,?,?
2001-07-31,?,?
2001-08-01,?,?
2001-08-02,?,?
2001-08-03,?,?
2001-08-06,?,?
2001-08-07,?,?
2001-08-08,?,?
2001-08-09,?,?
2001-08-10,?,?
2001-08-13,?,?
2001-08-14,?,?
2001-08-15,?,?
2001-08-16,?,?
2001-08-17,?,?
2001-08-20,?,?
2001-08-21,?,?
2001-08-22,?,?
2001-08-23,?,?
2001-08-24,?,?
2001-08-27,?,?
2001-08-28,?,?
2001-08-29,?,?
2001-08-30,?,?
2001-08-31,?,?
2001-09-03,?,?
2001-09-04,?,?
2001-09-05,?,?
2001-09-06,?,?
2001-09-07,?,?
2001-09-10,?,?
2001-09-11,?,?
2001-09-12,?,?
2001-09-13,?,?
2001-09-14,?,?
2001-09-17,?,?
2001-09-18,?,?
2001-09-19,?,?
2001-09-20,?,?
2001-09-21,?,?
2001-09-24,?,?
2001-09-25,?,?
2001-09-26,?,?
2001-09-27,?,?
2001-09-28,?,?
2001-10-01,?,?
2001-10-02,?,?
2001-10-03,?,?
2001-10-04,?,?
2001-10-05,?,?
2001-10-08,?,?
2001-10-09,?,?
2001-10-10,?,?
2001-10-11,?,?
2001-10-12,?,?
2001-10-15,?,?
2001-10-16,?,?
2001-10-17,?,?
2001-10-18,?,?
2001-10-19,?,?
2001-10-22,?,?
2001-10-23,?,?
2001-10-24,?,?
2001-10-25,?,?
2001-10-26,?,?
2001-10-29,?,?
2001-10-30,?,?
2001-10-31,?,?
2001-11-01,?,?
2001-11-02,?,?
2001-11-05,?,?
2001-11-06,?,?
2001-11-07,?,?
2001-11-08,?,?
2001-11-09,?,?
2001-11-12,?,?
2001-11-13,?,?
2001-11-14,?,?
2001-11-15,?,?
2001-11-16,?,?
2001-11-19,?,?
2001-11-20,?,?
2001-11-21,?,?
2001-11-22,?,?
2001-11-23,?,?
2001-11-26,?,?
2001-11-27,?,?
2001-11-28,?,?
2001-11-29,?,?
2001-11-30,?,?
2001-12-03,?,?
2001-12-04,?,?
2001-12-05,?,?
2001-12-06,?,?
2001-12-07,?,?
2001-12-10,?,?
2001-12-11,?,?
2001-12-12,?,?
2001-12-13,?,?
2001-12-14,?,?
2001-12-17,?,?
2001-12-18,?,?
2001-12-19,?,?
2001-12-20,?,?
2001-12-21,?,?
2001-12-24,?,?
2001-12-25,?,?
2001-12-26,?,?
2001-12-27,?,?
2001-12-28,?,?
2001-12-31,?,?
2002-01-01,?,?
2002-01-02,?,?
2002-01-03,?,?
2002-01-04,?,?
2002-01-07,?,?
2002-01-08,?,?
2002-01-09,?,?
2002-01-10,?,?
2002-01-11,?,?
2002-01-14,?,?
2002-01-15,?,?
2002-01-16,?,?
2002-01-17,?,?
2002-01-18,?,?
2002-01-21,?,?
2002-01-22,?,?
2002-01-23,?,?
2002-01-24,?,?
2002-01-25,?,?
2002-01-28,?,?
2002-01-29,?,?
2002-01-30,?,?
2002-01-31,?,?
2002-02-01,?,?
2002-02-04,?,?
2002-02-05,?,?
2002-02-06,?,?
2002-02-07,?,?
2002-02-08,?,?
2002-02-11,?,?
2002-02-12,?,?
2002-02-13,?,?
2002-02-14,?,?
2002-02-15,?,?
2002-02-18,?,?
2002-02-19,?,?
2002-02-20,?,?
2002-02-21,?,?
2002-02-22,?,?
2002-02-25,?,?
2002-02-26,?,?
2002-02-27,?,?
2002-02-28,?,?
2002-03-01,?,?
2002-03-04,?,?
2002-03-05,?,?
2002-03-06,?,?
2002-03-07,?,?
2002-03-08,?,?
2002-03-11,?,?
2002-03-12,?,?
2002-03-13,?,?
2002-03-14,?,?
2002-03-15,?,?
2002-03-18,?,?
2002-03-19,?,?
2002-03-20,?,?
2002-03-21,?,?
2002-03-22,?,?
2002-03-25,?,?
2002-03-26,?,?
2002-03-27,?,?
2002-03-28,?,?
2002-03-29,?,?
2002-04-01,?,?
2002-04-02,?,?
2002-04-03,?,?
2002-04-04,?,?
2002-04-05,?,?
2002-04-08,?,?
2002-04-09,?,?
2002-04-10,?,?
2002-04-11,?,?
2002-04-12,?,?
2002-04-15,?,?
2002-04-16,?,?
2002-04-17,?,?
2002-04-18,?,?
2002-04-19,?,?
2002-04-22,?,?
2002-04-23,?,?
2002-04-24,?,?
2002-04-25,?,?
2002-04-26,?,?
2002-04-29,?,?
2002-04-30,?,?
2002-05-01,?,?
2002-05-02,?,?
2002-05-03,?,?
2002-05-06,?,?
2002-05-07,?,?
2002-05-08,?,?
2002-05-09,?,?
2002-05-10,?,?
2002-05-13,?,?
2002-05-14,?,?
2002-05-15,?,?
2002-05-16,?,?
2002-05-17,?,?
2002-05-20,?,?
2002-05-21,?,?
2002-05-22,?,?
2002-05-23,?,?
2002-05-24,?,?
2002-05-27,?,?
2002-05-28,?,?
2002-05-29,?,?
2002-05-30,?,?
2002-05-31,?,?
2002-06-03,?,?
2002-06-04,?,?
2002-06-05,?,?
2002-06-06,?,?
2002-06-07,?,?
2002-06-10,?,?
2002-06-11,?,?
2002-06-12,?,?
2002-06-13,?,?
2002-06-14,?,?
2002-06-17,?,?
2002-06-18,?,?
2002-06-19,?,?
2002-06-20,?,?
2002-06-21,?,?
2002-06-24,?,?
2002-06-25,?,?
2002-06-26,?,?
2002-06-27,?,?
2002-06-28,?,?
2002-07-01,?,?
2002-07-02,?,?
2002-07-03,?,?
2002-07-04,?,?
2002-07-05,?,?
2002-07-08,?,?
2002-07-09,?,?
2002-07-10,?,?
2002-07-11,?,?
2002-07-12,?,?
2002-07-15,?,?
2002-07-16,?,?
2002-07-17,?,?
2002-07-18,?,?
2002-07-19,?,?
2002-07-22,?,?
2002-07-23,?,?
2002-07-24,?,?
2002-07-25,?,?
2002-07-26,?,?
2002-07-29,?,?
2002-07-30,?,?
2002-07-31,?,?
2002-08-01,?,?
2002-08-02,?,?
2002-08-05,?,?
2002-08-06,?,?
2002-08-07,?,?
2002-08-08,?,?
2002-08-09,?,?
2002-08-12,?,?
2002-08-13,?,?
2002-08-14,?,?
2002-08-15,?,?
2002-08-16,?,?
2002-08-19,?,?
2002-08-20,?,?
2002-08-21,?,?
2002-08-22,?,?
2002-08-23,?,?
2002-08-26,?,?
2002-08-27,?,?
2002-08-28,?,?
2002-08-29,?,?
2002-08-30,?,?
2002-09-02,?,?
2002-09-03,?,?
2002-09-04,?,?
2002-09-05,?,?
2002-09-06,?,?
2002-09-09,?,?
2002-09-10,?,?
2002-09-11,?,?
2002-09-12,?,?
2002-09-13,?,?
2002-09-16,?,?
2002-09-17,?,?
2002-09-18,?,?
2002-09-19,?,?
2002-09-20,?,?
2002-09-23,?,?
2002-09-24,?,?
2002-09-25,?,?
2002-09-26,?,?
2002-09-27,?,?
2002-09-30,?,?
2002-10-01,?,?
2002-10-02,?,?
2002-10-03,?,?
2002-10-04,?,?
2002-10-07,?,?
2002-10-08,?,?
2002-10-09,?,?
2002-10-10,?,?
2002-10-11,?,?
2002-10-14,?,?
2002-10-15,?,?
2002-10-16,?,?
2002-10-17,?,?
2002-10-18,?,?
2002-10-21,?,?
2002-10-22,?,?
2002-10-23,?,?
2002-10-24,?,?
2002-10-25,?,?
2002-10-28,?,?
2002-10-29,?,?
2002-10-30,?,?
2002-10-31,?,?
2002-11-01,?,?
2002-11-04,?,?
2002-11-05,?,?
2002-11-06,?,?
2002-11-07,?,?
2002-11-08,?,?
2002-11-11,?,?
2002-11-12,?,?
2002-11-13,?,?
2002-11-14,?,?
2002-11-15,?,?
2002-11-18,?,?
2002-11-19,?,?
2002-11-20,?,?
2002-11-21,?,?
2002-11-22,?,?
2002-11-25,?,?
2002-11-26,?,?
2002-11-27,?,?
2002-11-28,?,?
2002-11-29,?,?
2002-12-02,?,?
2002-12-03,?,?
2002-12-04,?,?
2002-12-05,?,?
2002-12-06,?,?
2002-12-09,?,?
2002-12-10,?,?
2002-12-11,?,?
2002-12-12,?,?
2002-12-13,?,?
2002-12-16,?,?
2002-12-17,?,?
2002-12-18,?,?
2002-12-19,?,?
2002-12-20,?,?
2002-12-23,?,?
2002-12-24,?,?
2002-12-25,?,?
2002-12-26,?,?
2002-12-27,?,?
2002-12-30,?,?
2002-12-31,?,?
2003-01-01,?,?
2003-01-02,?,?
2003-01-03,?,?
2003-01-06,?,?
2003-01-07,?,?
2003-01-08,?,?
2003-01-09,?,?
2003-01-10,?,?
2003-01-13,?,?
2003-01-14,?,?
2003-01-15,?,?
2003-01-16,?,?
2003-01-17,?,?
2003-01-20,?,?
2003-01-21,?,?
2003-01-22,?,?
2003-01-23,?,?
2003-01-24,?,?
2003-01-27,?,?
2003-01-28,?,?
2003-01-29,?,?
2003-01-30,?,?
2003-01-31,?,?
2003-02-03,?,?
2003-02-04,?,?
2003-02-05,?,?
2003-02-06,?,?
2003-02-07,?,?
2003-02-10,?,?
2003-02-11,?,?
2003-02-12,?,?
2003-02-13,?,?
2003-02-14,?,?
2003-02-17,?,?
2003-02-18,?,?
2003-02-19,?,?
2003-02-20,?,?
2003-02-21,?,?
2003-02-24,?,?
2003-02-25,?,?
2003-02-26,?,?
2003-02-27,?,?
2003-02-28,?,?
2003-03-03,?,?
2003-03-04,?,?
2003-03-05,?,?
2003-03-06,?,?
2003-03-07,?,?
2003-03-10,?,?
2003-03-11,?,?
2003-03-12,?,?
2003-03-13,?,?
2003-03-14,?,?
2003-03-17,?,?
2003-03-18,?,?
2003-03-19,?,?
2003-03-20,?,?
2003-03-21,?,?
2003-03-24,?,?
2003-03-25,?,?
2003-03-26,?,?
2003-03-27,?,?
2003-03-28,?,?
2003-03-31,?,?
2003-04-01,?,?
2003-04-02,?,?
2003-04-03,?,?
2003-04-04,?,?
2003-04-07,?,?
2003-04-08,?,?
2003-04-09,?,?
2003-04-10,?,?
2003-04-11,?,?
2003-04-14,?,?
2003-04-15,?,?
2003-04-16,?,?
2003-04-17,?,?
2003-04-18,?,?
2003-04-21,?,?
2003-04-22,?,?
2003-04-23,?,?
2003-04-24,?,?
2003-04-25,?,?
2003-04-28,?,?
2003-04-29,?,?
2003-04-30,?,?
2003-05-01,?,?
2003-05-02,?,?
2003-05-05,?,?
2003-05-06,?,?
2003-05-07,?,?
2003-05-08,?,?
2003-05-09,?,?
2003-05-12,?,?
2003-05-13,?,?
2003-05-14,?,?
2003-05-15,?,?
2003-05-16,?,?
2003-05-19,?,?
2003-05-20,?,?
2003-05-21,?,?
2003-05-22,?,?
2003-05-23,?,?
2003-05-26,?,?
2003-05-27,?,?
2003-05-28,?,?
2003-05-29,?,?
2003-05-30,?,?
2003-06-02,?,?
2003-06-03,?,?
2003-06-04,?,?
2003-06-05,?,?
2003-06-06,?,?
2003-06-09,?,?
2003-06-10,?,?
2003-06-11,?,?
2003-06-12,?,?
2003-06-13,?,?
2003-06-16,?,?
2003-06-17,?,?
2003-06-18,?,?
2003-06-19,?,?
2003-06-20,?,?
2003-06-23,?,?
2003-06-24,?,?
2003-06-25,?,?
2003-06-26,?,?
2003-06-27,?,?
2003-06-30,?,?
2003-07-01,?,?
2003-07-02,?,?
2003-07-03,?,?
2003-07-04,?,?
2003-07-07,?,?
2003-07-08,?,?
2003-07-09,?,?
2003-07-10,?,?
2003-07-11,?,?
2003-07-14,?,?
2003-07-15,?,?
2003-07-16,?,?
2003-07-17,?,?
2003-07-18,?,?
2003-07-21,?,?
2003-07-22,?,?
2003-07-23,?,?
2003-07-24,?,?
2003-07-25,?,?
2003-07-28,?,?
2003-07-29,?,?
2003-07-30,?,?
2003-07-31,?,?
2003-08-01,?,?
2003-08-04,?,?
2003-08-05,?,?
2003-08-06,?,?
2003-08-07,?,?
2003-08-08,?,?
2003-08-11,?,?
2003-08-12,?,?
2003-08-13,?,?
2003-08-14,?,?
2003-08-15,?,?
2003-08-18,?,?
2003-08-19,?,?
2003-08-20,?,?
2003-08-21,?,?
2003-08-22,?,?
2003-08-25,?,?
2003-08-26,?,?
2003-08-27,?,?
2003-08-28,?,?
2003-08-29,?,?
2003-09-01,?,?
2003-09-02,?,?
2003-09-03,?,?
2003-09-04,?,?
2003-09-05,?,?
2003-09-08,?,?
2003-09-09,?,?
2003-09-10,?,?
2003-09-11,?,?
2003-09-12,?,?
2003-09-15,?,?
2003-09-16,?,?
2003-09-17,?,?
2003-09-18,?,?
2003-09-19,?,?
2003-09-22,?,?
2003-09-23,?,?
2003-09-24,?,?
2003-09-25,?,?
2003-09-26,?,?
2003-09-29,?,?
2003-09-30,?,?
2003-10-01,?,?
2003-10-02,?,?
2003-10-03,?,?
2003-10-06,?,?
2003-10-07,?,?
2003-10-08,?,?
2003-10-09,?,?
2003-10-10,?,?
2003-10-13,?,?
2003-10-14,?,?
2003-10-15,?,?
2003-10-16,?,?
2003-10-17,?,?
2003-10-20,?,?
2003-10-21,?,?
2003-10-22,?,?
2003-10-23,?,?
2003-10-24,?,?
2003-10-27,?,?
2003-10-28,?,?
2003-10-29,?,?
2003-10-30,?,?
2003-10-31,?,?
2003-11-03,?,?
2003-11-04,?,?
2003-11-05,?,?
2003-11-06,?,?
2003-11-07,?,?
2003-11-10,?,?
2003-11-11,?,?
2003-11-12,?,?
2003-11-13,?,?
2003-11-14,?,?
2003-11-17,?,?
2003-11-18,?,?
2003-11-19,?,?
2003-11-20,?,?
2003-11-21,?,?
2003-11-24,?,?
2003-11-25,?,?
2003-11-26,?,?
2003-11-27,?,?
2003-11-28,?,?
2003-12-01,?,?
2003-12-02,?,?
2003-12-03,?,?
2003-12-04,?,?
2003-12-05,?,?
2003-12-08,?,?
2003-12-09,?,?
2003-12-10,?,?
2003-12-11,?,?
2003-12-12,?,?
2003-12-15,?,?
2003-12-16,?,?
2003-12-17,?,?
2003-12-18,?,?
2003-12-19,?,?
2003-12-22,?,?
2003-12-23,?,?
2003-12-24,?,?
2003-12-25,?,?
2003-12-26,?,?
2003-12-29,?,?
2003-12-30,?,?
2003-12-31,?,?
2004-01-01,?,?
2004-01-02,?,?
2004-01-05,?,?
2004-01-06,?,?
2004-01-07,?,?
2004-01-08,?,?
2004-01-09,?,?
2004-01-12,?,?
2004-01-13,?,?
2004-01-14,?,?
2004-01-15,?,?
2004-01-16,?,?
2004-01-19,?,?
2004-01-20,?,?
2004-01-21,?,?
2004-01-22,?,?
2004-01-23,?,?
2004-01-26,?,?
2004-01-27,?,?
2004-01-28,?,?
2004-01-29,?,?
2004-01-30,?,?
2004-02-02,?,?
2004-02-03,?,?
2004-02-04,?,?
2004-02-05,?,?
2004-02-06,?,?
2004-02-09,?,?
2004-02-10,?,?
2004-02-11,?,?
2004-02-12,?,?
2004-02-13,?,?
2004-02-16,?,?
2004-02-17,?,?
2004-02-18,?,?
2004-02-19,?,?
2004-02-20,?,?
2004-02-23,?,?
2004-02-24,?,?
2004-02-25,?,?
2004-02-26,?,?
2004-02-27,?,?
2004-03-01,?,?
2004-03-02,?,?
2004-03-03,?,?
2004-03-04,?,?
2004-03-05,?,?
2004-03-08,?,?
2004-03-09,?,?
2004-03-10,?,?
2004-03-11,?,?
2004-03-12,?,?
2004-03-15,?,?
2004-03-16,?,?
2004-03-17,?,?
2004-03-18,?,?
2004-03-19,?,?
2004-03-22,?,?
2004-03-23,?,?
2004-03-24,?,?
2004-03-25,?,?
2004-03-26,?,?
2004-03-29,?,?
2004-03-30,?,?
2004-03-31,?,?
2004-04-01,?,?
2004-04-02,?,?
2004-04-05,?,?
2004-04-06,?,?
2004-04-07,?,?
2004-04-08,?,?
2004-04-09,?,?
2004-04-12,?,?
2004-04-13,?,?
2004-04-14,?,?
2004-04-15,?,?
2004-04-16,?,?
2004-04-19,?,?
2004-04-20,?,?
2004-04-21,?,?
2004-04-22,?,?
2004-04-23,?,?
2004-04-26,?,?
2004-04-27,?,?
2004-04-28,?,?
2004-04-29,?,?
2004-04-30,?,?
2004-05-03,?,?
2004-05-04,?,?
2004-05-05,?,?
2004-05-06,?,?
2004-05-07,?,?
2004-05-10,?,?
2004-05-11,?,?
2004-05-12,?,?
2004-05-13,?,?
2004-05-14,?,?
2004-05-17,?,?
2004-05-18,?,?
2004-05-19,?,?
2004-05-20,?,?
2004-05-21,?,?
2004-05-24,?,?
2004-05-25,?,?
2004-05-26,?,?
2004-05-27,?,?
2004-05-28,?,?
2004-05-31,?,?
2004-06-01,?,?
2004-06-02,?,?
2004-06-03,?,?
2004-06-04,?,?
2004-06-07,?,?
2004-06-08,?,?
2004-06-09,?,?
2004-06-10,?,?
2004-06-11,?,?
2004-06-14,?,?
2004-06-15,?,?
2004-06-16,?,?
2004-06-17,?,?
2004-06-18,?,?
2004-06-21,?,?
2004-06-22,?,?
2004-06-23,?,?
2004-06-24,?,?
2004-06-25,?,?
2004-06-28,?,?
2004-06-29,?,?
2004-06-30,?,?
2004-07-01,?,?
2004-07-02,?,?
2004-07-05,?,?
2004-07-06,?,?
2004-07-07,?,?
2004-07-08,?,?
2004-07-09,?,?
2004-07-12,?,?
2004-07-13,?,?
2004-07-14,?,?
2004-07-15,?,?
2004-07-16,?,?
2004-07-19,?,?
2004-07-20,?,?
2004-07-21,?,?
2004-07-22,?,?
2004-07-23,?,?
2004-07-26,?,?
2004-07-27,?,?
2004-07-28,?,?
2004-07-29,?,?
2004-07-30,?,?
2004-08-02,?,?
2004-08-03,?,?
2004-08-04,?,?
2004-08-05,?,?
2004-08-06,?,?
2004-08-09,?,?
2004-08-10,?,?
2004-08-11,?,?
2004-08-12,?,?
2004-08-13,?,?
2004-08-16,?,?
2004-08-17,?,?
2004-08-18,?,?
2004-08-19,?,?
2004-08-20,?,?
2004-08-23,?,?
2004-08-24,?,?
2004-08-25,?,?
2004-08-26,?,?
2004-08-27,?,?
2004-08-30,?,?
2004-08-31,?,?
2004-09-01,?,?
2004-09-02,?,?
2004-09-03,?,?
2004-09-06,?,?
2004-09-07,?,?
2004-09-08,?,?
2004-09-09,?,?
2004-09-10,?,?
2004-09-13,?,?
2004-09-14,?,?
2004-09-15,?,?
2004-09-16,?,?
2004-09-17,?,?
2004-09-20,?,?
2004-09-21,?,?
2004-09-22,?,?
2004-09-23,?,?
2004-09-24,?,?
2004-09-27,?,?
2004-09-28,?,?
2004-09-29,?,?
2004-09-30,?,?
2004-10-01,?,?
2004-10-04,?,?
2004-10-05,?,?
2004-10-06,?,?
2004-10-07,?,?
2004-10-08,?,?
2004-10-11,?,?
2004-10-12,?,?
2004-10-13,?,?
2004-10-14,?,?
2004-10-15,?,?
2004-10-18,?,?
2004-10-19,?,?
2004-10-20,?,?
2004-10-21,?,?
2004-10-22,?,?
2004-10-25,?,?
2004-10-26,?,?
2004-10-27,?,?
2004-10-28,?,?
2004-10-29,?,?
2004-11-01,?,?
2004-11-02,?,?
2004-11-03,?,?
2004-11-04,?,?
2004-11-05,?,?
2004-11-08,?,?
2004-11-09,?,?
2004-11-10,?,?
2004-11-11,?,?
2004-11-12,?,?
2004-11-15,?,?
2004-11-16,?,?
2004-11-17,?,?
2004-11-18,?,?
2004-11-19,?,?
2004-11-22,?,?
2004-11-23,?,?
2004-11-24,?,?
2004-11-25,?,?
2004-11-26,?,?
2004-11-29,?,?
2004-11-30,?,?
2004-12-01,?,?
2004-12-02,?,?
2004-12-03,?,?
2004-12-06,?,?
2004-12-07,?,?
2004-12-08,?,?
2004-12-09,?,?
2004-12-10,?,?
2004-12-13,?,?
2004-12-14,?,?
2004-12-15,?,?
2004-12-16,?,?
2004-12-17,?,?
2004-12-20,?,?
2004-12-21,?,?
2004-12-22,?,?
2004-12-23,?,?
2004-12-24,?,?
2004-12-27,?,?
2004-12-28,?,?
2004-12-29,?,?
2004-12-30,?,?
2004-12-31,?,?
2005-01-03,?,?
2005-01-04,?,?
2005-01-05,?,?
2005-01-06,?,?
2005-01-07,?,?
2005-01-10,?,?
2005-01-11,?,?
2005-01-12,?,?
2005-01-13,?,?
2005-01-14,?,?
2005-01-17,?,?
2005-01-18,?,?
2005-01-19,?,?
2005-01-20,?,?
2005-01-21,?,?
2005-01-24,?,?
2005-01-25,?,?
2005-01-26,?,?
2005-01-27,?,?
2005-01-28,?,?
2005-01-31,?,?
2005-02-01,?,?
2005-02-02,?,?
2005-02-03,?,?
2005-02-04,?,?
2005-02-07,?,?
2005-02-08,?,?
2005-02-09,?,?
2005-02-10,?,?
2005-02-11,?,?
2005-02-14,?,?
2005-02-15,?,?
2005-02-16,?,?
2005-02-17,?,?
2005-02-18,?,?
2005-02-21,?,?
2005-02-22,?,?
2005-02-23,?,?
2005-02-24,?,?
2005-02-25,?,?
2005-02-28,?,?
2005-03-01,?,?
2005-03-02,?,?
2005-03-03,?,?
2005-03-04,?,?
2005-03-07,?,?
2005-03-08,?,?
2005-03-09,?,?
2005-03-10,?,?
2005-03-11,?,?
2005-03-14,?,?
2005-03-15,?,?
2005-03-16,?,?
2005-03-17,?,?
2005-03-18,?,?
2005-03-21,?,?
2005-03-22,?,?
2005-03-23,?,?
2005-03-24,?,?
2005-03-25,?,?
2005-03-28,?,?
2005-03-29,?,?
2005-03-30,?,?
2005-03-31,?,?
2005-04-01,?,?
2005-04-04,?,?
2005-04-05,?,?
2005-04-06,?,?
2005-04-07,?,?
2005-04-08,?,?
2005-04-11,?,?
2005-04-12,?,?
2005-04-13,?,?
2005-04-14,?,?
2005-04-15,?,?
2005-04-18,?,?
2005-04-19,?,?
2005-04-20,?,?
2005-04-21,?,?
2005-04-22,?,?
2005-04-25,?,?
2005-04-26,?,?
2005-04-27,?,?
2005-04-28,?,?
2005-04-29,?,?
2005-05-02,?,?
2005-05-03,?,?
2005-05-04,?,?
2005-05-05,?,?
2005-05-06,?,?
2005-05-09,?,?
2005-05-10,?,?
2005-05-11,?,?
2005-05-12,?,?
2005-05-13,?,?
2005-05-16,?,?
2005-05-17,?,?
2005-05-18,?,?
2005-05-19,?,?
2005-05-20,?,?
2005-05-23,?,?
2005-05-24,?,?
2005-05-25,?,?
2005-05-26,?,?
2005-05-27,?,?
2005-05-30,?,?
2005-05-31,?,?
2005-06-01,?,?
2005-06-02,?,?
2005-06-03,?,?
2005-06-06,?,?
2005-06-07,?,?
2005-06-08,?,?
2005-06-09,?,?
2005-06-10,?,?
2005-06-13,?,?
2005-06-14,?,?
2005-06-15,?,?
2005-06-16,?,?
2005-06-17,?,?
2005-06-20,?,?
2005-06-21,?,?
2005-06-22,?,?
2005-06-23,?,?
2005-06-24,?,?
2005-06-27,?,?
2005-06-28,?,?
2005-06-29,?,?
2005-06-30,?,?
2005-07-01,?,?
2005-07-04,?,?
2005-07-05,?,?
2005-07-06,?,?
2005-07-07,?,?
2005-07-08,?,?
2005-07-11,?,?
2005-07-12,?,?
2005-07-13,?,?
2005-07-14,?,?
2005-07-15,?,?
2005-07-18,?,?
2005-07-19,?,?
2005-07-20,?,?
2005-07-21,?,?
2005-07-22,?,?
2005-07-25,?,?
2005-07-26,?,?
2005-07-27,?,?
2005-07-28,?,?
2005-07-29,?,?
2005-08-01,?,?
2005-08-02,?,?
2005-08-03,?,?
2005-08-04,?,?
2005-08-05,?,?
2005-08-08,?,?
2005-08-09,?,?
2005-08-10,?,?
2005-08-11,?,?
2005-08-12,?,?
2005-08-15,?,?
2005-08-16,?,?
2005-08-17,?,?
2005-08-18,?,?
2005-08-19,?,?
2005-08-22,?,?
2005-08-23,?,?
2005-08-24,?,?
2005-08-25,?,?
2005-08-26,?,?
2005-08-29,?,?
2005-08-30,?,?
2005-08-31,?,?
2005-09-01,?,?
2005-09-02,?,?
2005-09-05,?,?
2005-09-06,?,?
2005-09-07,?,?
2005-09-08,?,?
2005-09-09,?,?
2005-09-12,?,?
2005-09-13,?,?
2005-09-14,?,?
2005-09-15,?,?
2005-09-16,?,?
2005-09-19,?,?
2005-09-20,?,?
2005-09-21,?,?
2005-09-22,?,?
2005-09-23,?,?
2005-09-26,?,?
2005-09-27,?,?
2005-09-28,?,?
2005-09-29,?,?
2005-09-30,?,?
2005-10-03,?,?
2005-10-04,?,?
2005-10-05,?,?
2005-10-06,?,?
2005-10-07,?,?
2005-10-10,?,?
2005-10-11,?,?
2005-10-12,?,?
2005-10-13,?,?
2005-10-14,?,?
2005-10-17,?,?
2005-10-18,?,?
2005-10-19,?,?
2005-10-20,?,?
2005-10-21,?,?
2005-10-24,?,?
2005-10-25,?,?
2005-10-26,?,?
2005-10-27,?,?
2005-10-28,?,?
2005-10-31,?,?
2005-11-01,?,?
2005-11-02,?,?
2005-11-03,?,?
2005-11-04,?,?
2005-11-07,?,?
2005-11-08,?,?
2005-11-09,?,?
2005-11-10,?,?
2005-11-11,?,?
2005-11-14,?,?
2005-11-15,?,?
2005-11-16,?,?
2005-11-17,?,?
2005-11-18,?,?
2005-11-21,?,?
2005-11-22,?,?
2005-11-23,?,?
2005-11-24,?,?
2005-11-25,?,?
2005-11-28,?,?
2005-11-29,?,?
2005-11-30,?,?
2005-12-01,?,?
2005-12-02,?,?
2005-12-05,?,?
2005-12-06,?,?
2005-12-07,?,?
2005-12-08,?,?
2005-12-09,?,?
2005-12-12,?,?
2005-12-13,?,?
2005-12-14,?,?
2005-12-15,?,?
2005-12-16,?,?
2005-12-19,?,?
2005-12-20,?,?
2005-12-21,?,?
2005-12-22,?,?
2005-12-23,?,?
2005-12-26,?,?
2005-12-27,?,?
2005-12-28,?,?
2005-12-29,?,?
2005-12-30,?,?
2006-01-02,?,?
2006-01-03,?,?
2006-01-04,?,?
2006-01-05,?,?
2006-01-06,?,?
2006-01-09,?,?
2006-01-10,?,?
2006-01-11,?,?
2006-01-12,?,?
2006-01-13,?,?
2006-01-16,?,?
2006-01-17,?,?
2006-01-18,?,?
2006-01-19,?,?
2006-01-20,?,?
2006-01-23,?,?
2006-01-24,?,?
2006-01-25,?,?
2006-01-26,?,?
2006-01-27,?,?
2006-01-30,?,?
2006-01-31,?,?
2006-02-01,?,?
2006-02-02,?,?
2006-02-03,?,?
2006-02-06,?,?
2006-02-07,?,?
2006-02-08,?,?
2006-02-09,?,?
2006-02-10,?,?
2006-02-13,?,?
2006-02-14,?,?
2006-02-15,?,?
2006-02-16,?,?
2006-02-17,?,?
2006-02-20,?,?
2006-02-21,?,?
2006-02-22,?,?
2006-02-23,?,?
2006-02-24,?,?
2006-02-27,?,?
2006-02-28,?,?
2006-03-01,?,?
2006-03-02,?,?
2006-03-03,?,?
2006-03-06,?,?
2006-03-07,?,?
2006-03-08,?,?
2006-03-09,?,?
2006-03-10,?,?
2006-03-13,?,?
2006-03-14,?,?
2006-03-15,?,?
2006-03-16,?,?
2006-03-17,?,?
2006-03-20,?,?
2006-03-21,?,?
2006-03-22,?,?
2006-03-23,?,?
2006-03-24,?,?
2006-03-27,?,?
2006-03-28,?,?
2006-03-29,?,?
2006-03-30,?,?
2006-03-31,?,?
2006-04-03,?,?
2006-04-04,?,?
2006-04-05,?,?
2006-04-06,?,?
2006-04-07,?,?
2006-04-10,?,?
2006-04-11,?,?
2006-04-12,?,?
2006-04-13,?,?
2006-04-14,?,?
2006-04-17,?,?
2006-04-18,?,?
2006-04-19,?,?
2006-04-20,?,?
2006-04-21,?,?
2006-04-24,?,?
2006-04-25,?,?
2006-04-26,?,?
2006-04-27,?,?
2006-04-28,?,?
2006-05-01,?,?
2006-05-02,?,?
2006-05-03,?,?
2006-05-04,?,?
2006-05-05,?,?
2006-05-08,?,?
2006-05-09,?,?
2006-05-10,?,?
2006-05-11,?,?
2006-05-12,?,?
2006-05-15,?,?
2006-05-16,?,?
2006-05-17,?,?
2006-05-18,?,?
2006-05-19,?,?
2006-05-22,?,?
2006-05-23,?,?
2006-05-24,?,?
2006-05-25,?,?
2006-05-26,?,?
2006-05-29,?,?
2006-05-30,?,?
2006-05-31,?,?
2006-06-01,?,?
2006-06-02,?,?
2006-06-05,?,?
2006-06-06,?,?
2006-06-07,?,?
2006-06-08,?,?
2006-06-09,?,?
2006-06-12,?,?
2006-06-13,?,?
2006-06-14,?,?
2006-06-15,?,?
2006-06-16,?,?
2006-06-19,?,?
2006-06-20,?,?
2006-06-21,?,?
2006-06-22,?,?
2006-06-23,?,?
2006-06-26,?,?
2006-06-27,?,?
2006-06-28,?,?
2006-06-29,?,?
2006-06-30,?,?
2006-07-03,?,?
2006-07-04,?,?
2006-07-05,?,?
2006-07-06,?,?
2006-07-07,?,?
2006-07-10,?,?
2006-07-11,?,?
2006-07-12,?,?
2006-07-13,?,?
2006-07-14,?,?
2006-07-17,?,?
2006-07-18,?,?
2006-07-19,?,?
2006-07-20,?,?
2006-07-21,?,?
2006-07-24,?,?
2006-07-25,?,?
2006-07-26,?,?
2006-07-27,?,?
2006-07-28,?,?
2006-07-31,?,?
2006-08-01,?,?
2006-08-02,?,?
2006-08-03,?,?
2006-08-04,?,?
2006-08-07,?,?
2006-08-08,?,?
2006-08-09,?,?
2006-08-10,?,?
2006-08-11,?,?
2006-08-14,?,?
2006-08-15,?,?
2006-08-16,?,?
2006-08-17,?,?
2006-08-18,?,?
2006-08-21,?,?
2006-08-22,?,?
2006-08-23,?,?
2006-08-24,?,?
2006-08-25,?,?
2006-08-28,?,?
2006-08-29,?,?
2006-08-30,?,?
2006-08-31,?,?
2006-09-01,?,?
2006-09-04,?,?
2006-09-05,?,?
2006-09-06,?,?
2006-09-07,?,?
2006-09-08,?,?
2006-09-11,?,?
2006-09-12,?,?
2006-09-13,?,?
2006-09-14,?,?
2006-09-15,?,?
2006-09-18,?,?
2006-09-19,?,?
2006-09-20,?,?
2006-09-21,?,?
2006-09-22,?,?
2006-09-25,?,?
2006-09-26,?,?
2006-09-27,?,?
2006-09-28,?,?
2006-09-29,?,?
2006-10-02,?,?
2006-10-03,?,?
2006-10-04,?,?
2006-10-05,?,?
2006-10-06,?,?
2006-10-09,?,?
2006-10-10,?,?
2006-10-11,?,?
2006-10-12,?,?
2006-10-13,?,?
2006-10-16,?,?
2006-10-17,?,?
2006-10-18,?,?
2006-10-19,?,?
2006-10-20,?,?
2006-10-23,?,?
2006-10-24,?,?
2006-10-25,?,?
2006-10-26,?,?
2006-10-27,?,?
2006-10-30,?,?
2006-10-31,?,?
2006-11-01,?,?
2006-11-02,?,?
2006-11-03,?,?
2006-11-06,?,?
2006-11-07,?,?
2006-11-08,?,?
2006-11-09,?,?
2006-11-10,?,?
2006-11-13,?,?
2006-11-14,?,?
2006-11-15,?,?
2006-11-16,?,?
2006-11-17,?,?
2006-11-20,?,?
2006-11-21,?,?
2006-11-22,?,?
2006-11-23,?,?
2006-11-24,?,?
2006-11-27,?,?
2006-11-28,?,?
2006-11-29,?,?
2006-11-30,?,?
2006-12-01,?,?
2006-12-04,?,?
2006-12-05,?,?
2006-12-06,?,?
2006-12-07,?,?
2006-12-08,?,?
2006-12-11,?,?
2006-12-12,?,?
2006-12-13,?,?
2006-12-14,?,?
2006-12-15,?,?
2006-12-18,?,?
2006-12-19,?,?
2006-12-20,?,?
2006-12-21,?,?
2006-12-22,?,?
2006-12-25,?,?
2006-12-26,?,?
2006-12-27,?,?
2006-12-28,?,?
2006-12-29,?,?
2007-01-01,?,?
2007-01-02,?,?
2007-01-03,?,?
2007-01-04,?,?
2007-01-05,?,?
2007-01-08,?,?
2007-01-09,?,?
2007-01-10,?,?
2007-01-11,?,?
2007-01-12,?,?
2007-01-15,?,?
2007-01-16,?,?
2007-01-17,?,?
2007-01-18,?,?
2007-01-19,?,?
2007-01-22,?,?
2007-01-23,?,?
2007-01-24,?,?
2007-01-25,?,?
2007-01-26,?,?
2007-01-29,?,?
2007-01-30,?,?
2007-01-31,?,?
2007-02-01,?,?
2007-02-02,?,?
2007-02-05,?,?
2007-02-06,?,?
2007-02-07,?,?
2007-02-08,?,?
2007-02-09,?,?
2007-02-12,?,?
2007-02-13,?,?
2007-02-14,?,?
2007-02-15,?,?
2007-02-16,?,?
2007-02-19,?,?
2007-02-20,?,?
2007-02-21,?,?
2007-02-22,?,?
2007-02-23,?,?
2007-02-26,?,?
2007-02-27,?,?
2007-02-28,?,?
2007-03-01,?,?
2007-03-02,?,?
2007-03-05,?,?
2007-03-06,?,?
2007-03-07,?,?
2007-03-08,?,?
2007-03-09,?,?
2007-03-12,?,?
2007-03-13,?,?
2007-03-14,?,?
2007-03-15,?,?
2007-03-16,?,?
2007-03-19,?,?
2007-03-20,?,?
2007-03-21,?,?
2007-03-22,?,?
2007-03-23,?,?
2007-03-26,?,?
2007-03-27,?,?
2007-03-28,?,?
2007-03-29,?,?
2007-03-30,?,?
2007-04-02,?,?
2007-04-03,?,?
2007-04-04,?,?
2007-04-05,?,?
2007-04-06,?,?
2007-04-09,?,?
2007-04-10,?,?
2007-04-11,?,?
2007-04-12,?,?
2007-04-13,?,?
2007-04-16,?,?
2007-04-17,?,?
2007-04-18,?,?
2007-04-19,?,?
2007-04-20,?,?
2007-04-23,?,?
2007-04-24,?,?
2007-04-25,?,?
2007-04-26,?,?
2007-04-27,?,?
2007-04-30,?,?
2007-05-01,?,?
2007-05-02,?,?
2007-05-03,?,?
2007-05-04,?,?
2007-05-07,?,?
2007-05-08,?,?
2007-05-09,?,?
2007-05-10,?,?
2007-05-11,?,?
2007-05-14,?,?
2007-05-15,?,?
2007-05-16,?,?
2007-05-17,?,?
2007-05-18,?,?
2007-05-21,?,?
2007-05-22,?,?
2007-05-23,?,?
2007-05-24,?,?
2007-05-25,?,?
2007-05-28,?,?
2007-05-29,?,?
2007-05-30,?,?
2007-05-31,?,?
2007-06-01,?,?
2007-06-04,?,?
2007-06-05,?,?
2007-06-06,?,?
2007-06-07,?,?
2007-06-08,?,?
2007-06-11,?,?
2007-06-12,?,?
2007-06-13,?,?
2007-06-14,?,?
2007-06-15,?,?
2007-06-18,?,?
2007-06-19,?,?
2007-06-20,?,?
2007-06-21,?,?
2007-06-22,?,?
2007-06-25,?,?
2007-06-26,?,?
2007-06-27,?,?
2007-06-28,?,?
2007-06-29,?,?
2007-07-02,?,?
2007-07-03,?,?
2007-07-04,?,?
2007-07-05,?,?
2007-07-06,?,?
2007-07-09,?,?
2007-07-10,?,?
2007-07-11,?,?
2007-07-12,?,?
2007-07-13,?,?
2007-07-16,?,?
2007-07-17,?,?
2007-07-18,?,?
2007-07-19,?,?
2007-07-20,?,?
2007-07-23,?,?
2007-07-24,?,?
2007-07-25,?,?
2007-07-26,?,?
2007-07-27,?,?
2007-07-30,?,?
2007-07-31,?,?
2007-08-01,?,?
2007-08-02,?,?
2007-08-03,?,?
2007-08-06,?,?
2007-08-07,?,?
2007-08-08,?,?
2007-08-09,?,?
2007-08-10,?,?
2007-08-13,?,?
2007-08-14,?,?
2007-08-15,?,?
2007-08-16,?,?
2007-08-17,?,?
2007-08-20,?,?
2007-08-21,?,?
2007-08-22,?,?
2007-08-23,?,?
2007-08-24,?,?
2007-08-27,?,?
2007-08-28,?,?
2007-08-29,?,?
2007-08-30,?,?
2007-08-31,?,?
2007-09-03,?,?
2007-09-04,?,?
2007-09-05,?,?
2007-09-06,?,?
2007-09-07,?,?
2007-09-10,?,?
2007-09-11,?,?
2007-09-12,?,?
2007-09-13,?,?
2007-09-14,?,?
2007-09-17,?,?
2007-09-18,?,?
2007-09-19,?,?
2007-09-20,?,?
2007-09-21,?,?
2007-09-24,?,?
2007-09-25,?,?
2007-09-26,?,?
2007-09-27,?,?
2007-09-28,?,?
2007-10-01,?,?
2007-10-02,?,?
2007-10-03,?,?
2007-10-04,?,?
2007-10-05,?,?
2007-10-08,?,?
2007-10-09,?,?
2007-10-10,?,?
2007-10-11,?,?
2007-10-12,?,?
2007-10-15,?,?
2007-10-16,?,?
2007-10-17,?,?
2007-10-18,?,?
2007-10-19,?,?
2007-10-22,?,?
2007-10-23,?,?
2007-10-24,?,?
2007-10-25,?,?
2007-10-26,?,?
2007-10-29,?,?
2007-10-30,?,?
2007-10-31,?,?
2007-11-01,?,?
2007-11-02,?,?
2007-11-05,?,?
2007-11-06,?,?
2007-11-07,?,?
2007-11-08,?,?
2007-11-09,?,?
2007-11-12,?,?
2007-11-13,?,?
2007-11-14,?,?
2007-11-15,?,?
2007-11-16,?,?
2007-11-19,?,?
2007-11-20,?,?
2007-11-21,?,?
2007-11-22,?,?
2007-11-23,?,?
2007-11-26,?,?
2007-11-27,?,?
2007-11-28,?,?
2007-11-29,?,?
2007-11-30,?,?
2007-12-03,?,?
2007-12-04,?,?
2007-12-05,?,?
2007-12-06,?,?
2007-12-07,?,?
2007-12-10,?,?
2007-12-11,?,?
2007-12-12,?,?
2007-12-13,?,?
2007-12-14,?,?
2007-12-17,?,?
2007-12-18,?,?
2007-12-19,?,?
2007-12-20,?,?
2007-12-21,?,?
2007-12-24,?,?
2007-12-25,?,?
2007-12-26,?,?
2007-12-27,?,?
2007-12-28,?,?
2007-12-31,?,?
2008-01-01,?,?
2008-01-02,?,?
2008-01-03,?,?
2008-01-04,?,?
2008-01-07,?,?
2008-01-08,?,?
2008-01-09,?,?
2008-01-10,?,?
2008-01-11,?,?
2008-01-14,?,?
2008-01-15,?,?
2008-01-16,?,?
2008-01-17,?,?
2008-01-18,?,?
2008-01-21,?,?
2008-01-22,?,?
2008-01-23,?,?
2008-01-24,?,?
2008-01-25,?,?
2008-01-28,?,?
2008-01-29,?,?
2008-01-30,?,?
2008-01-31,?,?
2008-02-01,?,?
2008-02-04,?,?
2008-02-05,?,?
2008-02-06,?,?
2008-02-07,?,?
2008-02-08,?,?
2008-02-11,?,?
2008-02-12,?,?
2008-02-13,?,?
2008-02-14,?,?
2008-02-15,?,?
2008-02-18,?,?
2008-02-19,?,?
2008-02-20,?,?
2008-02-21,?,?
2008-02-22,?,?
2008-02-25,?,?
2008-02-26,?,?
2008-02-27,?,?
2008-02-28,?,?
2008-02-29,?,?
2008-03-03,?,?
2008-03-04,?,?
2008-03-05,?,?
2008-03-06,?,?
2008-03-07,?,?
2008-03-10,?,?
2008-03-11,?,?
2008-03-12,?,?
2008-03-13,?,?
2008-03-14,?,?
2008-03-17,?,?
2008-03-18,?,?
2008-03-19,?,?
2008-03-20,?,?
2008-03-21,?,?
2008-03-24,?,?
2008-03-25,?,?
2008-03-26,?,?
2008-03-27,?,?
2008-03-28,?,?
2008-03-31,?,?
2008-04-01,?,?
2008-04-02,?,?
2008-04-03,?,?
2008-04-04,?,?
2008-04-07,?,?
2008-04-08,?,?
2008-04-09,?,?
2008-04-10,?,?
2008-04-11,?,?
2008-04-14,?,?
2008-04-15,?,?
2008-04-16,?,?
2008-04-17,?,?
2008-04-18,?,?
2008-04-21,?,?
2008-04-22,?,?
2008-04-23,?,?
2008-04-24,?,?
2008-04-25,?,?
2008-04-28,?,?
2008-04-29,?,?
2008-04-30,?,?
2008-05-01,?,?
2008-05-02,?,?
2008-05-05,?,?
2008-05-06,?,?
2008-05-07,?,?
2008-05-08,?,?
2008-05-09,?,?
2008-05-12,?,?
2008-05-13,?,?
2008-05-14,?,?
2008-05-15,?,?
2008-05-16,?,?
2008-05-19,?,?
2008-05-20,?,?
2008-05-21,?,?
2008-05-22,?,?
2008-05-23,?,?
2008-05-26,?,?
2008-05-27,?,?
2008-05-28,?,?
2008-05-29,?,?
2008-05-30,?,?
2008-06-02,?,?
2008-06-03,?,?
2008-06-04,?,?
2008-06-05,?,?
2008-06-06,?,?
2008-06-09,?,?
2008-06-10,?,?
2008-06-11,?,?
2008-06-12,?,?
2008-06-13,?,?
2008-06-16,?,?
2008-06-17,?,?
2008-06-18,?,?
2008-06-19,?,?
2008-06-20,?,?
2008-06-23,?,?
2008-06-24,?,?
2008-06-25,?,?
2008-06-26,?,?
2008-06-27,?,?
2008-06-30,?,?
2008-07-01,?,?
2008-07-02,?,?
2008-07-03,?,?
2008-07-04,?,?
2008-07-07,?,?
2008-07-08,?,?
2008-07-09,?,?
2008-07-10,?,?
2008-07-11,?,?
2008-07-14,?,?
2008-07-15,?,?
2008-07-16,?,?
2008-07-17,?,?
2008-07-18,?,?
2008-07-21,?,?
2008-07-22,?,?
2008-07-23,?,?
2008-07-24,?,?
2008-07-25,?,?
2008-07-28,?,?
2008-07-29,?,?
2008-07-30,?,?
2008-07-31,?,?
2008-08-01,?,?
2008-08-04,?,?
2008-08-05,?,?
2008-08-06,?,?
2008-08-07,?,?
2008-08-08,?,?
2008-08-11,?,?
2008-08-12,?,?
2008-08-13,?,?
2008-08-14,?,?
2008-08-15,?,?
2008-08-18,?,?
2008-08-19,?,?
2008-08-20,?,?
2008-08-21,?,?
2008-08-22,?,?
2008-08-25,?,?
2008-08-26,?,?
2008-08-27,?,?
2008-08-28,?,?
2008-08-29,?,?
2008-09-01,?,?
2008-09-02,?,?
2008-09-03,?,?
2008-09-04,?,?
2008-09-05,?,?
2008-09-08,?,?
2008-09-09,?,?
2008-09-10,?,?
2008-09-11,?,?
2008-09-12,?,?
2008-09-15,?,?
2008-09-16,?,?
2008-09-17,?,?
2008-09-18,?,?
2008-09-19,?,?
2008-09-22,?,?
2008-09-23,?,?
2008-09-24,?,?
2008-09-25,?,?
2008-09-26,?,?
2008-09-29,?,?
2008-09-30,?,?
2008-10-01,?,?
2008-10-02,?,?
2008-10-03,?,?
2008-10-06,?,?
2008-10-07,?,?
2008-10-08,?,?
2008-10-09,?,?
2008-10-10,?,?
2008-10-13,?,?
2008-10-14,?,?
2008-10-15,?,?
2008-10-16,?,?
2008-10-17,?,?
2008-10-20,?,?
2008-10-21,?,?
2008-10-22,?,?
2008-10-23,?,?
2008-10-24,?,?
2008-10-27,?,?
2008-10-28,?,?
2008-10-29,?,?
2008-10-30,?,?
2008-10-31,?,?
2008-11-03,?,?
2008-11-04,?,?
2008-11-05,?,?
2008-11-06,?,?
2008-11-07,?,?
2008-11-10,?,?
2008-11-11,?,?
2008-11-12,?,?
2008-11-13,?,?
2008-11-14,?,?
2008-11-17,?,?
2008-11-18,?,?
2008-11-19,?,?
2008-11-20,?,?
2008-11-21,?,?
2008-11-24,?,?
2008-11-25,?,?
2008-11-26,?,?
2008-11-27,?,?
2008-11-28,?,?
2008-12-01,?,?
2008-12-02,?,?
2008-12-03,?,?
2008-12-04,?,?
2008-12-05,?,?
2008-12-08,?,?
2008-12-09,?,?
2008-12-10,?,?
2008-12-11,?,?
2008-12-12,?,?
2008-12-15,?,?
2008-12-16,?,?
2008-12-17,?,?
2008-12-18,?,?
2008-12-19,?,?
2008-12-22,?,?
2008-12-23,?,?
2008-12-24,?,?
2008-12-25,?,?
2008-12-26,?,?
2008-12-29,?,?
2008-12-30,?,?
2008-12-31,?,?
2009-01-01,?,?
2009-01-02,?,?
2009-01-05,?,?
2009-01-06,?,?
2009-01-07,?,?
2009-01-08,?,?
2009-01-09,?,?
2009-01-12,?,?
2009-01-13,?,?
2009-01-14,?,?
2009-01-15,?,?
2009-01-16,?,?
2009-01-19,?,?
2009-01-20,?,?
2009-01-21,?,?
2009-01-22,?,?
2009-01-23,?,?
2009-01-26,?,?
2009-01-27,?,?
2009-01-28,?,?
2009-01-29,?,?
2009-01-30,?,?
2009-02-02,?,?
2009-02-03,?,?
2009-02-04,?,?
2009-02-05,?,?
2009-02-06,?,?
2009-02-09,?,?
2009-02-10,?,?
2009-02-11,?,?
2009-02-12,?,?
2009-02-13,?,?
2009-02-16,?,?
2009-02-17,?,?
2009-02-18,?,?
2009-02-19,?,?
2009-02-20,?,?
2009-02-23,?,?
2009-02-24,?,?
2009-02-25,?,?
2009-02-26,?,?
2009-02-27,?,?
2009-03-02,?,?
2009-03-03,?,?
2009-03-04,?,?
2009-03-05,?,?
2009-03-06,?,?
2009-03-09,?,?
2009-03-10,?,?
2009-03-11,?,?
2009-03-12,?,?
2009-03-13,?,?
2009-03-16,?,?
2009-03-17,?,?
2009-03-18,?,?
2009-03-19,?,?
2009-03-20,?,?
2009-03-23,?,?
2009-03-24,?,?
2009-03-25,?,?
2009-03-26,?,?
2009-03-27,?,?
2009-03-30,?,?
2009-03-31,?,?
2009-04-01,?,?
2009-04-02,?,?
2009-04-03,?,?
2009-04-06,?,?
2009-04-07,?,?
2009-04-08,?,?
2009-04-09,?,?
2009-04-10,?,?
2009-04-13,?,?
2009-04-14,?,?
2009-04-15,?,?
2009-04-16,?,?
2009-04-17,?,?
2009-04-20,?,?
2009-04-21,?,?
2009-04-22,?,?
2009-04-23,?,?
2009-04-24,?,?
2009-04-27,?,?
2009-04-28,?,?
2009-04-29,?,?
2009-04-30,?,?
2009-05-01,?,?
2009-05-04,?,?
2009-05-05,?,?
2009-05-06,?,?
2009-05-07,?,?
2009-05-08,?,?
2009-05-11,?,?
2009-05-12,?,?
2009-05-13,?,?
2009-05-14,?,?
2009-05-15,?,?
2009-05-18,?,?
2009-05-19,?,?
2009-05-20,?,?
2009-05-21,?,?
2009-05-22,?,?
2009-05-25,?,?
2009-05-26,?,?
2009-05-27,?,?
2009-05-28,?,?
2009-05-29,?,?
2009-06-01,?,?
2009-06-02,?,?
2009-06-03,?,?
2009-06-04,?,?
2009-06-05,?,?
2009-06-08,?,?
2009-06-09,?,?
2009-06-10,?,?
2009-06-11,?,?
2009-06-12,?,?
2009-06-15,?,?
2009-06-16,?,?
2009-06-17,?,?
2009-06-18,?,?
2009-06-19,?,?
2009-06-22,?,?
2009-06-23,?,?
2009-06-24,?,?
2009-06-25,?,?
2009-06-26,?,?
2009-06-29,?,?
2009-06-30,?,?
2009-07-01,?,?
2009-07-02,?,?
2009-07-03,?,?
2009-07-06,?,?
2009-07-07,?,?
2009-07-08,?,?
2009-07-09,?,?
2009-07-10,?,?
2009-07-13,?,?
2009-07-14,?,?
2009-07-15,?,?
2009-07-16,?,?
2009-07-17,?,?
2009-07-20,?,?
2009-07-21,?,?
2009-07-22,?,?
2009-07-23,?,?
2009-07-24,?,?
2009-07-27,?,?
2009-07-28,?,?
2009-07-29,?,?
2009-07-30,?,?
2009-07-31,?,?
2009-08-03,?,?
2009-08-04,?,?
2009-08-05,?,?
2009-08-06,?,?
2009-08-07,?,?
2009-08-10,?,?
2009-08-11,?,?
2009-08-12,?,?
2009-08-13,?,?
2009-08-14,?,?
2009-08-17,?,?
2009-08-18,?,?
2009-08-19,?,?
2009-08-20,?,?
2009-08-21,?,?
2009-08-24,?,?
2009-08-25,?,?
2009-08-26,?,?
2009-08-27,?,?
2009-08-28,?,?
2009-08-31,?,?
2009-09-01,?,?
2009-09-02,?,?
2009-09-03,?,?
2009-09-04,?,?
2009-09-07,?,?
2009-09-08,?,?
2009-09-09,?,?
2009-09-10,?,?
2009-09-11,?,?
2009-09-14,?,?
2009-09-15,?,?
2009-09-16,?,?
2009-09-17,?,?
2009-09-18,?,?
2009-09-21,?,?
2009-09-22,?,?
2009-09-23,?,?
2009-09-24,?,?
2009-09-25,?,?
2009-09-28,?,?
2009-09-29,?,?
2009-09-30,?,?
2009-10-01,?,?
2009-10-02,?,?
2009-10-05,?,?
2009-10-06,?,?
2009-10-07,?,?
2009-10-08,?,?
2009-10-09,?,?
2009-10-12,?,?
2009-10-13,?,?
2009-10-14,?,?
2009-10-15,?,?
2009-10-16,?,?
2009-10-19,?,?
2009-10-20,?,?
2009-10-21,?,?
2009-10-22,?,?
2009-10-23,?,?
2009-10-26,?,?
2009-10-27,?,?
2009-10-28,?,?
2009-10-29,?,?
2009-10-30,?,?
2009-11-02,?,?
2009-11-03,?,?
2009-11-04,?,?
2009-11-05,?,?
2009-11-06,?,?
2009-11-09,?,?
2009-11-10,?,?
2009-11-11,?,?
2009-11-12,?,?
2009-11-13,?,?
2009-11-16,?,?
2009-11-17,?,?
2009-11-18,?,?
2009-11-19,?,?
2009-11-20,?,?
2009-11-23,?,?
2009-11-24,?,?
2009-11-25,?,?
2009-11-26,?,?
2009-11-27,?,?
2009-11-30,?,?
2009-12-01,?,?
2009-12-02,?,?
2009-12-03,?,?
2009-12-04,?,?
2009-12-07,?,?
2009-12-08,?,?
2009-12-09,?,?
2009-12-10,?,?
2009-12-11,?,?
2009-12-14,?,?
2009-12-15,?,?
2009-12-16,?,?
2009-12-17,?,?
2009-12-18,?,?
2009-12-21,?,?
2009-12-22,?,?
2009-12-23,?,?
2009-12-24,?,?
2009-12-25,?,?
2009-12-28,?,?
2009-12-29,?,?
2009-12-30,?,?
2009-12-31,?,?
2010-01-01,?,?
2010-01-04,?,?
2010-01-05,?,?
2010-01-06,?,?
2010-01-07,?,?
2010-01-08,?,?
2010-01-11,?,?
2010-01-12,?,?
2010-01-13,?,?
2010-01-14,?,?
2010-01-15,?,?
2010-01-18,?,?
2010-01-19,?,?
2010-01-20,?,?
2010-01-21,?,?
2010-01-22,?,?
2010-01-25,?,?
2010-01-26,?,?
2010-01-27,?,?
2010-01-28,?,?
2010-01-29,?,?
2010-02-01,?,?
2010-02-02,?,?
2010-02-03,?,?
2010-02-04,?,?
2010-02-05,?,?
2010-02-08,?,?
2010-02-09,?,?
2010-02-10,?,?
2010-02-11,?,?
2010-02-12,?,?
2010-02-15,?,?
2010-02-16,?,?
2010-02-17,?,?
2010-02-18,?,?
2010-02-19,?,?
2010-02-22,?,?
2010-02-23,?,?
2010-02-24,?,?
2010-02-25,?,?
2010-02-26,?,?
2010-03-01,?,?
2010-03-02,?,?
2010-03-03,?,?
2010-03-04,?,?
2010-03-05,?,?
2010-03-08,?,?
2010-03-09,?,?
2010-03-10,?,?
2010-03-11,?,?
2010-03-12,?,?
2010-03-15,?,?
2010-03-16,?,?
2010-03-17,?,?
2010-03-18,?,?
2010-03-19,?,?
2010-03-22,?,?
2010-03-23,?,?
2010-03-24,?,?
2010-03-25,?,?
2010-03-26,?,?
2010-03-29,?,?
2010-03-30,?,?
2010-03-31,?,?
2010-04-01,?,?
2010-04-02,?,?
2010-04-05,?,?
2010-04-06,?,?
2010-04-07,?,?
2010-04-08,?,?
2010-04-09,?,?
2010-04-12,?,?
2010-04-13,?,?
2010-04-14,?,?
2010-04-15,?,?
2010-04-16,?,?
2010-04-19,?,?
2010-04-20,?,?
2010-04-21,?,?
2010-04-22,?,?
2010-04-23,?,?
2010-04-26,?,?
2010-04-27,?,?
2010-04-28,?,?
2010-04-29,?,?
2010-04-30,?,?
2010-05-03,?,?
2010-05-04,?,?
2010-05-05,?,?
2010-05-06,?,?
2010-05-07,?,?
2010-05-10,?,?
2010-05-11,?,?
2010-05-12,?,?
2010-05-13,?,?
2010-05-14,?,?
2010-05-17,?,?
2010-05-18,?,?
2010-05-19,?,?
2010-05-20,?,?
2010-05-21,?,?
2010-05-24,?,?
2010-05-25,?,?
2010-05-26,?,?
2010-05-27,?,?
2010-05-28,?,?
2010-05-31,?,?
2010-06-01,?,?
2010-06-02,?,?
2010-06-03,?,?
2010-06-04,?,?
2010-06-07,?,?
2010-06-08,?,?
2010-06-09,?,?
2010-06-10,?,?
2010-06-11,?,?
2010-06-14,?,?
2010-06-15,?,?
2010-06-16,?,?
2010-06-17,?,?
2010-06-18,?,?
2010-06-21,?,?
2010-06-22,?,?
2010-06-23,?,?
2010-06-24,?,?
2010-06-25,?,?
2010-06-28,?,?
2010-06-29,?,?
2010-06-30,?,?
2010-07-01,?,?
2010-07-02,?,?
2010-07-05,?,?
2010-07-06,?,?
2010-07-07,?,?
2010-07-08,?,?
2010-07-09,?,?
2010-07-12,?,?
2010-07-13,?,?
2010-07-14,?,?
2010-07-15,?,?
2010-07-16,?,?
2010-07-19,?,?
2010-07-20,?,?
2010-07-21,?,?
2010-07-22,?,?
2010-07-23,?,?
2010-07-26,?,?
2010-07-27,?,?
2010-07-28,?,?
2010-07-29,?,?
2010-07-30,?,?
2010-08-02,?,?
2010-08-03,?,?
2010-08-04,?,?
2010-08-05,?,?
2010-08-06,?,?
2010-08-09,?,?
2010-08-10,?,?
2010-08-11,?,?
2010-08-12,?,?
2010-08-13,?,?
2010-08-16,?,?
2010-08-17,?,?
2010-08-18,?,?
2010-08-19,?,?
2010-08-20,?,?
2010-08-23,?,?
2010-08-24,?,?
2010-08-25,?,?
2010-08-26,?,?
2010-08-27,?,?
2010-08-30,?,?
2010-08-31,?,?
2010-09-01,?,?
2010-09-02,?,?
2010-09-03,?,?
2010-09-06,?,?
2010-09-07,?,?
2010-09-08,?,?
2010-09-09,?,?
2010-09-10,?,?
2010-09-13,?,?
2010-09-14,?,?
2010-09-15,?,?
2010-09-16,?,?
2010-09-17,?,?
2010-09-20,?,?
2010-09-21,?,?
2010-09-22,?,?
2010-09-23,?,?
2010-09-24,?,?
2010-09-27,?,?
2010-09-28,?,?
2010-09-29,?,?
2010-09-30,?,?
2010-10-01,?,?
2010-10-04,?,?
2010-10-05,?,?
2010-10-06,?,?
2010-10-07,?,?
2010-10-08,?,?
2010-10-11,?,?
2010-10-12,?,?
2010-10-13,?,?
2010-10-14,?,?
2010-10-15,?,?
2010-10-18,?,?
2010-10-19,?,?
2010-10-20,?,?
2010-10-21,?,?
2010-10-22,?,?
2010-10-25,?,?
2010-10-26,?,?
2010-10-27,?,?
2010-10-28,?,?
2010-10-29,?,?
2010-11-01,?,?
2010-11-02,?,?
2010-11-03,?,?
2010-11-04,?,?
2010-11-05,?,?
2010-11-08,?,?
2010-11-09,?,?
2010-11-10,?,?
2010-11-11,?,?
2010-11-12,?,?
2010-11-15,?,?
2010-11-16,?,?
2010-11-17,?,?
2010-11-18,?,?
2010-11-19,?,?
2010-11-22,?,?
2010-11-23,?,?
2010-11-24,?,?
2010-11-25,?,?
2010-11-26,?,?
2010-11-29,?,?
2010-11-30,?,?
2010-12-01,?,?
2010-12-02,?,?
2010-12-03,?,?
2010-12-06,?,?
2010-12-07,?,?
2010-12-08,?,?
2010-12-09,?,?
2010-12-10,?,?
2010-12-13,?,?
2010-12-14,?,?
2010-12-15,?,?
2010-12-16,?,?
2010-12-17,?,?
2010-12-20,?,?
2010-12-21,?,?
2010-12-22,?,?
2010-12-23,?,?
2010-12-24,?,?
2010-12-27,?,?
2010-12-28,?,?
2010-12-29,?,?
2010-12-30,?,?
2010-12-31,?,?
2011-01-03,?,?
2011-01-04,3.542,?
2011-01-05,3.5244,?
2011-01-06,3.543,?
2011-01-07,3.5624,?
2011-01-10,3.5861,?
2011-01-11,3.5799,?
2011-01-12,3.546,?
2011-01-13,3.5434,?
2011-01-14,3.5636,?
2011-01-17,3.5546,?
2011-01-18,3.5491,?
2011-01-19,3.5338,?
2011-01-20,3.5345,?
2011-01-21,3.6188,?
2011-01-24,3.6326,?
2011-01-25,3.623,?
2011-01-26,3.6179,?
2011-01-27,3.6065,?
2011-01-28,3.6483,?
2011-01-31,3.6724,?
2011-02-01,3.7131,?
2011-02-02,3.6947,?
2011-02-03,3.6806,?
2011-02-04,3.6893,?
2011-02-07,3.7206,?
2011-02-08,3.6869,?
2011-02-09,3.6777,?
2011-02-10,3.6648,?
2011-02-11,3.6943,?
2011-02-14,3.6873,?
2011-02-15,3.6717,?
2011-02-16,3.6461,?
2011-02-17,3.6121,?
2011-02-18,3.6215,?
2011-02-21,3.6302,?
2011-02-22,3.6004,?
2011-02-23,3.6374,?
2011-02-24,3.6321,?
2011-02-25,3.6585,?
2011-02-28,3.6446,?
2011-03-01,3.625,?
2011-03-02,3.6276,?
2011-03-03,3.6384,?
2011-03-04,3.6103,?
2011-03-07,3.6168,?
2011-03-08,3.5987,?
2011-03-09,3.58,?
2011-03-10,3.5638,?
2011-03-11,3.5629,?
2011-03-14,3.5824,?
2011-03-15,3.552,?
2011-03-16,3.5846,?
2011-03-17,3.5515,?
2011-03-18,3.5588,?
2011-03-21,3.5435,?
2011-03-22,3.5339,?
2011-03-23,3.525,?
2011-03-24,3.5406,?
2011-03-25,3.5595,?
2011-03-28,3.5522,?
2011-03-29,3.5438,?
2011-03-30,3.5197,?
2011-03-31,3.5094,?
2011-04-01,3.4799,?
2011-04-04,3.4764,?
2011-04-05,3.4641,?
2011-04-06,3.4678,?
2011-04-07,3.461,?
2011-04-08,3.4549,?
2011-04-11,3.4361,?
2011-04-12,3.4419,?
2011-04-13,3.4444,?
2011-04-14,3.4073,?
2011-04-15,3.428,?
2011-04-18,3.4198,?
2011-04-19,3.4364,?
2011-04-20,3.4357,?
2011-04-21,3.4133,?
2011-04-22,3.404,?
2011-04-25,3.404,?
2011-04-26,3.404,?
2011-04-27,3.4138,?
2011-04-28,3.4179,?
2011-04-29,3.4135,?
2011-05-02,3.3889,?
2011-05-03,3.3745,?
2011-05-04,3.3899,?
2011-05-05,3.3944,?
2011-05-06,3.4052,?
2011-05-09,3.4606,?
2011-05-10,3.445,?
2011-05-11,3.4524,?
2011-05-12,3.469,?
2011-05-13,3.5046,?
2011-05-16,3.4812,?
2011-05-17,3.5282,?
2011-05-18,3.5354,?
2011-05-19,3.5343,?
2011-05-20,3.4874,?
2011-05-23,3.486,?
2011-05-24,3.5249,?
2011-05-25,3.4826,?
2011-05-26,3.4982,?
2011-05-27,3.4723,?
2011-05-30,3.4697,?
2011-05-31,3.4515,?
2011-06-01,3.4327,?
2011-06-02,3.4182,?
2011-06-03,3.4,?
2011-06-06,3.3842,?
2011-06-07,3.3795,?
2011-06-08,3.364,?
2011-06-09,3.3682,?
2011-06-10,3.3787,?
2011-06-13,3.3934,?
2011-06-14,3.4206,?
2011-06-15,3.3957,?
2011-06-16,3.4228,?
2011-06-17,3.487,?
2011-06-20,3.4376,?
2011-06-21,3.4586,?
2011-06-22,3.4133,?
2011-06-23,3.4139,?
2011-06-24,3.4499,?
2011-06-27,3.4364,?
2011-06-28,3.4515,?
2011-06-29,3.4626,?
2011-06-30,3.4299,?
2011-07-01,3.4207,?
2011-07-04,3.397,?
2011-07-05,3.3952,?
2011-07-06,3.4087,?
2011-07-07,3.4228,?
2011-07-08,3.4089,?
2011-07-11,3.4023,?
2011-07-12,3.4418,?
2011-07-13,3.4635,?
2011-07-14,3.4492,?
2011-07-15,3.4283,?
2011-07-18,3.4386,?
2011-07-19,3.4464,?
2011-07-20,3.4428,?
2011-07-21,3.4141,?
2011-07-22,3.422,?
2011-07-25,3.3973,?
2011-07-26,3.4038,?
2011-07-27,3.398,?
2011-07-28,3.4047,?
2011-07-29,3.4319,?
2011-08-01,3.4323,?
2011-08-02,3.4111,?
2011-08-03,3.4519,?
2011-08-04,3.4656,?
2011-08-05,3.4914,?
2011-08-08,3.5342,?
2011-08-09,3.5449,?
2011-08-10,3.5633,?
2011-08-11,3.5168,?
2011-08-12,3.5765,?
2011-08-15,3.5372,?
2011-08-16,3.5237,?
2011-08-17,3.5369,?
2011-08-18,3.5184,?
2011-08-19,3.5632,?
2011-08-22,3.5718,?
2011-08-23,3.5782,?
2011-08-24,3.5774,?
2011-08-25,3.6055,?
2011-08-26,3.6065,?
2011-08-29,3.6109,?
2011-08-30,3.6027,?
2011-08-31,3.5789,?
2011-09-01,3.5564,?
2011-09-02,3.5754,?
2011-09-05,3.5992,?
2011-09-06,3.6326,?
2011-09-07,3.6693,?
2011-09-08,3.6773,?
2011-09-09,3.6882,?
2011-09-12,3.6908,?
2011-09-13,3.7299,?
2011-09-14,3.7156,?
2011-09-15,3.7104,?
2011-09-16,3.6825,?
2011-09-19,3.6525,?
2011-09-20,3.6997,?
2011-09-21,3.6771,?
2011-09-22,3.7035,?
2011-09-23,3.7139,?
2011-09-26,3.7188,?
2011-09-27,3.7252,?
2011-09-28,3.7137,?
2011-09-29,3.7184,?
2011-09-30,3.7176,?
2011-10-03,3.746,?
2011-10-04,3.7534,?
2011-10-05,3.763,?
2011-10-06,3.7355,?
2011-10-07,3.7267,?
2011-10-10,3.7095,?
2011-10-11,3.6758,?
2011-10-12,3.6999,?
2011-10-13,3.657,?
2011-10-14,3.6623,?
2011-10-17,3.6594,?
2011-10-18,3.6271,?
2011-10-19,3.6514,?
2011-10-20,3.6368,?
2011-10-21,3.65,?
2011-10-24,3.6431,?
2011-10-25,3.6439,?
2011-10-26,3.6406,?
2011-10-27,3.6496,?
2011-10-28,3.6239,?
2011-10-31,3.598,?
2011-11-01,3.6044,?
2011-11-02,3.6822,?
2011-11-03,3.6552,?
2011-11-04,3.6662,?
2011-11-07,3.668,?
2011-11-08,3.6883,?
2011-11-09,3.6784,?
2011-11-10,3.7139,?
2011-11-11,3.7221,?
2011-11-14,3.7217,?
2011-11-15,3.7219,?
2011-11-16,3.7326,?
2011-11-17,3.7263,?
2011-11-18,3.7329,?
2011-11-21,3.7216,?
2011-11-22,3.7376,?
2011-11-23,3.7308,?
2011-11-24,3.7661,?
2011-11-25,3.7748,?
2011-11-28,3.7988,?
2011-11-29,3.7983,?
2011-11-30,3.7867,?
2011-12-01,3.7783,?
2011-12-02,3.742,?
2011-12-05,3.7249,?
2011-12-06,3.728,?
2011-12-07,3.7406,?
2011-12-08,3.7455,?
2011-12-09,3.7369,?
2011-12-12,3.7612,?
2011-12-13,3.7648,?
2011-12-14,3.7807,?
2011-12-15,3.8067,?
2011-12-16,3.7977,?
2011-12-19,3.7848,?
2011-12-20,3.7925,?
2011-12-21,3.7838,?
2011-12-22,3.7776,?
2011-12-23,3.7832,?
2011-12-26,3.7805,?
2011-12-27,3.7805,?
2011-12-28,3.7786,?
2011-12-29,3.7975,?
2011-12-30,3.8122,?
2012-01-02,3.822,?
2012-01-03,3.8147,?
2012-01-04,3.8175,3.542
2012-01-05,3.8588,3.5244
2012-01-06,3.8508,3.543
2012-01-09,3.84,3.5624
2012-01-10,3.8415,3.5861
2012-01-11,3.8255,3.5799
2012-01-12,3.8463,3.546
2012-01-13,3.8375,3.5434
2012-01-16,3.8313,3.5636
2012-01-17,3.8511,3.5546
2012-01-18,3.8329,3.5491
2012-01-19,3.8069,3.5338
2012-01-20,3.7846,3.5345
2012-01-23,3.7899,3.6188
2012-01-24,3.7702,3.6326
2012-01-25,3.785,3.623
2012-01-26,3.7882,3.6179
2012-01-27,3.758,3.6065
2012-01-30,3.7544,3.6483
2012-01-31,3.7672,3.6724
2012-02-01,3.7311,3.7131
2012-02-02,3.7318,3.6947
2012-02-03,3.7306,3.6806
2012-02-06,3.7068,3.6893
2012-02-07,3.7227,3.7206
2012-02-08,3.7329,3.6869
2012-02-09,3.7002,3.6777
2012-02-10,3.7169,3.6648
2012-02-13,3.7223,3.6943
2012-02-14,3.7206,3.6873
2012-02-15,3.737,3.6717
2012-02-16,3.7414,3.6461
2012-02-17,3.7772,3.6121
2012-02-20,3.7418,3.6215
2012-02-21,3.728,3.6302
2012-02-22,3.7343,3.6004
2012-02-23,3.7543,3.6374
2012-02-24,3.7495,3.6321
2012-02-27,3.7643,3.6585
2012-02-28,3.7974,3.6446
2012-02-29,3.7857,3.6446
2012-03-01,3.7678,3.625
2012-03-02,3.7822,3.6276
2012-03-05,3.7972,3.6103
2012-03-06,3.7967,3.6103
2012-03-07,3.8111,3.6168
2012-03-08,3.8127,3.5987
2012-03-09,3.7796,3.58
2012-03-12,3.7792,3.5629
2012-03-13,3.7828,3.5629
2012-03-14,3.7813,3.5824
2012-03-15,3.785,3.552
2012-03-16,3.7781,3.5846
2012-03-19,3.7588,3.5588
2012-03-20,3.7628,3.5588
2012-03-21,3.7472,3.5435
2012-03-22,3.7406,3.5339
2012-03-23,3.7518,3.525
2012-03-26,3.7339,3.5595
2012-03-27,3.7278,3.5595
2012-03-28,3.7187,3.5522
2012-03-29,3.7205,3.5438
2012-03-30,3.7361,3.5197
2012-04-02,3.7114,3.4799
2012-04-03,3.7248,3.4799
2012-04-04,3.722,3.4764
2012-04-05,3.7442,3.4641
2012-04-06,3.7471,3.4678
2012-04-09,3.7471,3.4549
2012-04-10,3.7471,3.4549
2012-04-11,3.7436,3.4361
2012-04-12,3.7549,3.4419
2012-04-13,3.7518,3.4444
2012-04-16,3.745,3.428
2012-04-17,3.7626,3.428
2012-04-18,3.7549,3.4198
2012-04-19,3.7669,3.4364
2012-04-20,3.7619,3.4357
2012-04-23,3.7483,3.404
2012-04-24,3.7638,3.404
2012-04-25,3.7573,3.404
2012-04-26,3.7517,3.404
2012-04-27,3.7526,3.4138
2012-04-30,3.7543,3.4135
2012-05-01,3.7506,3.4135
2012-05-02,3.7506,3.3889
2012-05-03,3.7872,3.3745
2012-05-04,3.7773,3.3899
2012-05-07,3.7818,3.4052
2012-05-08,3.8034,3.4052
2012-05-09,3.8023,3.4606
2012-05-10,3.8169,3.445
2012-05-11,3.8176,3.4524
2012-05-14,3.8159,3.5046
2012-05-15,3.8298,3.5046
2012-05-16,3.8259,3.4812
2012-05-17,3.8289,3.5282
2012-05-18,3.8275,3.5354
2012-05-21,3.8291,3.4874
2012-05-22,3.8304,3.4874
2012-05-23,3.8193,3.486
2012-05-24,3.8549,3.5249
2012-05-25,3.8508,3.4826
2012-05-28,3.8553,3.4723
2012-05-29,3.858,3.4723
2012-05-30,3.8755,3.4697
2012-05-31,3.8807,3.4515
2012-06-01,3.8891,3.4327
2012-06-04,3.9101,3.4
2012-06-05,3.8953,3.4
2012-06-06,3.8959,3.3842
2012-06-07,3.8933,3.3795
2012-06-08,3.869,3.364
2012-06-11,3.8771,3.3787
2012-06-12,3.8662,3.3787
2012-06-13,3.8909,3.3934
2012-06-14,3.8798,3.4206
2012-06-15,3.8823,3.3957
2012-06-18,3.8632,3.487
2012-06-19,3.8569,3.487
2012-06-20,3.8557,3.4376
2012-06-21,3.8672,3.4586
2012-06-22,3.8776,3.4133
2012-06-25,3.8998,3.4499
2012-06-26,3.9152,3.4499
2012-06-27,3.9395,3.4364
2012-06-28,3.9437,3.4515
2012-06-29,3.9459,3.4626
2012-07-02,3.928,3.4207
2012-07-03,3.9236,3.4207
2012-07-04,3.9284,3.397
2012-07-05,3.9164,3.3952
2012-07-06,3.9178,3.4087
2012-07-09,3.9288,3.4089
2012-07-10,3.9622,3.4089
2012-07-11,3.9619,3.4023
2012-07-12,3.9645,3.4418
2012-07-13,3.9758,3.4635
2012-07-16,3.9672,3.4283
2012-07-17,3.9833,3.4283
2012-07-18,3.9845,3.4386
2012-07-19,4.0043,3.4464
2012-07-20,4.0319,3.4428
2012-07-23,4.0025,3.422
2012-07-24,4.0416,3.422
2012-07-25,4.0759,3.3973
2012-07-26,4.0678,3.4038
2012-07-27,4.0724,3.398
2012-07-30,4.0653,3.4319
2012-07-31,4.0387,3.4319
2012-08-01,3.9941,3.4323
2012-08-02,3.9654,3.4111
2012-08-03,3.9778,3.4519
2012-08-06,3.9975,3.4914
2012-08-07,3.98,3.4914
2012-08-08,3.9916,3.5342
2012-08-09,4.0016,3.5449
2012-08-10,3.9907,3.5633
2012-08-13,4.0002,3.5765
2012-08-14,4.0528,3.5765
2012-08-15,4.0442,3.5372
2012-08-16,4.0327,3.5237
2012-08-17,4.0323,3.5369
2012-08-20,4.029,3.5632
2012-08-21,4.0317,3.5632
2012-08-22,4.0194,3.5718
2012-08-23,4.0293,3.5782
2012-08-24,4.0045,3.5774
2012-08-27,4.0216,3.6065
2012-08-28,4.0246,3.6065
2012-08-29,4.0121,3.6109
2012-08-30,4.0289,3.6027
2012-08-31,4.0397,3.5789
2012-09-03,4.0245,3.5754
2012-09-04,4.0226,3.5754
2012-09-05,4.0169,3.5992
2012-09-06,4.0253,3.6326
2012-09-07,4.0262,3.6693
2012-09-10,3.9805,3.6882
2012-09-11,3.9799,3.6882
2012-09-12,3.9625,3.6908
2012-09-13,3.9512,3.7299
2012-09-14,3.961,3.7156
2012-09-17,3.8975,3.6825
2012-09-18,3.8933,3.6825
2012-09-19,3.8985,3.6525
2012-09-20,3.9125,3.6997
2012-09-21,3.9177,3.6771
2012-09-24,3.8911,3.7139
2012-09-25,3.9182,3.7139
2012-09-26,3.9101,3.7188
2012-09-27,3.9102,3.7252
2012-09-28,3.924,3.7137
2012-10-01,3.9136,3.7176
2012-10-02,3.9106,3.7176
2012-10-03,3.8832,3.746
2012-10-04,3.8707,3.7534
2012-10-05,3.8715,3.763
2012-10-08,3.8566,3.7267
2012-10-09,3.8621,3.7267
2012-10-10,3.8578,3.7095
2012-10-11,3.8618,3.6758
2012-10-12,3.8532,3.6999
2012-10-15,3.8257,3.6623
2012-10-16,3.8171,3.6623
2012-10-17,3.8047,3.6594
2012-10-18,3.7964,3.6271
2012-10-19,3.8039,3.6514
2012-10-22,3.8237,3.65
2012-10-23,3.8177,3.65
2012-10-24,3.833,3.6431
2012-10-25,3.857,3.6439
2012-10-26,3.8565,3.6406
2012-10-29,3.8771,3.6239
2012-10-30,3.8856,3.6239
2012-10-31,3.8928,3.598
2012-11-01,3.8792,3.6044
2012-11-02,3.8711,3.6822
2012-11-05,3.8847,3.6662
2012-11-06,3.9043,3.6662
2012-11-07,3.8959,3.668
2012-11-08,3.887,3.6883
2012-11-09,3.8998,3.6784
2012-11-12,3.9122,3.7221
2012-11-13,3.9252,3.7221
2012-11-14,3.9268,3.7217
2012-11-15,3.9253,3.7219
2012-11-16,3.955,3.7326
2012-11-19,3.962,3.7329
2012-11-20,3.9422,3.7329
2012-11-21,3.9258,3.7216
2012-11-22,3.9135,3.7376
2012-11-23,3.8684,3.7308
2012-11-26,3.8773,3.7748
2012-11-27,3.8656,3.7748
2012-11-28,3.8567,3.7988
2012-11-29,3.8639,3.7983
2012-11-30,3.8279,3.7867
2012-12-03,3.815,3.742
2012-12-04,3.8108,3.742
2012-12-05,3.8158,3.7249
2012-12-06,3.8019,3.728
2012-12-07,3.8134,3.7406
2012-12-10,3.835,3.7369
2012-12-11,3.8286,3.7369
2012-12-12,3.8082,3.7612
2012-12-13,3.7822,3.7648
2012-12-14,3.7792,3.7807
2012-12-17,3.7984,3.7977
2012-12-18,3.779,3.7977
2012-12-19,3.765,3.7848
2012-12-20,3.7449,3.7925
2012-12-21,3.7486,3.7838
2012-12-24,3.7459,3.7832
2012-12-25,3.7456,3.7832
2012-12-26,3.7456,3.7805
2012-12-27,3.7456,3.7805
2012-12-28,3.7265,3.7786
2012-12-31,3.7316,3.8122
2013-01-01,3.7334,3.8122
2013-01-02,3.7334,3.822
2013-01-03,3.7132,3.8147
2013-01-04,3.7485,3.8175
2013-01-07,3.7811,3.8508
2013-01-08,3.7925,3.8508
2013-01-09,3.7699,3.84
2013-01-10,3.7839,3.8415
2013-01-11,3.7786,3.8255
2013-01-14,3.7442,3.8375
2013-01-15,3.7314,3.8375
2013-01-16,3.7335,3.8313
2013-01-17,3.7313,3.8511
2013-01-18,3.7192,3.8329
2013-01-21,3.7266,3.7846
2013-01-22,3.7362,3.7846
2013-01-23,3.7424,3.7899
2013-01-24,3.7256,3.7702
2013-01-25,3.7165,3.785
2013-01-28,3.7139,3.758
2013-01-29,3.7259,3.758
2013-01-30,3.7258,3.7544
2013-01-31,3.7317,3.7672
2013-02-01,3.7282,3.7311
2013-02-04,3.7007,3.7306
2013-02-05,3.6888,3.7306
2013-02-06,3.6927,3.7068
2013-02-07,3.6959,3.7227
2013-02-08,3.6865,3.7329
2013-02-11,3.6964,3.7169
2013-02-12,3.7019,3.7169
2013-02-13,3.6962,3.7223
2013-02-14,3.6849,3.7206
2013-02-15,3.6794,3.737
2013-02-18,3.6863,3.7772
2013-02-19,3.678,3.7772
2013-02-20,3.6843,3.7418
2013-02-21,3.6633,3.728
2013-02-22,3.6744,3.7343
2013-02-25,3.709,3.7495
2013-02-26,3.714,3.7495
2013-02-27,3.7316,3.7643
2013-02-28,3.7269,3.7974
2013-03-01,3.7071,3.7678
2013-03-04,3.7298,3.7822
2013-03-05,3.7305,3.7972
2013-03-06,3.7353,3.7967
2013-03-07,3.727,3.8111
2013-03-08,3.7264,3.8127
2013-03-11,3.6794,3.7796
2013-03-12,3.6887,3.7792
2013-03-13,3.6774,3.7828
2013-03-14,3.6916,3.7813
2013-03-15,3.7008,3.785
2013-03-18,3.6796,3.7781
2013-03-19,3.6931,3.7588
2013-03-20,3.683,3.7628
2013-03-21,3.6783,3.7472
2013-03-22,3.6639,3.7406
2013-03-25,3.6527,3.7518
2013-03-26,3.6313,3.7339
2013-03-27,3.6356,3.7278
2013-03-28,3.6444,3.7187
2013-03-29,3.6454,3.7205
2013-04-01,3.6454,3.7361
2013-04-02,3.6454,3.7114
2013-04-03,3.6128,3.7248
2013-04-04,3.6199,3.722
2013-04-05,3.6306,3.7442
2013-04-08,3.6277,3.7471
2013-04-09,3.6191,3.7471
2013-04-10,3.6303,3.7471
2013-04-11,3.6342,3.7436
2013-04-12,3.6298,3.7549
2013-04-15,3.6292,3.7518
2013-04-16,3.6274,3.745
2013-04-17,3.6273,3.7626
2013-04-18,3.626,3.7549
2013-04-19,3.6264,3.7669
2013-04-22,3.6283,3.7619
2013-04-23,3.6295,3.7483
2013-04-24,3.6247,3.7638
2013-04-25,3.6189,3.7573
2013-04-26,3.6059,3.7517
2013-04-29,3.6054,3.7526
2013-04-30,3.59,3.7543
2013-05-01,3.5934,3.7506
2013-05-02,3.5934,3.7506
2013-05-03,3.5668,3.7872
2013-05-06,3.5574,3.7773
2013-05-07,3.5692,3.7818
2013-05-08,3.5634,3.8034
2013-05-09,3.5585,3.8023
2013-05-10,3.5516,3.8169
2013-05-13,3.5656,3.8176
2013-05-14,3.5858,3.8159
2013-05-15,3.6411,3.8298
2013-05-16,3.6693,3.8259
2013-05-17,3.6455,3.8289
2013-05-20,3.6627,3.8275
2013-05-21,3.6613,3.8291
2013-05-22,3.6686,3.8304
2013-05-23,3.6957,3.8193
2013-05-24,3.7006,3.8549
2013-05-27,3.6956,3.8508
2013-05-28,3.6872,3.8553
2013-05-29,3.7073,3.858
2013-05-30,3.6966,3.8755
2013-05-31,3.6928,3.8807
2013-06-03,3.6921,3.8891
2013-06-04,3.6873,3.9101
2013-06-05,3.6706,3.8953
2013-06-06,3.6703,3.8959
2013-06-07,3.6428,3.8933
2013-06-10,3.6143,3.869
2013-06-11,3.6325,3.8771
2013-06-12,3.6503,3.8662
2013-06-13,3.6288,3.8909
2013-06-14,3.6149,3.8798
2013-06-17,3.6017,3.8823
2013-06-18,3.5991,3.8632
2013-06-19,3.5924,3.8569
2013-06-20,3.5932,3.8557
2013-06-21,3.6354,3.8672
2013-06-24,3.6336,3.8776
2013-06-25,3.6381,3.8998
2013-06-26,3.5998,3.9152
2013-06-27,3.6238,3.9395
2013-06-28,3.6357,3.9437
2013-07-01,3.6228,3.9459
2013-07-02,3.635,3.928
2013-07-03,3.6339,3.9236
2013-07-04,3.6488,3.9284
2013-07-05,3.6406,3.9164
2013-07-08,3.6436,3.9178
2013-07-09,3.6602,3.9288
2013-07-10,3.6524,3.9622
2013-07-11,3.6446,3.9619
2013-07-12,3.6165,3.9645
2013-07-15,3.5999,3.9758
2013-07-16,3.5994,3.9672
2013-07-17,3.5664,3.9833
2013-07-18,3.5713,3.9845
2013-07-19,3.6026,4.0043
2013-07-22,3.5724,4.0319
2013-07-23,3.5715,4.0025
2013-07-24,3.5744,4.0416
2013-07-25,3.579,4.0759
2013-07-26,3.5935,4.0678
2013-07-29,3.586,4.0724
2013-07-30,3.5908,4.0653
2013-07-31,3.5727,4.0387
2013-08-01,3.5657,3.9941
2013-08-02,3.5565,3.9654
2013-08-05,3.5734,3.9778
2013-08-06,3.5571,3.9975
2013-08-07,3.5487,3.98
2013-08-08,3.555,3.9916
2013-08-09,3.5397,4.0016
2013-08-12,3.5271,3.9907
2013-08-13,3.5493,4.0002
2013-08-14,3.5494,4.0528
2013-08-15,3.5792,4.0442
2013-08-16,3.5617,4.0327
2013-08-19,3.5558,4.0323
2013-08-20,3.5729,4.029
2013-08-21,3.5643,4.0317
2013-08-22,3.5647,4.0194
2013-08-23,3.5886,4.0293
2013-08-26,3.6006,4.0045
2013-08-27,3.6075,4.0216
2013-08-28,3.6524,4.0246
2013-08-29,3.6632,4.0121
2013-08-30,3.6239,4.0289
2013-09-02,3.605,4.0397
2013-09-03,3.6164,4.0245
2013-09-04,3.6336,4.0226
2013-09-05,3.6368,4.0169
2013-09-06,3.6491,4.0253
2013-09-09,3.6489,4.0262
2013-09-10,3.6234,3.9805
2013-09-11,3.5989,3.9799
2013-09-12,3.5718,3.9625
2013-09-13,3.5521,3.9512
2013-09-16,3.5472,3.961
2013-09-17,3.5341,3.8975
2013-09-18,3.5359,3.8933
2013-09-19,3.534,3.8985
2013-09-20,3.4911,3.9125
2013-09-23,3.5037,3.9177
2013-09-24,3.5278,3.8911
2013-09-25,3.5334,3.9182
2013-09-26,3.5579,3.9101
2013-09-27,3.5615,3.9102
2013-09-30,3.5609,3.924
2013-10-01,3.5345,3.9136
2013-10-02,3.5321,3.9106
2013-10-03,3.5349,3.8832
2013-10-04,3.5389,3.8707
2013-10-07,3.547,3.8715
2013-10-08,3.5461,3.8566
2013-10-09,3.5615,3.8621
2013-10-10,3.567,3.8578
2013-10-11,3.5571,3.8618
2013-10-14,3.5483,3.8532
2013-10-15,3.5388,3.8257
2013-10-16,3.547,3.8171
2013-10-17,3.5482,3.8047
2013-10-18,3.5277,3.7964
2013-10-21,3.5303,3.8039
2013-10-22,3.538,3.8237
2013-10-23,3.5257,3.8177
2013-10-24,3.5199,3.833
2013-10-25,3.5292,3.857
2013-10-28,3.5318,3.8565
2013-10-29,3.5295,3.8771
2013-10-30,3.5219,3.8856
2013-10-31,3.5178,3.8928
2013-11-01,3.5217,3.8792
2013-11-04,3.5322,3.8711
2013-11-05,3.5314,3.8847
2013-11-06,3.5299,3.9043
2013-11-07,3.5285,3.8959
2013-11-08,3.5422,3.887
2013-11-11,3.5312,3.8998
2013-11-12,3.5345,3.9122
2013-11-13,3.5278,3.9252
2013-11-14,3.5326,3.9268
2013-11-15,3.5301,3.9253
2013-11-18,3.5223,3.955
2013-11-19,3.5204,3.962
2013-11-20,3.519,3.9422
2013-11-21,3.5451,3.9258
2013-11-22,3.5663,3.9135
2013-11-25,3.5587,3.8684
2013-11-26,3.5638,3.8773
2013-11-27,3.5426,3.8656
2013-11-28,3.5383,3.8567
2013-11-29,3.5369,3.8639
2013-12-02,3.5216,3.8279
2013-12-03,3.531,3.815
2013-12-04,3.5217,3.8108
2013-12-05,3.5229,3.8158
2013-12-06,3.5255,3.8019
2013-12-09,3.5079,3.8134
2013-12-10,3.5009,3.835
2013-12-11,3.4953,3.8286
2013-12-12,3.5018,3.8082
2013-12-13,3.5039,3.7822
2013-12-16,3.5016,3.7792
2013-12-17,3.5047,3.7984
2013-12-18,3.5111,3.779
2013-12-19,3.5079,3.765
2013-12-20,3.5167,3.7449
2013-12-23,3.5172,3.7486
2013-12-24,3.5011,3.7459
2013-12-25,3.4819,3.7456
2013-12-26,3.4819,3.7456
2013-12-27,3.4819,3.7456
2013-12-30,3.4805,3.7265
2013-12-31,3.4784,3.7316
2014-01-01,3.4718,3.7334
2014-01-02,3.4718,3.7334
2014-01-03,3.4922,3.7132
2014-01-06,3.5022,3.7485
2014-01-07,3.5029,3.7811
2014-01-08,3.4986,3.7925
2014-01-09,3.5041,3.7699
2014-01-10,3.5038,3.7839
2014-01-13,3.4964,3.7786
2014-01-14,3.4894,3.7442
2014-01-15,3.4876,3.7314
2014-01-16,3.4843,3.7335
2014-01-17,3.4918,3.7313
2014-01-20,3.4916,3.7192
2014-01-21,3.491,3.7266
2014-01-22,3.4963,3.7362
2014-01-23,3.4892,3.7424
2014-01-24,3.4852,3.7256
2014-01-27,3.4909,3.7165
2014-01-28,3.4931,3.7139
2014-01-29,3.4989,3.7259
2014-01-30,3.491,3.7258
2014-01-31,3.4931,3.7317
2014-02-03,3.5183,3.7282
2014-02-04,3.5211,3.7007
2014-02-05,3.5317,3.6888
2014-02-06,3.5385,3.6927
2014-02-07,3.5466,3.6959
2014-02-10,3.5347,3.6865
2014-02-11,3.5222,3.6964
2014-02-12,3.5168,3.7019
2014-02-13,3.5222,3.6962
2014-02-14,3.5089,3.6849
2014-02-17,3.5105,3.6794
2014-02-18,3.5113,3.6863
2014-02-19,3.512,3.678
2014-02-20,3.5075,3.6843
2014-02-21,3.5152,3.6633
2014-02-24,3.5064,3.6744
2014-02-25,3.504,3.709
2014-02-26,3.5185,3.714
2014-02-27,3.5168,3.7316
2014-02-28,3.5157,3.7269
2014-03-03,3.4897,3.7071
2014-03-04,3.4922,3.7298
2014-03-05,3.4903,3.7305
2014-03-06,3.4886,3.7353
2014-03-07,3.4813,3.727
2014-03-10,3.455,3.7264
2014-03-11,3.4779,3.6794
2014-03-12,3.4747,3.6887
2014-03-13,3.4694,3.6774
2014-03-14,3.4611,3.6916
2014-03-17,3.4661,3.7008
2014-03-18,3.4595,3.6796
2014-03-19,3.4607,3.6931
2014-03-20,3.462,3.683
2014-03-21,3.4844,3.6783
2014-03-24,3.4771,3.6639
2014-03-25,3.4931,3.6527
2014-03-26,3.4868,3.6313
2014-03-27,3.4885,3.6356
2014-03-28,3.5012,3.6444
2014-03-31,3.5003,3.6454
2014-04-01,3.4882,3.6454
2014-04-02,3.4758,3.6454
2014-04-03,3.4718,3.6128
2014-04-04,3.47,3.6199
2014-04-07,3.485,3.6306
2014-04-08,3.4909,3.6277
2014-04-09,3.4812,3.6191
2014-04-10,3.4799,3.6303
2014-04-11,3.4679,3.6342
2014-04-14,3.4686,3.6298
2014-04-15,3.472,3.6292
2014-04-16,3.4693,3.6274
2014-04-17,3.4713,3.6273
2014-04-18,3.4756,3.626
2014-04-21,3.4756,3.6264
2014-04-22,3.4756,3.6283
2014-04-23,3.4819,3.6295
2014-04-24,3.4881,3.6247
2014-04-25,3.4771,3.6189
2014-04-28,3.4721,3.6059
2014-04-29,3.4771,3.6054
2014-04-30,3.4737,3.59
2014-05-01,3.4669,3.5934
2014-05-02,3.4669,3.5934
2014-05-05,3.4563,3.5668
2014-05-06,3.4586,3.5574
2014-05-07,3.447,3.5692
2014-05-08,3.4499,3.5634
2014-05-09,3.4473,3.5585
2014-05-12,3.4539,3.5516
2014-05-13,3.4576,3.5656
2014-05-14,3.4573,3.5858
2014-05-15,3.4561,3.6411
2014-05-16,3.4557,3.6693
2014-05-19,3.4607,3.6455
2014-05-20,3.4548,3.6627
2014-05-21,3.4683,3.6613
2014-05-22,3.4923,3.6686
2014-05-23,3.4866,3.6957
2014-05-26,3.4861,3.7006
2014-05-27,3.4898,3.6956
2014-05-28,3.4777,3.6872
2014-05-29,3.489,3.7073
2014-05-30,3.4769,3.6966
2014-06-02,3.4729,3.6928
2014-06-03,3.477,3.6921
2014-06-04,3.4767,3.6873
2014-06-05,3.4831,3.6706
2014-06-06,3.4776,3.6703
2014-06-09,3.4626,3.6428
2014-06-10,3.4605,3.6143
2014-06-11,3.4622,3.6325
2014-06-12,3.4616,3.6503
2014-06-13,3.4608,3.6288
2014-06-16,3.4549,3.6149
2014-06-17,3.4588,3.6017
2014-06-18,3.4542,3.5991
2014-06-19,3.4562,3.5924
2014-06-20,3.4427,3.5932
2014-06-23,3.4466,3.6354
2014-06-24,3.4526,3.6336
2014-06-25,3.436,3.6381
2014-06-26,3.4397,3.5998
2014-06-27,3.4298,3.6238
2014-06-30,3.4294,3.6357
2014-07-01,3.4383,3.6228
2014-07-02,3.4278,3.635
2014-07-03,3.4252,3.6339
2014-07-04,3.4225,3.6488
2014-07-07,3.4181,3.6406
2014-07-08,3.4218,3.6436
2014-07-09,3.4292,3.6602
2014-07-10,3.4313,3.6524
2014-07-11,3.4286,3.6446
2014-07-14,3.4305,3.6165
2014-07-15,3.4242,3.5999
2014-07-16,3.4051,3.5994
2014-07-17,3.4089,3.5664
2014-07-18,3.4107,3.5713
2014-07-21,3.4239,3.6026
2014-07-22,3.423,3.5724
2014-07-23,3.4154,3.5715
2014-07-24,3.4104,3.5744
2014-07-25,3.4031,3.579
2014-07-28,3.4229,3.5935
2014-07-29,3.4286,3.586
2014-07-30,3.4274,3.5908
2014-07-31,3.4269,3.5727
2014-08-01,3.4306,3.5657
2014-08-04,3.4272,3.5565
2014-08-05,3.4189,3.5734
2014-08-06,3.4141,3.5571
2014-08-07,3.4257,3.5487
2014-08-08,3.4539,3.555
2014-08-11,3.4686,3.5397
2014-08-12,3.4703,3.5271
2014-08-13,3.4867,3.5493
2014-08-14,3.4943,3.5494
2014-08-15,3.4705,3.5792
2014-08-18,3.487,3.5617
2014-08-19,3.5044,3.5558
2014-08-20,3.5216,3.5729
2014-08-21,3.5318,3.5643
2014-08-22,3.536,3.5647
2014-08-25,3.5229,3.5886
2014-08-26,3.5395,3.6006
2014-08-27,3.5735,3.6075
2014-08-28,3.5722,3.6524
2014-08-29,3.5596,3.6632
2014-09-01,3.5682,3.6239
2014-09-02,3.5782,3.605
2014-09-03,3.5793,3.6164
2014-09-04,3.5856,3.6336
2014-09-05,3.5851,3.6368
2014-09-08,3.6071,3.6491
2014-09-09,3.6014,3.6489
2014-09-10,3.6149,3.6234
2014-09-11,3.6208,3.5989
2014-09-12,3.6293,3.5718
2014-09-15,3.6327,3.5521
2014-09-16,3.6281,3.5472
2014-09-17,3.645,3.5341
2014-09-18,3.6483,3.5359
2014-09-19,3.6512,3.534
2014-09-22,3.6446,3.4911
2014-09-23,3.6586,3.5037
2014-09-24,3.6586,3.5278
2014-09-25,3.6689,3.5334
2014-09-26,3.6794,3.5579
2014-09-29,3.678,3.5615
2014-09-30,3.6877,3.5609
2014-10-01,3.6934,3.5345
2014-10-02,3.6655,3.5321
2014-10-03,3.6483,3.5349
2014-10-06,3.6598,3.5389
2014-10-07,3.6689,3.547
2014-10-08,3.7087,3.5461
2014-10-09,3.7301,3.5615
2014-10-10,3.6944,3.567
2014-10-13,3.7265,3.5571
2014-10-14,3.7374,3.5483
2014-10-15,3.7395,3.5388
2014-10-16,3.7256,3.547
2014-10-17,3.703,3.5482
2014-10-20,3.711,3.5277
2014-10-21,3.7447,3.5303
2014-10-22,3.7289,3.538
2014-10-23,3.742,3.5257
2014-10-24,3.768,3.5199
2014-10-27,3.7843,3.5292
2014-10-28,3.7897,3.5318
2014-10-29,3.7589,3.5295
2014-10-30,3.7488,3.5219
2014-10-31,3.773,3.5178
2014-11-03,3.7963,3.5217
2014-11-04,3.7896,3.5322
2014-11-05,3.7985,3.5314
2014-11-06,3.8014,3.5299
2014-11-07,3.7871,3.5285
2014-11-10,3.8084,3.5422
2014-11-11,3.7868,3.5312
2014-11-12,3.8219,3.5345
2014-11-13,3.8208,3.5278
2014-11-14,3.8142,3.5326
2014-11-17,3.817,3.5301
2014-11-18,3.8223,3.5223
2014-11-19,3.84,3.5204
2014-11-20,3.8338,3.519
2014-11-21,3.847,3.5451
2014-11-24,3.8481,3.5663
2014-11-25,3.8642,3.5587
2014-11-26,3.8672,3.5638
2014-11-27,3.8756,3.5426
2014-11-28,3.887,3.5383
2014-12-01,3.8927,3.5369
2014-12-02,3.9151,3.5216
2014-12-03,3.9645,3.531
2014-12-04,3.9915,3.5217
2014-12-05,3.989,3.5229
2014-12-08,3.9593,3.5255
2014-12-09,3.9939,3.5079
2014-12-10,3.9328,3.5009
2014-12-11,3.9364,3.4953
2014-12-12,3.9085,3.5018
2014-12-15,3.9011,3.5039
2014-12-16,3.9322,3.5016
2014-12-17,3.9128,3.5047
2014-12-18,3.9207,3.5111
2014-12-19,3.9491,3.5079
2014-12-22,3.9263,3.5167
2014-12-23,3.9244,3.5172
2014-12-24,3.9063,3.5011
2014-12-25,3.9103,3.4819
2014-12-26,3.9103,3.4819
2014-12-29,3.9103,3.4819
2014-12-30,3.9285,3.4805
2014-12-31,3.9079,3.4784
2015-01-01,3.8877,3.4718
2015-01-02,3.8877,3.4718
2015-01-05,3.9268,3.4922
2015-01-06,3.9547,3.5022
2015-01-07,3.9567,3.5029
2015-01-08,3.9587,3.4986
2015-01-09,3.9718,3.5041
2015-01-12,3.946,3.5038
2015-01-13,3.9553,3.4964
2015-01-14,3.9435,3.4894
2015-01-15,3.9327,3.4876
2015-01-16,3.8985,3.4843
2015-01-19,3.9196,3.4918
2015-01-20,3.9297,3.4916
2015-01-21,3.9257,3.491
2015-01-22,3.9264,3.4963
2015-01-23,3.9324,3.4892
2015-01-26,3.9977,3.4852
2015-01-27,3.9966,3.4909
2015-01-28,3.9828,3.4931
2015-01-29,3.9469,3.4989
2015-01-30,3.9307,3.491
2015-02-02,3.9341,3.4931
2015-02-03,3.9399,3.5183
2015-02-04,3.9175,3.5211
2015-02-05,3.8834,3.5317
2015-02-06,3.8763,3.5385
2015-02-09,3.8702,3.5466
2015-02-10,3.8839,3.5347
2015-02-11,3.8765,3.5222
2015-02-12,3.8535,3.5168
2015-02-13,3.9022,3.5222
2015-02-16,3.8912,3.5089
2015-02-17,3.8675,3.5105
2015-02-18,3.8656,3.5113
2015-02-19,3.8579,3.512
2015-02-20,3.8415,3.5075
2015-02-23,3.8679,3.5152
2015-02-24,3.8593,3.5064
2015-02-25,3.9462,3.504
2015-02-26,3.9512,3.5185
2015-02-27,3.9367,3.5168
2015-03-02,3.9872,3.5157
2015-03-03,3.99,3.4897
2015-03-04,3.9905,3.4922
2015-03-05,3.9854,3.4903
2015-03-06,3.9995,3.4886
2015-03-09,3.9974,3.4813
2015-03-10,4.0122,3.455
2015-03-11,4.0354,3.4779
2015-03-12,4.0424,3.4747
2015-03-13,4.0224,3.4694
2015-03-16,4.0226,3.4611
2015-03-17,4.0145,3.4661
2015-03-18,4.0118,3.4595
2015-03-19,4.0297,3.4607
2015-03-20,4.0065,3.462
2015-03-23,4.057,3.4844
2015-03-24,4.0055,3.4771
2015-03-25,3.9335,3.4931
2015-03-26,3.943,3.4868
2015-03-27,3.9405,3.4885
2015-03-30,3.9702,3.5012
2015-03-31,3.9667,3.5003
2015-04-01,3.9776,3.4882
2015-04-02,3.9806,3.4758
2015-04-03,3.9485,3.4718
2015-04-06,3.9485,3.47
2015-04-07,3.9485,3.485
2015-04-08,3.9338,3.4909
2015-04-09,3.9354,3.4812
2015-04-10,3.9397,3.4799
2015-04-13,3.9858,3.4679
2015-04-14,4.0029,3.4686
2015-04-15,3.986,3.472
2015-04-16,3.9791,3.4693
2015-04-17,3.9404,3.4713
2015-04-20,3.9199,3.4756
2015-04-21,3.9292,3.4756
2015-04-22,3.9437,3.4756
2015-04-23,3.9315,3.4819
2015-04-24,3.9421,3.4881
2015-04-27,3.9244,3.4771
2015-04-28,3.9269,3.4721
2015-04-29,3.8965,3.4771
2015-04-30,3.8721,3.4737
2015-05-01,3.8645,3.4669
2015-05-04,3.8645,3.4669
2015-05-05,3.8887,3.4563
2015-05-06,3.8834,3.4586
2015-05-07,3.8704,3.447
2015-05-08,3.8618,3.4499
2015-05-11,3.8655,3.4473
2015-05-12,3.8699,3.4539
2015-05-13,3.8653,3.4576
2015-05-14,3.853,3.4573
2015-05-15,3.8198,3.4561
2015-05-18,3.83,3.4557
2015-05-19,3.8255,3.4607
2015-05-20,3.858,3.4548
2015-05-21,3.8721,3.4683
2015-05-22,3.8652,3.4923
2015-05-25,3.8604,3.4866
2015-05-26,3.8887,3.4861
2015-05-27,3.8828,3.4898
2015-05-28,3.8787,3.4777
2015-05-29,3.88,3.489
2015-06-01,3.8727,3.4769
2015-06-02,3.869,3.4729
2015-06-03,3.8593,3.477
2015-06-04,3.8559,3.4767
2015-06-05,3.8364,3.4831
2015-06-08,3.8436,3.4776
2015-06-09,3.8648,3.4626
2015-06-10,3.8331,3.4605
2015-06-11,3.8291,3.4622
2015-06-12,3.8348,3.4616
2015-06-15,3.848,3.4608
2015-06-16,3.8427,3.4549
2015-06-17,3.8391,3.4588
2015-06-18,3.8425,3.4542
2015-06-19,3.8147,3.4562
2015-06-22,3.8275,3.4427
2015-06-23,3.8374,3.4466
2015-06-24,3.7791,3.4526
2015-06-25,3.7619,3.436
2015-06-26,3.7702,3.4397
2015-06-29,3.7949,3.4298
2015-06-30,3.795,3.4294
2015-07-01,3.7725,3.4383
2015-07-02,3.7805,3.4278
2015-07-03,3.7864,3.4252
2015-07-06,3.7632,3.4225
2015-07-07,3.7811,3.4181
2015-07-08,3.785,3.4218
2015-07-09,3.7972,3.4292
2015-07-10,3.7871,3.4313
2015-07-13,3.7662,3.4286
2015-07-14,3.7826,3.4305
2015-07-15,3.7674,3.4242
2015-07-16,3.764,3.4051
2015-07-17,3.7915,3.4089
2015-07-20,3.7981,3.4107
2015-07-21,3.8271,3.4239
2015-07-22,3.809,3.423
2015-07-23,3.8167,3.4154
2015-07-24,3.8228,3.4104
2015-07-27,3.8327,3.4031
2015-07-28,3.8046,3.4229
2015-07-29,3.7777,3.4286
2015-07-30,3.7813,3.4274
2015-07-31,3.7809,3.4269
2015-08-03,3.7786,3.4306
2015-08-04,3.7728,3.4272
2015-08-05,3.7922,3.4189
2015-08-06,3.8064,3.4141
2015-08-07,3.8081,3.4257
2015-08-10,3.8147,3.4539
2015-08-11,3.8097,3.4686
2015-08-12,3.8182,3.4703
2015-08-13,3.8116,3.4867
2015-08-14,3.8045,3.4943
2015-08-17,3.7765,3.4705
2015-08-18,3.8081,3.487
2015-08-19,3.8409,3.5044
2015-08-20,3.8787,3.5216
2015-08-21,3.8853,3.5318
2015-08-24,3.8774,3.536
2015-08-25,3.884,3.5229
2015-08-26,3.8606,3.5395
2015-08-27,3.9221,3.5735
2015-08-28,3.9219,3.5722
2015-08-31,3.9208,3.5596
2015-09-01,3.9317,3.5682
2015-09-02,3.928,3.5782
2015-09-03,3.9314,3.5793
2015-09-04,3.95,3.5856
2015-09-07,3.9141,3.5851
2015-09-08,3.9346,3.6071
2015-09-09,3.9207,3.6014
2015-09-10,3.8819,3.6149
2015-09-11,3.9048,3.6208
2015-09-14,3.8633,3.6293
2015-09-15,3.8877,3.6327
2015-09-16,3.872,3.6281
2015-09-17,3.88,3.645
2015-09-18,3.8805,3.6483
2015-09-21,3.8775,3.6512
2015-09-22,3.9187,3.6446
2015-09-23,3.9322,3.6586
2015-09-24,3.9516,3.6586
2015-09-25,3.9477,3.6689
2015-09-28,3.9285,3.6794
2015-09-29,3.9413,3.678
2015-09-30,3.9315,3.6877
2015-10-01,3.9276,3.6934
2015-10-02,3.9322,3.6655
2015-10-05,3.9253,3.6483
2015-10-06,3.8621,3.6598
2015-10-07,3.8688,3.6689
2015-10-08,3.8501,3.7087
2015-10-09,3.8592,3.7301
2015-10-12,3.8242,3.6944
2015-10-13,3.8357,3.7265
2015-10-14,3.865,3.7374
2015-10-15,3.8518,3.7395
2015-10-16,3.8205,3.7256
2015-10-19,3.8315,3.703
2015-10-20,3.8481,3.711
2015-10-21,3.8649,3.7447
2015-10-22,3.8598,3.7289
2015-10-23,3.8549,3.742
2015-10-26,3.8926,3.768
2015-10-27,3.8848,3.7843
2015-10-28,3.8654,3.7897
2015-10-29,3.8715,3.7589
2015-10-30,3.8825,3.7488
2015-11-02,3.8658,3.773
2015-11-03,3.8687,3.7963
2015-11-04,3.8761,3.7896
2015-11-05,3.8765,3.7985
2015-11-06,3.8898,3.8014
2015-11-09,3.8934,3.7871
2015-11-10,3.9182,3.8084
2015-11-11,3.9202,3.7868
2015-11-12,3.9045,3.8219
2015-11-13,3.8922,3.8208
2015-11-16,3.8867,3.8142
2015-11-17,3.8922,3.817
2015-11-18,3.9039,3.8223
2015-11-19,3.9038,3.84
2015-11-20,3.8923,3.8338
2015-11-23,3.8803,3.847
2015-11-24,3.8828,3.8481
2015-11-25,3.8776,3.8642
2015-11-26,3.8823,3.8672
2015-11-27,3.8823,3.8756
2015-11-30,3.8875,3.887
2015-12-01,3.873,3.8927
2015-12-02,3.8787,3.9151
2015-12-03,3.8765,3.9645
2015-12-04,3.8695,3.9915
2015-12-07,3.8356,3.989
2015-12-08,3.8559,3.9593
2015-12-09,3.8876,3.9939
2015-12-10,3.8839,3.9328
2015-12-11,3.8664,3.9364
2015-12-14,3.8618,3.9085
2015-12-15,3.8586,3.9011
2015-12-16,3.859,3.9322
2015-12-17,3.8791,3.9128
2015-12-18,3.8926,3.9207
2015-12-21,3.8953,3.9491
2015-12-22,3.9021,3.9263
2015-12-23,3.8988,3.9244
2015-12-24,3.892,3.9063
2015-12-25,3.8891,3.9103
2015-12-28,3.8891,3.9103
2015-12-29,3.8834,3.9103
2015-12-30,3.8842,3.9285
2015-12-31,3.8995,3.9079
2016-01-01,3.902,3.8877
2016-01-04,3.902,3.8877
2016-01-05,3.9144,3.9268
2016-01-06,3.9218,3.9547
2016-01-07,3.9461,3.9567
2016-01-08,3.929,3.9587
2016-01-11,3.922,3.9718
2016-01-12,3.9334,3.946
2016-01-13,3.9416,3.9553
2016-01-14,3.9418,3.9435
2016-01-15,3.9462,3.9327
2016-01-18,3.9513,3.8985
2016-01-19,3.9561,3.9196
2016-01-20,3.9589,3.9297
2016-01-21,3.9754,3.9257
2016-01-22,3.9729,3.9264
2016-01-25,3.9734,3.9324
2016-01-26,3.9788,3.9977
2016-01-27,3.9756,3.9966
2016-01-28,3.9724,3.9828
2016-01-29,3.9558,3.9469
2016-02-01,3.9454,3.9307
2016-02-02,3.9508,3.9341
2016-02-03,3.9528,3.9399
2016-02-04,3.9623,3.9175
2016-02-05,3.9077,3.8834
2016-02-08,3.8756,3.8763
2016-02-09,3.8929,3.8702
2016-02-10,3.8853,3.8839
2016-02-11,3.8722,3.8765
2016-02-12,3.891,3.8535
2016-02-15,3.8812,3.9022
2016-02-16,3.8893,3.8912
2016-02-17,3.9103,3.8675
2016-02-18,3.9036,3.8656
2016-02-19,3.9071,3.8579
2016-02-22,3.9122,3.8415
2016-02-23,3.9077,3.8679
2016-02-24,3.9052,3.8593
2016-02-25,3.9261,3.9462
2016-02-26,3.9009,3.9512
2016-02-29,3.9006,3.9367
2016-03-01,3.9085,3.9367
2016-03-02,3.8937,3.9872
2016-03-03,3.8864,3.99
2016-03-04,3.8897,3.9905
2016-03-07,3.9061,3.9995
2016-03-08,3.9135,3.9995
2016-03-09,3.9094,3.9974
2016-03-10,3.8986,4.0122
2016-03-11,3.9014,4.0354
2016-03-14,3.8794,4.0224
2016-03-15,3.8792,4.0224
2016-03-16,3.8919,4.0226
2016-03-17,3.9019,4.0145
2016-03-18,3.8516,4.0118
2016-03-21,3.8467,4.0065
2016-03-22,3.8547,4.0065
2016-03-23,3.8525,4.057
2016-03-24,3.8437,4.0055
2016-03-25,3.833,3.9335
2016-03-28,3.833,3.9405
2016-03-29,3.833,3.9405
2016-03-30,3.8312,3.9702
2016-03-31,3.7883,3.9667
2016-04-01,3.7725,3.9776
2016-04-04,3.7773,3.9485
2016-04-05,3.7855,3.9485
2016-04-06,3.8031,3.9485
2016-04-07,3.8193,3.9485
2016-04-08,3.7915,3.9338
2016-04-11,3.7847,3.9397
2016-04-12,3.7818,3.9397
2016-04-13,3.7665,3.9858
2016-04-14,3.7792,4.0029
2016-04-15,3.7897,3.986
2016-04-18,3.7819,3.9404
2016-04-19,3.7769,3.9404
2016-04-20,3.7685,3.9199
2016-04-21,3.7583,3.9292
2016-04-22,3.7609,3.9437
2016-04-25,3.7646,3.9421
2016-04-26,3.7684,3.9421
2016-04-27,3.764,3.9244
2016-04-28,3.7638,3.9269
2016-04-29,3.7592,3.8965
2016-05-02,3.7416,3.8645
2016-05-03,3.7463,3.8645
2016-05-04,3.7493,3.8645
2016-05-05,3.7729,3.8887
2016-05-06,3.7784,3.8834
2016-05-09,3.7797,3.8618
2016-05-10,3.7814,3.8618
2016-05-11,3.7839,3.8655
2016-05-12,3.7646,3.8699
2016-05-13,3.7609,3.8653
2016-05-16,3.7737,3.8198
2016-05-17,3.8131,3.8198
2016-05-18,3.8196,3.83
2016-05-19,3.837,3.8255
2016-05-20,3.8589,3.858
2016-05-23,3.8794,3.8652
2016-05-24,3.8751,3.8652
2016-05-25,3.8618,3.8604
2016-05-26,3.8533,3.8887
2016-05-27,3.8359,3.8828
2016-05-30,3.8447,3.88
2016-05-31,3.8466,3.88
2016-06-01,3.8516,3.8727
2016-06-02,3.852,3.869
2016-06-03,3.8528,3.8593
2016-06-06,3.8765,3.8364
2016-06-07,3.8331,3.8364
2016-06-08,3.8206,3.8436
2016-06-09,3.8259,3.8648
2016-06-10,3.8447,3.8331
2016-06-13,3.851,3.8348
2016-06-14,3.8702,3.8348
2016-06-15,3.8668,3.848
2016-06-16,3.8763,3.8427
2016-06-17,3.8686,3.8391
2016-06-20,3.8717,3.8147
2016-06-21,3.8503,3.8147
2016-06-22,3.8596,3.8275
2016-06-23,3.8528,3.8374
2016-06-24,3.824,3.7791
2016-06-27,3.896,3.7702
2016-06-28,3.8983,3.7702
2016-06-29,3.8808,3.7949
2016-06-30,3.8587,3.795
2016-07-01,3.8516,3.7725
2016-07-04,3.8433,3.7864
2016-07-05,3.8531,3.7864
2016-07-06,3.8687,3.7632
2016-07-07,3.895,3.7811
2016-07-08,3.8814,3.785
2016-07-11,3.8854,3.7871
2016-07-12,3.8839,3.7871
2016-07-13,3.8732,3.7662
2016-07-14,3.8685,3.7826
2016-07-15,3.8472,3.7674
2016-07-18,3.8478,3.7915
2016-07-19,3.8587,3.7915
2016-07-20,3.8588,3.7981
2016-07-21,3.8583,3.8271
2016-07-22,3.855,3.809
2016-07-25,3.8344,3.8228
2016-07-26,3.8453,3.8228
2016-07-27,3.8429,3.8327
2016-07-28,3.8407,3.8046
2016-07-29,3.8217,3.7777
2016-08-01,3.8238,3.7809
2016-08-02,3.808,3.7809
2016-08-03,3.8152,3.7786
2016-08-04,3.8224,3.7728
2016-08-05,3.8265,3.7922
2016-08-08,3.8215,3.8081
2016-08-09,3.8275,3.8081
2016-08-10,3.8201,3.8147
2016-08-11,3.8087,3.8097
2016-08-12,3.8124,3.8182
2016-08-15,3.8137,3.8045
2016-08-16,3.809,3.8045
2016-08-17,3.7771,3.7765
2016-08-18,3.793,3.8081
2016-08-19,3.7794,3.8409
2016-08-22,3.768,3.8853
2016-08-23,3.779,3.8853
2016-08-24,3.7688,3.8774
2016-08-25,3.7723,3.884
2016-08-26,3.7628,3.8606
2016-08-29,3.7594,3.9219
2016-08-30,3.7886,3.9219
2016-08-31,3.7823,3.9208
2016-09-01,3.7935,3.9317
2016-09-02,3.7735,3.928
2016-09-05,3.7644,3.95
2016-09-06,3.77,3.95
2016-09-07,3.7642,3.9141
2016-09-08,3.7597,3.9346
2016-09-09,3.7492,3.9207
2016-09-12,3.7534,3.9048
2016-09-13,3.7709,3.9048
2016-09-14,3.7706,3.8633
2016-09-15,3.7859,3.8877
2016-09-16,3.7736,3.872
2016-09-19,3.7631,3.8805
2016-09-20,3.7753,3.8805
2016-09-21,3.776,3.8775
2016-09-22,3.776,3.9187
2016-09-23,3.7583,3.9322
2016-09-26,3.7597,3.9477
2016-09-27,3.7595,3.9477
2016-09-28,3.7455,3.9285
2016-09-29,3.7548,3.9413
2016-09-30,3.7569,3.9315
2016-10-03,3.7627,3.9322
2016-10-04,3.7583,3.9322
2016-10-05,3.7702,3.9253
2016-10-06,3.7769,3.8621
2016-10-07,3.7819,3.8688
2016-10-10,3.7984,3.8592
2016-10-11,3.7896,3.8592
2016-10-12,3.8007,3.8242
2016-10-13,3.8161,3.8357
2016-10-14,3.8135,3.865
2016-10-17,3.8199,3.8205
2016-10-18,3.8252,3.8205
2016-10-19,3.8283,3.8315
2016-10-20,3.8306,3.8481
2016-10-21,3.8417,3.8649
2016-10-24,3.8575,3.8549
2016-10-25,3.8616,3.8549
2016-10-26,3.8505,3.8926
2016-10-27,3.8387,3.8848
2016-10-28,3.8427,3.8654
2016-10-31,3.8565,3.8825
2016-11-01,3.8496,3.8825
2016-11-02,3.8217,3.8658
2016-11-03,3.8156,3.8687
2016-11-04,3.8148,3.8761
2016-11-07,3.8039,3.8898
2016-11-08,3.8124,3.8898
2016-11-09,3.8113,3.8934
2016-11-10,3.8011,3.9182
2016-11-11,3.8404,3.9202
2016-11-14,3.8318,3.8922
2016-11-15,3.8507,3.8922
2016-11-16,3.8419,3.8867
2016-11-17,3.8562,3.8922
2016-11-18,3.8584,3.9039
2016-11-21,3.8727,3.8923
2016-11-22,3.8696,3.8923
2016-11-23,3.8656,3.8803
2016-11-24,3.8724,3.8828
2016-11-25,3.8762,3.8776
2016-11-28,3.8753,3.8823
2016-11-29,3.8562,3.8823
2016-11-30,3.8464,3.8875
2016-12-01,3.8411,3.873
2016-12-02,3.8333,3.8787
2016-12-05,3.8312,3.8695
2016-12-06,3.8268,3.8695
2016-12-07,3.8088,3.8356
2016-12-08,3.8033,3.8559
2016-12-09,3.7881,3.8876
2016-12-12,3.8261,3.8664
2016-12-13,3.8219,3.8664
2016-12-14,3.8096,3.8618
2016-12-15,3.8097,3.8586
2016-12-16,3.8451,3.859
2016-12-19,3.8725,3.8926
2016-12-20,3.8677,3.8926
2016-12-21,3.8618,3.8953
2016-12-22,3.8312,3.9021
2016-12-23,3.8209,3.8988
2016-12-26,3.8244,3.8891
2016-12-27,3.8244,3.8891
2016-12-28,3.8546,3.8891
2016-12-29,3.853,3.8834
2016-12-30,3.8483,3.8842
2017-01-02,3.84,3.902
2017-01-03,3.853,3.902
2017-01-04,3.8666,3.902
2017-01-05,3.8567,3.9144
2017-01-06,3.8545,3.9218
2017-01-09,3.8359,3.929
2017-01-10,3.8494,3.929
2017-01-11,3.8444,3.922
2017-01-12,3.8543,3.9334
2017-01-13,3.821,3.9416
2017-01-16,3.8149,3.9462
2017-01-17,3.8275,3.9462
2017-01-18,3.8199,3.9513
2017-01-19,3.8137,3.9561
2017-01-20,3.8122,3.9589
2017-01-23,3.8093,3.9729
2017-01-24,3.7997,3.9729
2017-01-25,3.7878,3.9734
2017-01-26,3.785,3.9788
2017-01-27,3.7876,3.9756
2017-01-30,3.7874,3.9558
2017-01-31,3.7844,3.9558
2017-02-01,3.7727,3.9454
2017-02-02,3.7685,3.9508
2017-02-03,3.7612,3.9528
2017-02-06,3.7541,3.9077
2017-02-07,3.7478,3.9077
2017-02-08,3.755,3.8756
2017-02-09,3.7526,3.8929
2017-02-10,3.7483,3.8853
2017-02-13,3.7482,3.891
2017-02-14,3.7525,3.891
2017-02-15,3.745,3.8812
2017-02-16,3.7458,3.8893
2017-02-17,3.716,3.9103
2017-02-20,3.7061,3.9071
2017-02-21,3.7078,3.9071
2017-02-22,3.7023,3.9122
2017-02-23,3.7079,3.9077
2017-02-24,3.6986,3.9052
2017-02-27,3.6988,3.9009
2017-02-28,3.6734,3.9009
2017-03-01,3.6597,3.9085
2017-03-02,3.6337,3.8937
2017-03-03,3.6913,3.8864
2017-03-06,3.704,3.8897
2017-03-07,3.6773,3.9061
2017-03-08,3.6767,3.9135
2017-03-09,3.6831,3.9094
2017-03-10,3.6905,3.8986
2017-03-13,3.6853,3.9014
2017-03-14,3.6584,3.8794
2017-03-15,3.6635,3.8792
2017-03-16,3.6575,3.8919
2017-03-17,3.6284,3.9019
2017-03-20,3.6303,3.8516
2017-03-21,3.6313,3.8467
2017-03-22,3.6147,3.8547
2017-03-23,3.6551,3.8525
2017-03-24,3.6457,3.8437
2017-03-27,3.6416,3.833
2017-03-28,3.6149,3.833
2017-03-29,3.6145,3.833
2017-03-30,3.626,3.8312
2017-03-31,3.6243,3.7883
2017-04-03,3.6342,3.7725
2017-04-04,3.6291,3.7773
2017-04-05,3.6453,3.7855
2017-04-06,3.6548,3.8031
2017-04-07,3.6466,3.8193
2017-04-10,3.6485,3.7915
2017-04-11,3.6618,3.7847
2017-04-12,3.6565,3.7818
2017-04-13,3.6551,3.7665
2017-04-14,3.6539,3.7792
2017-04-17,3.6539,3.7897
2017-04-18,3.6539,3.7819
2017-04-19,3.6652,3.7769
2017-04-20,3.6655,3.7685
2017-04-21,3.6651,3.7583
2017-04-24,3.6798,3.7609
2017-04-25,3.6523,3.7646
2017-04-26,3.6443,3.7684
2017-04-27,3.6365,3.764
2017-04-28,3.644,3.7638
2017-05-01,3.622,3.7592
2017-05-02,3.622,3.7416
2017-05-03,3.6094,3.7463
2017-05-04,3.6171,3.7493
2017-05-05,3.6191,3.7729
2017-05-08,3.6038,3.7784
2017-05-09,3.6049,3.7797
2017-05-10,3.6034,3.7814
2017-05-11,3.6007,3.7839
2017-05-12,3.6114,3.7646
2017-05-15,3.6045,3.7609
2017-05-16,3.597,3.7737
2017-05-17,3.6056,3.8131
2017-05-18,3.6017,3.8196
2017-05-19,3.6045,3.837
2017-05-22,3.5859,3.8589
2017-05-23,3.5817,3.8794
2017-05-24,3.5871,3.8751
2017-05-25,3.5897,3.8618
2017-05-26,3.5769,3.8533
2017-05-29,3.5734,3.8359
2017-05-30,3.5724,3.8447
2017-05-31,3.5517,3.8466
2017-06-01,3.5431,3.8516
2017-06-02,3.5511,3.852
2017-06-05,3.5605,3.8528
2017-06-06,3.549,3.8765
2017-06-07,3.5461,3.8331
2017-06-08,3.5457,3.8206
2017-06-09,3.5358,3.8259
2017-06-12,3.5242,3.8447
2017-06-13,3.533,3.851
2017-06-14,3.5258,3.8702
2017-06-15,3.5295,3.8668
2017-06-16,3.5225,3.8763
2017-06-19,3.5274,3.8686
2017-06-20,3.5225,3.8717
2017-06-21,3.5391,3.8503
2017-06-22,3.5409,3.8596
2017-06-23,3.5441,3.8528
2017-06-26,3.5418,3.824
2017-06-27,3.531,3.896
2017-06-28,3.5168,3.8983
2017-06-29,3.52,3.8808
2017-06-30,3.4955,3.8587
2017-07-03,3.4953,3.8516
2017-07-04,3.4979,3.8433
2017-07-05,3.516,3.8531
2017-07-06,3.5195,3.8687
2017-07-07,3.5361,3.895
2017-07-10,3.529,3.8814
2017-07-11,3.5476,3.8854
2017-07-12,3.5747,3.8839
2017-07-13,3.5531,3.8732
2017-07-14,3.5412,3.8685
2017-07-17,3.5565,3.8472
2017-07-18,3.5487,3.8478
2017-07-19,3.5694,3.8587
2017-07-20,3.5792,3.8588
2017-07-21,3.5727,3.8583
2017-07-24,3.5632,3.855
2017-07-25,3.5895,3.8344
2017-07-26,3.564,3.8453
2017-07-27,3.57,3.8429
2017-07-28,3.5577,3.8407
2017-07-31,3.5608,3.8217
2017-08-01,3.562,3.8238
2017-08-02,3.5676,3.808
2017-08-03,3.5788,3.8152
2017-08-04,3.5836,3.8224
2017-08-07,3.618,3.8265
2017-08-08,3.6219,3.8215
2017-08-09,3.603,3.8275
2017-08-10,3.5979,3.8201
2017-08-11,3.5955,3.8087
2017-08-14,3.5844,3.8124
2017-08-15,3.5835,3.8137
2017-08-16,3.5895,3.809
2017-08-17,3.6276,3.7771
2017-08-18,3.627,3.793
2017-08-21,3.6231,3.7794
2017-08-22,3.622,3.768
2017-08-23,3.6186,3.779
2017-08-24,3.6185,3.7688
2017-08-25,3.5993,3.7723
2017-08-28,3.5953,3.7628
2017-08-29,3.5823,3.7594
2017-08-30,3.5803,3.7886
2017-08-31,3.5838,3.7823
2017-09-01,3.5985,3.7935
2017-09-04,3.5737,3.7735
2017-09-05,3.582,3.7644
2017-09-06,3.5681,3.77
2017-09-07,3.5605,3.7642
2017-09-08,3.5282,3.7597
2017-09-11,3.5163,3.7492
2017-09-12,3.5221,3.7534
2017-09-13,3.5362,3.7709
2017-09-14,3.5344,3.7706
2017-09-15,3.5418,3.7859
2017-09-18,3.5183,3.7736
2017-09-19,3.5223,3.7631
2017-09-20,3.5168,3.7753
2017-09-21,3.5035,3.776
2017-09-22,3.5223,3.776
2017-09-25,3.4909,3.7583
2017-09-26,3.5111,3.7597
2017-09-27,3.5275,3.7595
2017-09-28,3.5482,3.7455
2017-09-29,3.5216,3.7548
2017-10-02,3.5229,3.7569
2017-10-03,3.544,3.7627
2017-10-04,3.5326,3.7583
2017-10-05,3.5105,3.7702
2017-10-06,3.5112,3.7769
2017-10-09,3.5172,3.7819
2017-10-10,3.5081,3.7984
2017-10-11,3.4982,3.7896
2017-10-12,3.4965,3.8007
2017-10-13,3.4908,3.8161
2017-10-16,3.4994,3.8135
2017-10-17,3.4967,3.8199
2017-10-18,3.51,3.8252
2017-10-19,3.5137,3.8283
2017-10-20,3.4952,3.8306
2017-10-23,3.4876,3.8417
2017-10-24,3.4923,3.8575
2017-10-25,3.5017,3.8616
2017-10-26,3.5068,3.8505
2017-10-27,3.5177,3.8387
2017-10-30,3.543,3.8427
2017-10-31,3.5286,3.8565
2017-11-01,3.5223,3.8496
2017-11-02,3.5175,3.8217
2017-11-03,3.5075,3.8156
2017-11-06,3.5034,3.8148
2017-11-07,3.5135,3.8039
2017-11-08,3.5144,3.8124
2017-11-09,3.512,3.8113
2017-11-10,3.5148,3.8011
2017-11-13,3.5378,3.8404
2017-11-14,3.543,3.8318
2017-11-15,3.5428,3.8507
2017-11-16,3.5344,3.8419
2017-11-17,3.5208,3.8562
2017-11-20,3.5153,3.8584
2017-11-21,3.5139,3.8727
2017-11-22,3.5288,3.8696
2017-11-23,3.523,3.8656
2017-11-24,3.5116,3.8724
2017-11-27,3.5155,3.8762
2017-11-28,3.5017,3.8753
2017-11-29,3.5021,3.8562
2017-11-30,3.5044,3.8464
2017-12-01,3.4981,3.8411
2017-12-04,3.4915,3.8333
2017-12-05,3.4921,3.8312
2017-12-06,3.4939,3.8268
2017-12-07,3.5135,3.8088
2017-12-08,3.5193,3.8033
2017-12-11,3.521,3.7881
2017-12-12,3.5274,3.8261
2017-12-13,3.5397,3.8219
2017-12-14,3.5452,3.8096
2017-12-15,3.527,3.8097
2017-12-18,3.5265,3.8451
2017-12-19,3.5128,3.8725
2017-12-20,3.4986,3.8677
2017-12-21,3.495,3.8618
2017-12-22,3.4906,3.8312
2017-12-25,3.4848,3.8209
2017-12-26,3.4848,3.8244
2017-12-27,3.4848,3.8244
2017-12-28,3.4831,3.8546
2017-12-29,3.4785,3.853
2018-01-01,3.4716,3.8483
2018-01-02,3.4716,3.84
2018-01-03,3.4557,3.853
2018-01-04,3.459,3.8666
2018-01-05,3.4462,3.8567
2018-01-08,3.4373,3.8545
2018-01-09,3.4417,3.8359
2018-01-10,3.4442,3.8494
2018-01-11,3.4297,3.8444
2018-01-12,3.423,3.8543
2018-01-15,3.4005,3.821
2018-01-16,3.3996,3.8149
2018-01-17,3.415,3.8275
2018-01-18,3.4558,3.8199
2018-01-19,3.4287,3.8137
2018-01-22,3.4139,3.8122
2018-01-23,3.4199,3.8093
2018-01-24,3.4189,3.7997
2018-01-25,3.4097,3.7878
2018-01-26,3.4036,3.785
2018-01-29,3.3894,3.7876
2018-01-30,3.4034,3.7874
2018-01-31,3.3996,3.7844
2018-02-01,3.4056,3.7727
2018-02-02,3.4284,3.7685
2018-02-05,3.434,3.7612
2018-02-06,3.4415,3.7541
2018-02-07,3.4853,3.7478
2018-02-08,3.4913,3.755
2018-02-09,3.4952,3.7526
2018-02-12,3.5259,3.7483
2018-02-13,3.5243,3.7482
2018-02-14,3.533,3.7525
2018-02-15,3.5371,3.745
2018-02-16,3.5242,3.7458
2018-02-19,3.5471,3.716
2018-02-20,3.5192,3.7061
2018-02-21,3.5024,3.7078
2018-02-22,3.4984,3.7023
2018-02-23,3.4975,3.7079
2018-02-26,3.4896,3.6986
2018-02-27,3.493,3.6988
2018-02-28,3.4812,3.6734
2018-03-01,3.4803,3.6597
2018-03-02,3.4834,3.6337
2018-03-05,3.4526,3.6913
2018-03-06,3.4598,3.704
2018-03-07,3.457,3.6773
2018-03-08,3.4612,3.6767
