Date,INR,YTD
1999-01-05,?,?
1999-01-06,?,?
1999-01-07,?,?
1999-01-08,?,?
1999-01-11,?,?
1999-01-12,?,?
1999-01-13,?,?
1999-01-14,?,?
1999-01-15,?,?
1999-01-18,?,?
1999-01-19,?,?
1999-01-20,?,?
1999-01-21,?,?
1999-01-22,?,?
1999-01-25,?,?
1999-01-26,?,?
1999-01-27,?,?
1999-01-28,?,?
1999-01-29,?,?
1999-02-01,?,?
1999-02-02,?,?
1999-02-03,?,?
1999-02-04,?,?
1999-02-05,?,?
1999-02-08,?,?
1999-02-09,?,?
1999-02-10,?,?
1999-02-11,?,?
1999-02-12,?,?
1999-02-15,?,?
1999-02-16,?,?
1999-02-17,?,?
1999-02-18,?,?
1999-02-19,?,?
1999-02-22,?,?
1999-02-23,?,?
1999-02-24,?,?
1999-02-25,?,?
1999-02-26,?,?
1999-03-01,?,?
1999-03-02,?,?
1999-03-03,?,?
1999-03-04,?,?
1999-03-05,?,?
1999-03-08,?,?
1999-03-09,?,?
1999-03-10,?,?
1999-03-11,?,?
1999-03-12,?,?
1999-03-15,?,?
1999-03-16,?,?
1999-03-17,?,?
1999-03-18,?,?
1999-03-19,?,?
1999-03-22,?,?
1999-03-23,?,?
1999-03-24,?,?
1999-03-25,?,?
1999-03-26,?,?
1999-03-29,?,?
1999-03-30,?,?
1999-03-31,?,?
1999-04-01,?,?
1999-04-02,?,?
1999-04-05,?,?
1999-04-06,?,?
1999-04-07,?,?
1999-04-08,?,?
1999-04-09,?,?
1999-04-12,?,?
1999-04-13,?,?
1999-04-14,?,?
1999-04-15,?,?
1999-04-16,?,?
1999-04-19,?,?
1999-04-20,?,?
1999-04-21,?,?
1999-04-22,?,?
1999-04-23,?,?
1999-04-26,?,?
1999-04-27,?,?
1999-04-28,?,?
1999-04-29,?,?
1999-04-30,?,?
1999-05-03,?,?
1999-05-04,?,?
1999-05-05,?,?
1999-05-06,?,?
1999-05-07,?,?
1999-05-10,?,?
1999-05-11,?,?
1999-05-12,?,?
1999-05-13,?,?
1999-05-14,?,?
1999-05-17,?,?
1999-05-18,?,?
1999-05-19,?,?
1999-05-20,?,?
1999-05-21,?,?
1999-05-24,?,?
1999-05-25,?,?
1999-05-26,?,?
1999-05-27,?,?
1999-05-28,?,?
1999-05-31,?,?
1999-06-01,?,?
1999-06-02,?,?
1999-06-03,?,?
1999-06-04,?,?
1999-06-07,?,?
1999-06-08,?,?
1999-06-09,?,?
1999-06-10,?,?
1999-06-11,?,?
1999-06-14,?,?
1999-06-15,?,?
1999-06-16,?,?
1999-06-17,?,?
1999-06-18,?,?
1999-06-21,?,?
1999-06-22,?,?
1999-06-23,?,?
1999-06-24,?,?
1999-06-25,?,?
1999-06-28,?,?
1999-06-29,?,?
1999-06-30,?,?
1999-07-01,?,?
1999-07-02,?,?
1999-07-05,?,?
1999-07-06,?,?
1999-07-07,?,?
1999-07-08,?,?
1999-07-09,?,?
1999-07-12,?,?
1999-07-13,?,?
1999-07-14,?,?
1999-07-15,?,?
1999-07-16,?,?
1999-07-19,?,?
1999-07-20,?,?
1999-07-21,?,?
1999-07-22,?,?
1999-07-23,?,?
1999-07-26,?,?
1999-07-27,?,?
1999-07-28,?,?
1999-07-29,?,?
1999-07-30,?,?
1999-08-02,?,?
1999-08-03,?,?
1999-08-04,?,?
1999-08-05,?,?
1999-08-06,?,?
1999-08-09,?,?
1999-08-10,?,?
1999-08-11,?,?
1999-08-12,?,?
1999-08-13,?,?
1999-08-16,?,?
1999-08-17,?,?
1999-08-18,?,?
1999-08-19,?,?
1999-08-20,?,?
1999-08-23,?,?
1999-08-24,?,?
1999-08-25,?,?
1999-08-26,?,?
1999-08-27,?,?
1999-08-30,?,?
1999-08-31,?,?
1999-09-01,?,?
1999-09-02,?,?
1999-09-03,?,?
1999-09-06,?,?
1999-09-07,?,?
1999-09-08,?,?
1999-09-09,?,?
1999-09-10,?,?
1999-09-13,?,?
1999-09-14,?,?
1999-09-15,?,?
1999-09-16,?,?
1999-09-17,?,?
1999-09-20,?,?
1999-09-21,?,?
1999-09-22,?,?
1999-09-23,?,?
1999-09-24,?,?
1999-09-27,?,?
1999-09-28,?,?
1999-09-29,?,?
1999-09-30,?,?
1999-10-01,?,?
1999-10-04,?,?
1999-10-05,?,?
1999-10-06,?,?
1999-10-07,?,?
1999-10-08,?,?
1999-10-11,?,?
1999-10-12,?,?
1999-10-13,?,?
1999-10-14,?,?
1999-10-15,?,?
1999-10-18,?,?
1999-10-19,?,?
1999-10-20,?,?
1999-10-21,?,?
1999-10-22,?,?
1999-10-25,?,?
1999-10-26,?,?
1999-10-27,?,?
1999-10-28,?,?
1999-10-29,?,?
1999-11-01,?,?
1999-11-02,?,?
1999-11-03,?,?
1999-11-04,?,?
1999-11-05,?,?
1999-11-08,?,?
1999-11-09,?,?
1999-11-10,?,?
1999-11-11,?,?
1999-11-12,?,?
1999-11-15,?,?
1999-11-16,?,?
1999-11-17,?,?
1999-11-18,?,?
1999-11-19,?,?
1999-11-22,?,?
1999-11-23,?,?
1999-11-24,?,?
1999-11-25,?,?
1999-11-26,?,?
1999-11-29,?,?
1999-11-30,?,?
1999-12-01,?,?
1999-12-02,?,?
1999-12-03,?,?
1999-12-06,?,?
1999-12-07,?,?
1999-12-08,?,?
1999-12-09,?,?
1999-12-10,?,?
1999-12-13,?,?
1999-12-14,?,?
1999-12-15,?,?
1999-12-16,?,?
1999-12-17,?,?
1999-12-20,?,?
1999-12-21,?,?
1999-12-22,?,?
1999-12-23,?,?
1999-12-24,?,?
1999-12-27,?,?
1999-12-28,?,?
1999-12-29,?,?
1999-12-30,?,?
1999-12-31,?,?
2000-01-03,?,?
2000-01-04,?,?
2000-01-05,?,?
2000-01-06,?,?
2000-01-07,?,?
2000-01-10,?,?
2000-01-11,?,?
2000-01-12,?,?
2000-01-13,?,?
2000-01-14,?,?
2000-01-17,?,?
2000-01-18,?,?
2000-01-19,?,?
2000-01-20,?,?
2000-01-21,?,?
2000-01-24,?,?
2000-01-25,?,?
2000-01-26,?,?
2000-01-27,?,?
2000-01-28,?,?
2000-01-31,?,?
2000-02-01,?,?
2000-02-02,?,?
2000-02-03,?,?
2000-02-04,?,?
2000-02-07,?,?
2000-02-08,?,?
2000-02-09,?,?
2000-02-10,?,?
2000-02-11,?,?
2000-02-14,?,?
2000-02-15,?,?
2000-02-16,?,?
2000-02-17,?,?
2000-02-18,?,?
2000-02-21,?,?
2000-02-22,?,?
2000-02-23,?,?
2000-02-24,?,?
2000-02-25,?,?
2000-02-28,?,?
2000-02-29,?,?
2000-03-01,?,?
2000-03-02,?,?
2000-03-03,?,?
2000-03-06,?,?
2000-03-07,?,?
2000-03-08,?,?
2000-03-09,?,?
2000-03-10,?,?
2000-03-13,?,?
2000-03-14,?,?
2000-03-15,?,?
2000-03-16,?,?
2000-03-17,?,?
2000-03-20,?,?
2000-03-21,?,?
2000-03-22,?,?
2000-03-23,?,?
2000-03-24,?,?
2000-03-27,?,?
2000-03-28,?,?
2000-03-29,?,?
2000-03-30,?,?
2000-03-31,?,?
2000-04-03,?,?
2000-04-04,?,?
2000-04-05,?,?
2000-04-06,?,?
2000-04-07,?,?
2000-04-10,?,?
2000-04-11,?,?
2000-04-12,?,?
2000-04-13,?,?
2000-04-14,?,?
2000-04-17,?,?
2000-04-18,?,?
2000-04-19,?,?
2000-04-20,?,?
2000-04-21,?,?
2000-04-24,?,?
2000-04-25,?,?
2000-04-26,?,?
2000-04-27,?,?
2000-04-28,?,?
2000-05-01,?,?
2000-05-02,?,?
2000-05-03,?,?
2000-05-04,?,?
2000-05-05,?,?
2000-05-08,?,?
2000-05-09,?,?
2000-05-10,?,?
2000-05-11,?,?
2000-05-12,?,?
2000-05-15,?,?
2000-05-16,?,?
2000-05-17,?,?
2000-05-18,?,?
2000-05-19,?,?
2000-05-22,?,?
2000-05-23,?,?
2000-05-24,?,?
2000-05-25,?,?
2000-05-26,?,?
2000-05-29,?,?
2000-05-30,?,?
2000-05-31,?,?
2000-06-01,?,?
2000-06-02,?,?
2000-06-05,?,?
2000-06-06,?,?
2000-06-07,?,?
2000-06-08,?,?
2000-06-09,?,?
2000-06-12,?,?
2000-06-13,?,?
2000-06-14,?,?
2000-06-15,?,?
2000-06-16,?,?
2000-06-19,?,?
2000-06-20,?,?
2000-06-21,?,?
2000-06-22,?,?
2000-06-23,?,?
2000-06-26,?,?
2000-06-27,?,?
2000-06-28,?,?
2000-06-29,?,?
2000-06-30,?,?
2000-07-03,?,?
2000-07-04,?,?
2000-07-05,?,?
2000-07-06,?,?
2000-07-07,?,?
2000-07-10,?,?
2000-07-11,?,?
2000-07-12,?,?
2000-07-13,?,?
2000-07-14,?,?
2000-07-17,?,?
2000-07-18,?,?
2000-07-19,?,?
2000-07-20,?,?
2000-07-21,?,?
2000-07-24,?,?
2000-07-25,?,?
2000-07-26,?,?
2000-07-27,?,?
2000-07-28,?,?
2000-07-31,?,?
2000-08-01,?,?
2000-08-02,?,?
2000-08-03,?,?
2000-08-04,?,?
2000-08-07,?,?
2000-08-08,?,?
2000-08-09,?,?
2000-08-10,?,?
2000-08-11,?,?
2000-08-14,?,?
2000-08-15,?,?
2000-08-16,?,?
2000-08-17,?,?
2000-08-18,?,?
2000-08-21,?,?
2000-08-22,?,?
2000-08-23,?,?
2000-08-24,?,?
2000-08-25,?,?
2000-08-28,?,?
2000-08-29,?,?
2000-08-30,?,?
2000-08-31,?,?
2000-09-01,?,?
2000-09-04,?,?
2000-09-05,?,?
2000-09-06,?,?
2000-09-07,?,?
2000-09-08,?,?
2000-09-11,?,?
2000-09-12,?,?
2000-09-13,?,?
2000-09-14,?,?
2000-09-15,?,?
2000-09-18,?,?
2000-09-19,?,?
2000-09-20,?,?
2000-09-21,?,?
2000-09-22,?,?
2000-09-25,?,?
2000-09-26,?,?
2000-09-27,?,?
2000-09-28,?,?
2000-09-29,?,?
2000-10-02,?,?
2000-10-03,?,?
2000-10-04,?,?
2000-10-05,?,?
2000-10-06,?,?
2000-10-09,?,?
2000-10-10,?,?
2000-10-11,?,?
2000-10-12,?,?
2000-10-13,?,?
2000-10-16,?,?
2000-10-17,?,?
2000-10-18,?,?
2000-10-19,?,?
2000-10-20,?,?
2000-10-23,?,?
2000-10-24,?,?
2000-10-25,?,?
2000-10-26,?,?
2000-10-27,?,?
2000-10-30,?,?
2000-10-31,?,?
2000-11-01,?,?
2000-11-02,?,?
2000-11-03,?,?
2000-11-06,?,?
2000-11-07,?,?
2000-11-08,?,?
2000-11-09,?,?
2000-11-10,?,?
2000-11-13,?,?
2000-11-14,?,?
2000-11-15,?,?
2000-11-16,?,?
2000-11-17,?,?
2000-11-20,?,?
2000-11-21,?,?
2000-11-22,?,?
2000-11-23,?,?
2000-11-24,?,?
2000-11-27,?,?
2000-11-28,?,?
2000-11-29,?,?
2000-11-30,?,?
2000-12-01,?,?
2000-12-04,?,?
2000-12-05,?,?
2000-12-06,?,?
2000-12-07,?,?
2000-12-08,?,?
2000-12-11,?,?
2000-12-12,?,?
2000-12-13,?,?
2000-12-14,?,?
2000-12-15,?,?
2000-12-18,?,?
2000-12-19,?,?
2000-12-20,?,?
2000-12-21,?,?
2000-12-22,?,?
2000-12-25,?,?
2000-12-26,?,?
2000-12-27,?,?
2000-12-28,?,?
2000-12-29,?,?
2001-01-01,?,?
2001-01-02,?,?
2001-01-03,?,?
2001-01-04,?,?
2001-01-05,?,?
2001-01-08,?,?
2001-01-09,?,?
2001-01-10,?,?
2001-01-11,?,?
2001-01-12,?,?
2001-01-15,?,?
2001-01-16,?,?
2001-01-17,?,?
2001-01-18,?,?
2001-01-19,?,?
2001-01-22,?,?
2001-01-23,?,?
2001-01-24,?,?
2001-01-25,?,?
2001-01-26,?,?
2001-01-29,?,?
2001-01-30,?,?
2001-01-31,?,?
2001-02-01,?,?
2001-02-02,?,?
2001-02-05,?,?
2001-02-06,?,?
2001-02-07,?,?
2001-02-08,?,?
2001-02-09,?,?
2001-02-12,?,?
2001-02-13,?,?
2001-02-14,?,?
2001-02-15,?,?
2001-02-16,?,?
2001-02-19,?,?
2001-02-20,?,?
2001-02-21,?,?
2001-02-22,?,?
2001-02-23,?,?
2001-02-26,?,?
2001-02-27,?,?
2001-02-28,?,?
2001-03-01,?,?
2001-03-02,?,?
2001-03-05,?,?
2001-03-06,?,?
2001-03-07,?,?
2001-03-08,?,?
2001-03-09,?,?
2001-03-12,?,?
2001-03-13,?,?
2001-03-14,?,?
2001-03-15,?,?
2001-03-16,?,?
2001-03-19,?,?
2001-03-20,?,?
2001-03-21,?,?
2001-03-22,?,?
2001-03-23,?,?
2001-03-26,?,?
2001-03-27,?,?
2001-03-28,?,?
2001-03-29,?,?
2001-03-30,?,?
2001-04-02,?,?
2001-04-03,?,?
2001-04-04,?,?
2001-04-05,?,?
2001-04-06,?,?
2001-04-09,?,?
2001-04-10,?,?
2001-04-11,?,?
2001-04-12,?,?
2001-04-13,?,?
2001-04-16,?,?
2001-04-17,?,?
2001-04-18,?,?
2001-04-19,?,?
2001-04-20,?,?
2001-04-23,?,?
2001-04-24,?,?
2001-04-25,?,?
2001-04-26,?,?
2001-04-27,?,?
2001-04-30,?,?
2001-05-01,?,?
2001-05-02,?,?
2001-05-03,?,?
2001-05-04,?,?
2001-05-07,?,?
2001-05-08,?,?
2001-05-09,?,?
2001-05-10,?,?
2001-05-11,?,?
2001-05-14,?,?
2001-05-15,?,?
2001-05-16,?,?
2001-05-17,?,?
2001-05-18,?,?
2001-05-21,?,?
2001-05-22,?,?
2001-05-23,?,?
2001-05-24,?,?
2001-05-25,?,?
2001-05-28,?,?
2001-05-29,?,?
2001-05-30,?,?
2001-05-31,?,?
2001-06-01,?,?
2001-06-04,?,?
2001-06-05,?,?
2001-06-06,?,?
2001-06-07,?,?
2001-06-08,?,?
2001-06-11,?,?
2001-06-12,?,?
2001-06-13,?,?
2001-06-14,?,?
2001-06-15,?,?
2001-06-18,?,?
2001-06-19,?,?
2001-06-20,?,?
2001-06-21,?,?
2001-06-22,?,?
2001-06-25,?,?
2001-06-26,?,?
2001-06-27,?,?
2001-06-28,?,?
2001-06-29,?,?
2001-07-02,?,?
2001-07-03,?,?
2001-07-04,?,?
2001-07-05,?,?
2001-07-06,?,?
2001-07-09,?,?
2001-07-10,?,?
2001-07-11,?,?
2001-07-12,?,?
2001-07-13,?,?
2001-07-16,?,?
2001-07-17,?,?
2001-07-18,?,?
2001-07-19,?,?
2001-07-20,?,?
2001-07-23,?,?
2001-07-24,?,?
2001-07-25,?,?
2001-07-26,?,?
2001-07-27,?,?
2001-07-30,?,?
2001-07-31,?,?
2001-08-01,?,?
2001-08-02,?,?
2001-08-03,?,?
2001-08-06,?,?
2001-08-07,?,?
2001-08-08,?,?
2001-08-09,?,?
2001-08-10,?,?
2001-08-13,?,?
2001-08-14,?,?
2001-08-15,?,?
2001-08-16,?,?
2001-08-17,?,?
2001-08-20,?,?
2001-08-21,?,?
2001-08-22,?,?
2001-08-23,?,?
2001-08-24,?,?
2001-08-27,?,?
2001-08-28,?,?
2001-08-29,?,?
2001-08-30,?,?
2001-08-31,?,?
2001-09-03,?,?
2001-09-04,?,?
2001-09-05,?,?
2001-09-06,?,?
2001-09-07,?,?
2001-09-10,?,?
2001-09-11,?,?
2001-09-12,?,?
2001-09-13,?,?
2001-09-14,?,?
2001-09-17,?,?
2001-09-18,?,?
2001-09-19,?,?
2001-09-20,?,?
2001-09-21,?,?
2001-09-24,?,?
2001-09-25,?,?
2001-09-26,?,?
2001-09-27,?,?
2001-09-28,?,?
2001-10-01,?,?
2001-10-02,?,?
2001-10-03,?,?
2001-10-04,?,?
2001-10-05,?,?
2001-10-08,?,?
2001-10-09,?,?
2001-10-10,?,?
2001-10-11,?,?
2001-10-12,?,?
2001-10-15,?,?
2001-10-16,?,?
2001-10-17,?,?
2001-10-18,?,?
2001-10-19,?,?
2001-10-22,?,?
2001-10-23,?,?
2001-10-24,?,?
2001-10-25,?,?
2001-10-26,?,?
2001-10-29,?,?
2001-10-30,?,?
2001-10-31,?,?
2001-11-01,?,?
2001-11-02,?,?
2001-11-05,?,?
2001-11-06,?,?
2001-11-07,?,?
2001-11-08,?,?
2001-11-09,?,?
2001-11-12,?,?
2001-11-13,?,?
2001-11-14,?,?
2001-11-15,?,?
2001-11-16,?,?
2001-11-19,?,?
2001-11-20,?,?
2001-11-21,?,?
2001-11-22,?,?
2001-11-23,?,?
2001-11-26,?,?
2001-11-27,?,?
2001-11-28,?,?
2001-11-29,?,?
2001-11-30,?,?
2001-12-03,?,?
2001-12-04,?,?
2001-12-05,?,?
2001-12-06,?,?
2001-12-07,?,?
2001-12-10,?,?
2001-12-11,?,?
2001-12-12,?,?
2001-12-13,?,?
2001-12-14,?,?
2001-12-17,?,?
2001-12-18,?,?
2001-12-19,?,?
2001-12-20,?,?
2001-12-21,?,?
2001-12-24,?,?
2001-12-25,?,?
2001-12-26,?,?
2001-12-27,?,?
2001-12-28,?,?
2001-12-31,?,?
2002-01-01,?,?
2002-01-02,?,?
2002-01-03,?,?
2002-01-04,?,?
2002-01-07,?,?
2002-01-08,?,?
2002-01-09,?,?
2002-01-10,?,?
2002-01-11,?,?
2002-01-14,?,?
2002-01-15,?,?
2002-01-16,?,?
2002-01-17,?,?
2002-01-18,?,?
2002-01-21,?,?
2002-01-22,?,?
2002-01-23,?,?
2002-01-24,?,?
2002-01-25,?,?
2002-01-28,?,?
2002-01-29,?,?
2002-01-30,?,?
2002-01-31,?,?
2002-02-01,?,?
2002-02-04,?,?
2002-02-05,?,?
2002-02-06,?,?
2002-02-07,?,?
2002-02-08,?,?
2002-02-11,?,?
2002-02-12,?,?
2002-02-13,?,?
2002-02-14,?,?
2002-02-15,?,?
2002-02-18,?,?
2002-02-19,?,?
2002-02-20,?,?
2002-02-21,?,?
2002-02-22,?,?
2002-02-25,?,?
2002-02-26,?,?
2002-02-27,?,?
2002-02-28,?,?
2002-03-01,?,?
2002-03-04,?,?
2002-03-05,?,?
2002-03-06,?,?
2002-03-07,?,?
2002-03-08,?,?
2002-03-11,?,?
2002-03-12,?,?
2002-03-13,?,?
2002-03-14,?,?
2002-03-15,?,?
2002-03-18,?,?
2002-03-19,?,?
2002-03-20,?,?
2002-03-21,?,?
2002-03-22,?,?
2002-03-25,?,?
2002-03-26,?,?
2002-03-27,?,?
2002-03-28,?,?
2002-03-29,?,?
2002-04-01,?,?
2002-04-02,?,?
2002-04-03,?,?
2002-04-04,?,?
2002-04-05,?,?
2002-04-08,?,?
2002-04-09,?,?
2002-04-10,?,?
2002-04-11,?,?
2002-04-12,?,?
2002-04-15,?,?
2002-04-16,?,?
2002-04-17,?,?
2002-04-18,?,?
2002-04-19,?,?
2002-04-22,?,?
2002-04-23,?,?
2002-04-24,?,?
2002-04-25,?,?
2002-04-26,?,?
2002-04-29,?,?
2002-04-30,?,?
2002-05-01,?,?
2002-05-02,?,?
2002-05-03,?,?
2002-05-06,?,?
2002-05-07,?,?
2002-05-08,?,?
2002-05-09,?,?
2002-05-10,?,?
2002-05-13,?,?
2002-05-14,?,?
2002-05-15,?,?
2002-05-16,?,?
2002-05-17,?,?
2002-05-20,?,?
2002-05-21,?,?
2002-05-22,?,?
2002-05-23,?,?
2002-05-24,?,?
2002-05-27,?,?
2002-05-28,?,?
2002-05-29,?,?
2002-05-30,?,?
2002-05-31,?,?
2002-06-03,?,?
2002-06-04,?,?
2002-06-05,?,?
2002-06-06,?,?
2002-06-07,?,?
2002-06-10,?,?
2002-06-11,?,?
2002-06-12,?,?
2002-06-13,?,?
2002-06-14,?,?
2002-06-17,?,?
2002-06-18,?,?
2002-06-19,?,?
2002-06-20,?,?
2002-06-21,?,?
2002-06-24,?,?
2002-06-25,?,?
2002-06-26,?,?
2002-06-27,?,?
2002-06-28,?,?
2002-07-01,?,?
2002-07-02,?,?
2002-07-03,?,?
2002-07-04,?,?
2002-07-05,?,?
2002-07-08,?,?
2002-07-09,?,?
2002-07-10,?,?
2002-07-11,?,?
2002-07-12,?,?
2002-07-15,?,?
2002-07-16,?,?
2002-07-17,?,?
2002-07-18,?,?
2002-07-19,?,?
2002-07-22,?,?
2002-07-23,?,?
2002-07-24,?,?
2002-07-25,?,?
2002-07-26,?,?
2002-07-29,?,?
2002-07-30,?,?
2002-07-31,?,?
2002-08-01,?,?
2002-08-02,?,?
2002-08-05,?,?
2002-08-06,?,?
2002-08-07,?,?
2002-08-08,?,?
2002-08-09,?,?
2002-08-12,?,?
2002-08-13,?,?
2002-08-14,?,?
2002-08-15,?,?
2002-08-16,?,?
2002-08-19,?,?
2002-08-20,?,?
2002-08-21,?,?
2002-08-22,?,?
2002-08-23,?,?
2002-08-26,?,?
2002-08-27,?,?
2002-08-28,?,?
2002-08-29,?,?
2002-08-30,?,?
2002-09-02,?,?
2002-09-03,?,?
2002-09-04,?,?
2002-09-05,?,?
2002-09-06,?,?
2002-09-09,?,?
2002-09-10,?,?
2002-09-11,?,?
2002-09-12,?,?
2002-09-13,?,?
2002-09-16,?,?
2002-09-17,?,?
2002-09-18,?,?
2002-09-19,?,?
2002-09-20,?,?
2002-09-23,?,?
2002-09-24,?,?
2002-09-25,?,?
2002-09-26,?,?
2002-09-27,?,?
2002-09-30,?,?
2002-10-01,?,?
2002-10-02,?,?
2002-10-03,?,?
2002-10-04,?,?
2002-10-07,?,?
2002-10-08,?,?
2002-10-09,?,?
2002-10-10,?,?
2002-10-11,?,?
2002-10-14,?,?
2002-10-15,?,?
2002-10-16,?,?
2002-10-17,?,?
2002-10-18,?,?
2002-10-21,?,?
2002-10-22,?,?
2002-10-23,?,?
2002-10-24,?,?
2002-10-25,?,?
2002-10-28,?,?
2002-10-29,?,?
2002-10-30,?,?
2002-10-31,?,?
2002-11-01,?,?
2002-11-04,?,?
2002-11-05,?,?
2002-11-06,?,?
2002-11-07,?,?
2002-11-08,?,?
2002-11-11,?,?
2002-11-12,?,?
2002-11-13,?,?
2002-11-14,?,?
2002-11-15,?,?
2002-11-18,?,?
2002-11-19,?,?
2002-11-20,?,?
2002-11-21,?,?
2002-11-22,?,?
2002-11-25,?,?
2002-11-26,?,?
2002-11-27,?,?
2002-11-28,?,?
2002-11-29,?,?
2002-12-02,?,?
2002-12-03,?,?
2002-12-04,?,?
2002-12-05,?,?
2002-12-06,?,?
2002-12-09,?,?
2002-12-10,?,?
2002-12-11,?,?
2002-12-12,?,?
2002-12-13,?,?
2002-12-16,?,?
2002-12-17,?,?
2002-12-18,?,?
2002-12-19,?,?
2002-12-20,?,?
2002-12-23,?,?
2002-12-24,?,?
2002-12-25,?,?
2002-12-26,?,?
2002-12-27,?,?
2002-12-30,?,?
2002-12-31,?,?
2003-01-01,?,?
2003-01-02,?,?
2003-01-03,?,?
2003-01-06,?,?
2003-01-07,?,?
2003-01-08,?,?
2003-01-09,?,?
2003-01-10,?,?
2003-01-13,?,?
2003-01-14,?,?
2003-01-15,?,?
2003-01-16,?,?
2003-01-17,?,?
2003-01-20,?,?
2003-01-21,?,?
2003-01-22,?,?
2003-01-23,?,?
2003-01-24,?,?
2003-01-27,?,?
2003-01-28,?,?
2003-01-29,?,?
2003-01-30,?,?
2003-01-31,?,?
2003-02-03,?,?
2003-02-04,?,?
2003-02-05,?,?
2003-02-06,?,?
2003-02-07,?,?
2003-02-10,?,?
2003-02-11,?,?
2003-02-12,?,?
2003-02-13,?,?
2003-02-14,?,?
2003-02-17,?,?
2003-02-18,?,?
2003-02-19,?,?
2003-02-20,?,?
2003-02-21,?,?
2003-02-24,?,?
2003-02-25,?,?
2003-02-26,?,?
2003-02-27,?,?
2003-02-28,?,?
2003-03-03,?,?
2003-03-04,?,?
2003-03-05,?,?
2003-03-06,?,?
2003-03-07,?,?
2003-03-10,?,?
2003-03-11,?,?
2003-03-12,?,?
2003-03-13,?,?
2003-03-14,?,?
2003-03-17,?,?
2003-03-18,?,?
2003-03-19,?,?
2003-03-20,?,?
2003-03-21,?,?
2003-03-24,?,?
2003-03-25,?,?
2003-03-26,?,?
2003-03-27,?,?
2003-03-28,?,?
2003-03-31,?,?
2003-04-01,?,?
2003-04-02,?,?
2003-04-03,?,?
2003-04-04,?,?
2003-04-07,?,?
2003-04-08,?,?
2003-04-09,?,?
2003-04-10,?,?
2003-04-11,?,?
2003-04-14,?,?
2003-04-15,?,?
2003-04-16,?,?
2003-04-17,?,?
2003-04-18,?,?
2003-04-21,?,?
2003-04-22,?,?
2003-04-23,?,?
2003-04-24,?,?
2003-04-25,?,?
2003-04-28,?,?
2003-04-29,?,?
2003-04-30,?,?
2003-05-01,?,?
2003-05-02,?,?
2003-05-05,?,?
2003-05-06,?,?
2003-05-07,?,?
2003-05-08,?,?
2003-05-09,?,?
2003-05-12,?,?
2003-05-13,?,?
2003-05-14,?,?
2003-05-15,?,?
2003-05-16,?,?
2003-05-19,?,?
2003-05-20,?,?
2003-05-21,?,?
2003-05-22,?,?
2003-05-23,?,?
2003-05-26,?,?
2003-05-27,?,?
2003-05-28,?,?
2003-05-29,?,?
2003-05-30,?,?
2003-06-02,?,?
2003-06-03,?,?
2003-06-04,?,?
2003-06-05,?,?
2003-06-06,?,?
2003-06-09,?,?
2003-06-10,?,?
2003-06-11,?,?
2003-06-12,?,?
2003-06-13,?,?
2003-06-16,?,?
2003-06-17,?,?
2003-06-18,?,?
2003-06-19,?,?
2003-06-20,?,?
2003-06-23,?,?
2003-06-24,?,?
2003-06-25,?,?
2003-06-26,?,?
2003-06-27,?,?
2003-06-30,?,?
2003-07-01,?,?
2003-07-02,?,?
2003-07-03,?,?
2003-07-04,?,?
2003-07-07,?,?
2003-07-08,?,?
2003-07-09,?,?
2003-07-10,?,?
2003-07-11,?,?
2003-07-14,?,?
2003-07-15,?,?
2003-07-16,?,?
2003-07-17,?,?
2003-07-18,?,?
2003-07-21,?,?
2003-07-22,?,?
2003-07-23,?,?
2003-07-24,?,?
2003-07-25,?,?
2003-07-28,?,?
2003-07-29,?,?
2003-07-30,?,?
2003-07-31,?,?
2003-08-01,?,?
2003-08-04,?,?
2003-08-05,?,?
2003-08-06,?,?
2003-08-07,?,?
2003-08-08,?,?
2003-08-11,?,?
2003-08-12,?,?
2003-08-13,?,?
2003-08-14,?,?
2003-08-15,?,?
2003-08-18,?,?
2003-08-19,?,?
2003-08-20,?,?
2003-08-21,?,?
2003-08-22,?,?
2003-08-25,?,?
2003-08-26,?,?
2003-08-27,?,?
2003-08-28,?,?
2003-08-29,?,?
2003-09-01,?,?
2003-09-02,?,?
2003-09-03,?,?
2003-09-04,?,?
2003-09-05,?,?
2003-09-08,?,?
2003-09-09,?,?
2003-09-10,?,?
2003-09-11,?,?
2003-09-12,?,?
2003-09-15,?,?
2003-09-16,?,?
2003-09-17,?,?
2003-09-18,?,?
2003-09-19,?,?
2003-09-22,?,?
2003-09-23,?,?
2003-09-24,?,?
2003-09-25,?,?
2003-09-26,?,?
2003-09-29,?,?
2003-09-30,?,?
2003-10-01,?,?
2003-10-02,?,?
2003-10-03,?,?
2003-10-06,?,?
2003-10-07,?,?
2003-10-08,?,?
2003-10-09,?,?
2003-10-10,?,?
2003-10-13,?,?
2003-10-14,?,?
2003-10-15,?,?
2003-10-16,?,?
2003-10-17,?,?
2003-10-20,?,?
2003-10-21,?,?
2003-10-22,?,?
2003-10-23,?,?
2003-10-24,?,?
2003-10-27,?,?
2003-10-28,?,?
2003-10-29,?,?
2003-10-30,?,?
2003-10-31,?,?
2003-11-03,?,?
2003-11-04,?,?
2003-11-05,?,?
2003-11-06,?,?
2003-11-07,?,?
2003-11-10,?,?
2003-11-11,?,?
2003-11-12,?,?
2003-11-13,?,?
2003-11-14,?,?
2003-11-17,?,?
2003-11-18,?,?
2003-11-19,?,?
2003-11-20,?,?
2003-11-21,?,?
2003-11-24,?,?
2003-11-25,?,?
2003-11-26,?,?
2003-11-27,?,?
2003-11-28,?,?
2003-12-01,?,?
2003-12-02,?,?
2003-12-03,?,?
2003-12-04,?,?
2003-12-05,?,?
2003-12-08,?,?
2003-12-09,?,?
2003-12-10,?,?
2003-12-11,?,?
2003-12-12,?,?
2003-12-15,?,?
2003-12-16,?,?
2003-12-17,?,?
2003-12-18,?,?
2003-12-19,?,?
2003-12-22,?,?
2003-12-23,?,?
2003-12-24,?,?
2003-12-25,?,?
2003-12-26,?,?
2003-12-29,?,?
2003-12-30,?,?
2003-12-31,?,?
2004-01-01,?,?
2004-01-02,?,?
2004-01-05,?,?
2004-01-06,?,?
2004-01-07,?,?
2004-01-08,?,?
2004-01-09,?,?
2004-01-12,?,?
2004-01-13,?,?
2004-01-14,?,?
2004-01-15,?,?
2004-01-16,?,?
2004-01-19,?,?
2004-01-20,?,?
2004-01-21,?,?
2004-01-22,?,?
2004-01-23,?,?
2004-01-26,?,?
2004-01-27,?,?
2004-01-28,?,?
2004-01-29,?,?
2004-01-30,?,?
2004-02-02,?,?
2004-02-03,?,?
2004-02-04,?,?
2004-02-05,?,?
2004-02-06,?,?
2004-02-09,?,?
2004-02-10,?,?
2004-02-11,?,?
2004-02-12,?,?
2004-02-13,?,?
2004-02-16,?,?
2004-02-17,?,?
2004-02-18,?,?
2004-02-19,?,?
2004-02-20,?,?
2004-02-23,?,?
2004-02-24,?,?
2004-02-25,?,?
2004-02-26,?,?
2004-02-27,?,?
2004-03-01,?,?
2004-03-02,?,?
2004-03-03,?,?
2004-03-04,?,?
2004-03-05,?,?
2004-03-08,?,?
2004-03-09,?,?
2004-03-10,?,?
2004-03-11,?,?
2004-03-12,?,?
2004-03-15,?,?
2004-03-16,?,?
2004-03-17,?,?
2004-03-18,?,?
2004-03-19,?,?
2004-03-22,?,?
2004-03-23,?,?
2004-03-24,?,?
2004-03-25,?,?
2004-03-26,?,?
2004-03-29,?,?
2004-03-30,?,?
2004-03-31,?,?
2004-04-01,?,?
2004-04-02,?,?
2004-04-05,?,?
2004-04-06,?,?
2004-04-07,?,?
2004-04-08,?,?
2004-04-09,?,?
2004-04-12,?,?
2004-04-13,?,?
2004-04-14,?,?
2004-04-15,?,?
2004-04-16,?,?
2004-04-19,?,?
2004-04-20,?,?
2004-04-21,?,?
2004-04-22,?,?
2004-04-23,?,?
2004-04-26,?,?
2004-04-27,?,?
2004-04-28,?,?
2004-04-29,?,?
2004-04-30,?,?
2004-05-03,?,?
2004-05-04,?,?
2004-05-05,?,?
2004-05-06,?,?
2004-05-07,?,?
2004-05-10,?,?
2004-05-11,?,?
2004-05-12,?,?
2004-05-13,?,?
2004-05-14,?,?
2004-05-17,?,?
2004-05-18,?,?
2004-05-19,?,?
2004-05-20,?,?
2004-05-21,?,?
2004-05-24,?,?
2004-05-25,?,?
2004-05-26,?,?
2004-05-27,?,?
2004-05-28,?,?
2004-05-31,?,?
2004-06-01,?,?
2004-06-02,?,?
2004-06-03,?,?
2004-06-04,?,?
2004-06-07,?,?
2004-06-08,?,?
2004-06-09,?,?
2004-06-10,?,?
2004-06-11,?,?
2004-06-14,?,?
2004-06-15,?,?
2004-06-16,?,?
2004-06-17,?,?
2004-06-18,?,?
2004-06-21,?,?
2004-06-22,?,?
2004-06-23,?,?
2004-06-24,?,?
2004-06-25,?,?
2004-06-28,?,?
2004-06-29,?,?
2004-06-30,?,?
2004-07-01,?,?
2004-07-02,?,?
2004-07-05,?,?
2004-07-06,?,?
2004-07-07,?,?
2004-07-08,?,?
2004-07-09,?,?
2004-07-12,?,?
2004-07-13,?,?
2004-07-14,?,?
2004-07-15,?,?
2004-07-16,?,?
2004-07-19,?,?
2004-07-20,?,?
2004-07-21,?,?
2004-07-22,?,?
2004-07-23,?,?
2004-07-26,?,?
2004-07-27,?,?
2004-07-28,?,?
2004-07-29,?,?
2004-07-30,?,?
2004-08-02,?,?
2004-08-03,?,?
2004-08-04,?,?
2004-08-05,?,?
2004-08-06,?,?
2004-08-09,?,?
2004-08-10,?,?
2004-08-11,?,?
2004-08-12,?,?
2004-08-13,?,?
2004-08-16,?,?
2004-08-17,?,?
2004-08-18,?,?
2004-08-19,?,?
2004-08-20,?,?
2004-08-23,?,?
2004-08-24,?,?
2004-08-25,?,?
2004-08-26,?,?
2004-08-27,?,?
2004-08-30,?,?
2004-08-31,?,?
2004-09-01,?,?
2004-09-02,?,?
2004-09-03,?,?
2004-09-06,?,?
2004-09-07,?,?
2004-09-08,?,?
2004-09-09,?,?
2004-09-10,?,?
2004-09-13,?,?
2004-09-14,?,?
2004-09-15,?,?
2004-09-16,?,?
2004-09-17,?,?
2004-09-20,?,?
2004-09-21,?,?
2004-09-22,?,?
2004-09-23,?,?
2004-09-24,?,?
2004-09-27,?,?
2004-09-28,?,?
2004-09-29,?,?
2004-09-30,?,?
2004-10-01,?,?
2004-10-04,?,?
2004-10-05,?,?
2004-10-06,?,?
2004-10-07,?,?
2004-10-08,?,?
2004-10-11,?,?
2004-10-12,?,?
2004-10-13,?,?
2004-10-14,?,?
2004-10-15,?,?
2004-10-18,?,?
2004-10-19,?,?
2004-10-20,?,?
2004-10-21,?,?
2004-10-22,?,?
2004-10-25,?,?
2004-10-26,?,?
2004-10-27,?,?
2004-10-28,?,?
2004-10-29,?,?
2004-11-01,?,?
2004-11-02,?,?
2004-11-03,?,?
2004-11-04,?,?
2004-11-05,?,?
2004-11-08,?,?
2004-11-09,?,?
2004-11-10,?,?
2004-11-11,?,?
2004-11-12,?,?
2004-11-15,?,?
2004-11-16,?,?
2004-11-17,?,?
2004-11-18,?,?
2004-11-19,?,?
2004-11-22,?,?
2004-11-23,?,?
2004-11-24,?,?
2004-11-25,?,?
2004-11-26,?,?
2004-11-29,?,?
2004-11-30,?,?
2004-12-01,?,?
2004-12-02,?,?
2004-12-03,?,?
2004-12-06,?,?
2004-12-07,?,?
2004-12-08,?,?
2004-12-09,?,?
2004-12-10,?,?
2004-12-13,?,?
2004-12-14,?,?
2004-12-15,?,?
2004-12-16,?,?
2004-12-17,?,?
2004-12-20,?,?
2004-12-21,?,?
2004-12-22,?,?
2004-12-23,?,?
2004-12-24,?,?
2004-12-27,?,?
2004-12-28,?,?
2004-12-29,?,?
2004-12-30,?,?
2004-12-31,?,?
2005-01-03,?,?
2005-01-04,?,?
2005-01-05,?,?
2005-01-06,?,?
2005-01-07,?,?
2005-01-10,?,?
2005-01-11,?,?
2005-01-12,?,?
2005-01-13,?,?
2005-01-14,?,?
2005-01-17,?,?
2005-01-18,?,?
2005-01-19,?,?
2005-01-20,?,?
2005-01-21,?,?
2005-01-24,?,?
2005-01-25,?,?
2005-01-26,?,?
2005-01-27,?,?
2005-01-28,?,?
2005-01-31,?,?
2005-02-01,?,?
2005-02-02,?,?
2005-02-03,?,?
2005-02-04,?,?
2005-02-07,?,?
2005-02-08,?,?
2005-02-09,?,?
2005-02-10,?,?
2005-02-11,?,?
2005-02-14,?,?
2005-02-15,?,?
2005-02-16,?,?
2005-02-17,?,?
2005-02-18,?,?
2005-02-21,?,?
2005-02-22,?,?
2005-02-23,?,?
2005-02-24,?,?
2005-02-25,?,?
2005-02-28,?,?
2005-03-01,?,?
2005-03-02,?,?
2005-03-03,?,?
2005-03-04,?,?
2005-03-07,?,?
2005-03-08,?,?
2005-03-09,?,?
2005-03-10,?,?
2005-03-11,?,?
2005-03-14,?,?
2005-03-15,?,?
2005-03-16,?,?
2005-03-17,?,?
2005-03-18,?,?
2005-03-21,?,?
2005-03-22,?,?
2005-03-23,?,?
2005-03-24,?,?
2005-03-25,?,?
2005-03-28,?,?
2005-03-29,?,?
2005-03-30,?,?
2005-03-31,?,?
2005-04-01,?,?
2005-04-04,?,?
2005-04-05,?,?
2005-04-06,?,?
2005-04-07,?,?
2005-04-08,?,?
2005-04-11,?,?
2005-04-12,?,?
2005-04-13,?,?
2005-04-14,?,?
2005-04-15,?,?
2005-04-18,?,?
2005-04-19,?,?
2005-04-20,?,?
2005-04-21,?,?
2005-04-22,?,?
2005-04-25,?,?
2005-04-26,?,?
2005-04-27,?,?
2005-04-28,?,?
2005-04-29,?,?
2005-05-02,?,?
2005-05-03,?,?
2005-05-04,?,?
2005-05-05,?,?
2005-05-06,?,?
2005-05-09,?,?
2005-05-10,?,?
2005-05-11,?,?
2005-05-12,?,?
2005-05-13,?,?
2005-05-16,?,?
2005-05-17,?,?
2005-05-18,?,?
2005-05-19,?,?
2005-05-20,?,?
2005-05-23,?,?
2005-05-24,?,?
2005-05-25,?,?
2005-05-26,?,?
2005-05-27,?,?
2005-05-30,?,?
2005-05-31,?,?
2005-06-01,?,?
2005-06-02,?,?
2005-06-03,?,?
2005-06-06,?,?
2005-06-07,?,?
2005-06-08,?,?
2005-06-09,?,?
2005-06-10,?,?
2005-06-13,?,?
2005-06-14,?,?
2005-06-15,?,?
2005-06-16,?,?
2005-06-17,?,?
2005-06-20,?,?
2005-06-21,?,?
2005-06-22,?,?
2005-06-23,?,?
2005-06-24,?,?
2005-06-27,?,?
2005-06-28,?,?
2005-06-29,?,?
2005-06-30,?,?
2005-07-01,?,?
2005-07-04,?,?
2005-07-05,?,?
2005-07-06,?,?
2005-07-07,?,?
2005-07-08,?,?
2005-07-11,?,?
2005-07-12,?,?
2005-07-13,?,?
2005-07-14,?,?
2005-07-15,?,?
2005-07-18,?,?
2005-07-19,?,?
2005-07-20,?,?
2005-07-21,?,?
2005-07-22,?,?
2005-07-25,?,?
2005-07-26,?,?
2005-07-27,?,?
2005-07-28,?,?
2005-07-29,?,?
2005-08-01,?,?
2005-08-02,?,?
2005-08-03,?,?
2005-08-04,?,?
2005-08-05,?,?
2005-08-08,?,?
2005-08-09,?,?
2005-08-10,?,?
2005-08-11,?,?
2005-08-12,?,?
2005-08-15,?,?
2005-08-16,?,?
2005-08-17,?,?
2005-08-18,?,?
2005-08-19,?,?
2005-08-22,?,?
2005-08-23,?,?
2005-08-24,?,?
2005-08-25,?,?
2005-08-26,?,?
2005-08-29,?,?
2005-08-30,?,?
2005-08-31,?,?
2005-09-01,?,?
2005-09-02,?,?
2005-09-05,?,?
2005-09-06,?,?
2005-09-07,?,?
2005-09-08,?,?
2005-09-09,?,?
2005-09-12,?,?
2005-09-13,?,?
2005-09-14,?,?
2005-09-15,?,?
2005-09-16,?,?
2005-09-19,?,?
2005-09-20,?,?
2005-09-21,?,?
2005-09-22,?,?
2005-09-23,?,?
2005-09-26,?,?
2005-09-27,?,?
2005-09-28,?,?
2005-09-29,?,?
2005-09-30,?,?
2005-10-03,?,?
2005-10-04,?,?
2005-10-05,?,?
2005-10-06,?,?
2005-10-07,?,?
2005-10-10,?,?
2005-10-11,?,?
2005-10-12,?,?
2005-10-13,?,?
2005-10-14,?,?
2005-10-17,?,?
2005-10-18,?,?
2005-10-19,?,?
2005-10-20,?,?
2005-10-21,?,?
2005-10-24,?,?
2005-10-25,?,?
2005-10-26,?,?
2005-10-27,?,?
2005-10-28,?,?
2005-10-31,?,?
2005-11-01,?,?
2005-11-02,?,?
2005-11-03,?,?
2005-11-04,?,?
2005-11-07,?,?
2005-11-08,?,?
2005-11-09,?,?
2005-11-10,?,?
2005-11-11,?,?
2005-11-14,?,?
2005-11-15,?,?
2005-11-16,?,?
2005-11-17,?,?
2005-11-18,?,?
2005-11-21,?,?
2005-11-22,?,?
2005-11-23,?,?
2005-11-24,?,?
2005-11-25,?,?
2005-11-28,?,?
2005-11-29,?,?
2005-11-30,?,?
2005-12-01,?,?
2005-12-02,?,?
2005-12-05,?,?
2005-12-06,?,?
2005-12-07,?,?
2005-12-08,?,?
2005-12-09,?,?
2005-12-12,?,?
2005-12-13,?,?
2005-12-14,?,?
2005-12-15,?,?
2005-12-16,?,?
2005-12-19,?,?
2005-12-20,?,?
2005-12-21,?,?
2005-12-22,?,?
2005-12-23,?,?
2005-12-26,?,?
2005-12-27,?,?
2005-12-28,?,?
2005-12-29,?,?
2005-12-30,?,?
2006-01-02,?,?
2006-01-03,?,?
2006-01-04,?,?
2006-01-05,?,?
2006-01-06,?,?
2006-01-09,?,?
2006-01-10,?,?
2006-01-11,?,?
2006-01-12,?,?
2006-01-13,?,?
2006-01-16,?,?
2006-01-17,?,?
2006-01-18,?,?
2006-01-19,?,?
2006-01-20,?,?
2006-01-23,?,?
2006-01-24,?,?
2006-01-25,?,?
2006-01-26,?,?
2006-01-27,?,?
2006-01-30,?,?
2006-01-31,?,?
2006-02-01,?,?
2006-02-02,?,?
2006-02-03,?,?
2006-02-06,?,?
2006-02-07,?,?
2006-02-08,?,?
2006-02-09,?,?
2006-02-10,?,?
2006-02-13,?,?
2006-02-14,?,?
2006-02-15,?,?
2006-02-16,?,?
2006-02-17,?,?
2006-02-20,?,?
2006-02-21,?,?
2006-02-22,?,?
2006-02-23,?,?
2006-02-24,?,?
2006-02-27,?,?
2006-02-28,?,?
2006-03-01,?,?
2006-03-02,?,?
2006-03-03,?,?
2006-03-06,?,?
2006-03-07,?,?
2006-03-08,?,?
2006-03-09,?,?
2006-03-10,?,?
2006-03-13,?,?
2006-03-14,?,?
2006-03-15,?,?
2006-03-16,?,?
2006-03-17,?,?
2006-03-20,?,?
2006-03-21,?,?
2006-03-22,?,?
2006-03-23,?,?
2006-03-24,?,?
2006-03-27,?,?
2006-03-28,?,?
2006-03-29,?,?
2006-03-30,?,?
2006-03-31,?,?
2006-04-03,?,?
2006-04-04,?,?
2006-04-05,?,?
2006-04-06,?,?
2006-04-07,?,?
2006-04-10,?,?
2006-04-11,?,?
2006-04-12,?,?
2006-04-13,?,?
2006-04-14,?,?
2006-04-17,?,?
2006-04-18,?,?
2006-04-19,?,?
2006-04-20,?,?
2006-04-21,?,?
2006-04-24,?,?
2006-04-25,?,?
2006-04-26,?,?
2006-04-27,?,?
2006-04-28,?,?
2006-05-01,?,?
2006-05-02,?,?
2006-05-03,?,?
2006-05-04,?,?
2006-05-05,?,?
2006-05-08,?,?
2006-05-09,?,?
2006-05-10,?,?
2006-05-11,?,?
2006-05-12,?,?
2006-05-15,?,?
2006-05-16,?,?
2006-05-17,?,?
2006-05-18,?,?
2006-05-19,?,?
2006-05-22,?,?
2006-05-23,?,?
2006-05-24,?,?
2006-05-25,?,?
2006-05-26,?,?
2006-05-29,?,?
2006-05-30,?,?
2006-05-31,?,?
2006-06-01,?,?
2006-06-02,?,?
2006-06-05,?,?
2006-06-06,?,?
2006-06-07,?,?
2006-06-08,?,?
2006-06-09,?,?
2006-06-12,?,?
2006-06-13,?,?
2006-06-14,?,?
2006-06-15,?,?
2006-06-16,?,?
2006-06-19,?,?
2006-06-20,?,?
2006-06-21,?,?
2006-06-22,?,?
2006-06-23,?,?
2006-06-26,?,?
2006-06-27,?,?
2006-06-28,?,?
2006-06-29,?,?
2006-06-30,?,?
2006-07-03,?,?
2006-07-04,?,?
2006-07-05,?,?
2006-07-06,?,?
2006-07-07,?,?
2006-07-10,?,?
2006-07-11,?,?
2006-07-12,?,?
2006-07-13,?,?
2006-07-14,?,?
2006-07-17,?,?
2006-07-18,?,?
2006-07-19,?,?
2006-07-20,?,?
2006-07-21,?,?
2006-07-24,?,?
2006-07-25,?,?
2006-07-26,?,?
2006-07-27,?,?
2006-07-28,?,?
2006-07-31,?,?
2006-08-01,?,?
2006-08-02,?,?
2006-08-03,?,?
2006-08-04,?,?
2006-08-07,?,?
2006-08-08,?,?
2006-08-09,?,?
2006-08-10,?,?
2006-08-11,?,?
2006-08-14,?,?
2006-08-15,?,?
2006-08-16,?,?
2006-08-17,?,?
2006-08-18,?,?
2006-08-21,?,?
2006-08-22,?,?
2006-08-23,?,?
2006-08-24,?,?
2006-08-25,?,?
2006-08-28,?,?
2006-08-29,?,?
2006-08-30,?,?
2006-08-31,?,?
2006-09-01,?,?
2006-09-04,?,?
2006-09-05,?,?
2006-09-06,?,?
2006-09-07,?,?
2006-09-08,?,?
2006-09-11,?,?
2006-09-12,?,?
2006-09-13,?,?
2006-09-14,?,?
2006-09-15,?,?
2006-09-18,?,?
2006-09-19,?,?
2006-09-20,?,?
2006-09-21,?,?
2006-09-22,?,?
2006-09-25,?,?
2006-09-26,?,?
2006-09-27,?,?
2006-09-28,?,?
2006-09-29,?,?
2006-10-02,?,?
2006-10-03,?,?
2006-10-04,?,?
2006-10-05,?,?
2006-10-06,?,?
2006-10-09,?,?
2006-10-10,?,?
2006-10-11,?,?
2006-10-12,?,?
2006-10-13,?,?
2006-10-16,?,?
2006-10-17,?,?
2006-10-18,?,?
2006-10-19,?,?
2006-10-20,?,?
2006-10-23,?,?
2006-10-24,?,?
2006-10-25,?,?
2006-10-26,?,?
2006-10-27,?,?
2006-10-30,?,?
2006-10-31,?,?
2006-11-01,?,?
2006-11-02,?,?
2006-11-03,?,?
2006-11-06,?,?
2006-11-07,?,?
2006-11-08,?,?
2006-11-09,?,?
2006-11-10,?,?
2006-11-13,?,?
2006-11-14,?,?
2006-11-15,?,?
2006-11-16,?,?
2006-11-17,?,?
2006-11-20,?,?
2006-11-21,?,?
2006-11-22,?,?
2006-11-23,?,?
2006-11-24,?,?
2006-11-27,?,?
2006-11-28,?,?
2006-11-29,?,?
2006-11-30,?,?
2006-12-01,?,?
2006-12-04,?,?
2006-12-05,?,?
2006-12-06,?,?
2006-12-07,?,?
2006-12-08,?,?
2006-12-11,?,?
2006-12-12,?,?
2006-12-13,?,?
2006-12-14,?,?
2006-12-15,?,?
2006-12-18,?,?
2006-12-19,?,?
2006-12-20,?,?
2006-12-21,?,?
2006-12-22,?,?
2006-12-25,?,?
2006-12-26,?,?
2006-12-27,?,?
2006-12-28,?,?
2006-12-29,?,?
2007-01-01,?,?
2007-01-02,?,?
2007-01-03,?,?
2007-01-04,?,?
2007-01-05,?,?
2007-01-08,?,?
2007-01-09,?,?
2007-01-10,?,?
2007-01-11,?,?
2007-01-12,?,?
2007-01-15,?,?
2007-01-16,?,?
2007-01-17,?,?
2007-01-18,?,?
2007-01-19,?,?
2007-01-22,?,?
2007-01-23,?,?
2007-01-24,?,?
2007-01-25,?,?
2007-01-26,?,?
2007-01-29,?,?
2007-01-30,?,?
2007-01-31,?,?
2007-02-01,?,?
2007-02-02,?,?
2007-02-05,?,?
2007-02-06,?,?
2007-02-07,?,?
2007-02-08,?,?
2007-02-09,?,?
2007-02-12,?,?
2007-02-13,?,?
2007-02-14,?,?
2007-02-15,?,?
2007-02-16,?,?
2007-02-19,?,?
2007-02-20,?,?
2007-02-21,?,?
2007-02-22,?,?
2007-02-23,?,?
2007-02-26,?,?
2007-02-27,?,?
2007-02-28,?,?
2007-03-01,?,?
2007-03-02,?,?
2007-03-05,?,?
2007-03-06,?,?
2007-03-07,?,?
2007-03-08,?,?
2007-03-09,?,?
2007-03-12,?,?
2007-03-13,?,?
2007-03-14,?,?
2007-03-15,?,?
2007-03-16,?,?
2007-03-19,?,?
2007-03-20,?,?
2007-03-21,?,?
2007-03-22,?,?
2007-03-23,?,?
2007-03-26,?,?
2007-03-27,?,?
2007-03-28,?,?
2007-03-29,?,?
2007-03-30,?,?
2007-04-02,?,?
2007-04-03,?,?
2007-04-04,?,?
2007-04-05,?,?
2007-04-06,?,?
2007-04-09,?,?
2007-04-10,?,?
2007-04-11,?,?
2007-04-12,?,?
2007-04-13,?,?
2007-04-16,?,?
2007-04-17,?,?
2007-04-18,?,?
2007-04-19,?,?
2007-04-20,?,?
2007-04-23,?,?
2007-04-24,?,?
2007-04-25,?,?
2007-04-26,?,?
2007-04-27,?,?
2007-04-30,?,?
2007-05-01,?,?
2007-05-02,?,?
2007-05-03,?,?
2007-05-04,?,?
2007-05-07,?,?
2007-05-08,?,?
2007-05-09,?,?
2007-05-10,?,?
2007-05-11,?,?
2007-05-14,?,?
2007-05-15,?,?
2007-05-16,?,?
2007-05-17,?,?
2007-05-18,?,?
2007-05-21,?,?
2007-05-22,?,?
2007-05-23,?,?
2007-05-24,?,?
2007-05-25,?,?
2007-05-28,?,?
2007-05-29,?,?
2007-05-30,?,?
2007-05-31,?,?
2007-06-01,?,?
2007-06-04,?,?
2007-06-05,?,?
2007-06-06,?,?
2007-06-07,?,?
2007-06-08,?,?
2007-06-11,?,?
2007-06-12,?,?
2007-06-13,?,?
2007-06-14,?,?
2007-06-15,?,?
2007-06-18,?,?
2007-06-19,?,?
2007-06-20,?,?
2007-06-21,?,?
2007-06-22,?,?
2007-06-25,?,?
2007-06-26,?,?
2007-06-27,?,?
2007-06-28,?,?
2007-06-29,?,?
2007-07-02,?,?
2007-07-03,?,?
2007-07-04,?,?
2007-07-05,?,?
2007-07-06,?,?
2007-07-09,?,?
2007-07-10,?,?
2007-07-11,?,?
2007-07-12,?,?
2007-07-13,?,?
2007-07-16,?,?
2007-07-17,?,?
2007-07-18,?,?
2007-07-19,?,?
2007-07-20,?,?
2007-07-23,?,?
2007-07-24,?,?
2007-07-25,?,?
2007-07-26,?,?
2007-07-27,?,?
2007-07-30,?,?
2007-07-31,?,?
2007-08-01,?,?
2007-08-02,?,?
2007-08-03,?,?
2007-08-06,?,?
2007-08-07,?,?
2007-08-08,?,?
2007-08-09,?,?
2007-08-10,?,?
2007-08-13,?,?
2007-08-14,?,?
2007-08-15,?,?
2007-08-16,?,?
2007-08-17,?,?
2007-08-20,?,?
2007-08-21,?,?
2007-08-22,?,?
2007-08-23,?,?
2007-08-24,?,?
2007-08-27,?,?
2007-08-28,?,?
2007-08-29,?,?
2007-08-30,?,?
2007-08-31,?,?
2007-09-03,?,?
2007-09-04,?,?
2007-09-05,?,?
2007-09-06,?,?
2007-09-07,?,?
2007-09-10,?,?
2007-09-11,?,?
2007-09-12,?,?
2007-09-13,?,?
2007-09-14,?,?
2007-09-17,?,?
2007-09-18,?,?
2007-09-19,?,?
2007-09-20,?,?
2007-09-21,?,?
2007-09-24,?,?
2007-09-25,?,?
2007-09-26,?,?
2007-09-27,?,?
2007-09-28,?,?
2007-10-01,?,?
2007-10-02,?,?
2007-10-03,?,?
2007-10-04,?,?
2007-10-05,?,?
2007-10-08,?,?
2007-10-09,?,?
2007-10-10,?,?
2007-10-11,?,?
2007-10-12,?,?
2007-10-15,?,?
2007-10-16,?,?
2007-10-17,?,?
2007-10-18,?,?
2007-10-19,?,?
2007-10-22,?,?
2007-10-23,?,?
2007-10-24,?,?
2007-10-25,?,?
2007-10-26,?,?
2007-10-29,?,?
2007-10-30,?,?
2007-10-31,?,?
2007-11-01,?,?
2007-11-02,?,?
2007-11-05,?,?
2007-11-06,?,?
2007-11-07,?,?
2007-11-08,?,?
2007-11-09,?,?
2007-11-12,?,?
2007-11-13,?,?
2007-11-14,?,?
2007-11-15,?,?
2007-11-16,?,?
2007-11-19,?,?
2007-11-20,?,?
2007-11-21,?,?
2007-11-22,?,?
2007-11-23,?,?
2007-11-26,?,?
2007-11-27,?,?
2007-11-28,?,?
2007-11-29,?,?
2007-11-30,?,?
2007-12-03,?,?
2007-12-04,?,?
2007-12-05,?,?
2007-12-06,?,?
2007-12-07,?,?
2007-12-10,?,?
2007-12-11,?,?
2007-12-12,?,?
2007-12-13,?,?
2007-12-14,?,?
2007-12-17,?,?
2007-12-18,?,?
2007-12-19,?,?
2007-12-20,?,?
2007-12-21,?,?
2007-12-24,?,?
2007-12-25,?,?
2007-12-26,?,?
2007-12-27,?,?
2007-12-28,?,?
2007-12-31,?,?
2008-01-01,?,?
2008-01-02,?,?
2008-01-03,?,?
2008-01-04,?,?
2008-01-07,?,?
2008-01-08,?,?
2008-01-09,?,?
2008-01-10,?,?
2008-01-11,?,?
2008-01-14,?,?
2008-01-15,?,?
2008-01-16,?,?
2008-01-17,?,?
2008-01-18,?,?
2008-01-21,?,?
2008-01-22,?,?
2008-01-23,?,?
2008-01-24,?,?
2008-01-25,?,?
2008-01-28,?,?
2008-01-29,?,?
2008-01-30,?,?
2008-01-31,?,?
2008-02-01,?,?
2008-02-04,?,?
2008-02-05,?,?
2008-02-06,?,?
2008-02-07,?,?
2008-02-08,?,?
2008-02-11,?,?
2008-02-12,?,?
2008-02-13,?,?
2008-02-14,?,?
2008-02-15,?,?
2008-02-18,?,?
2008-02-19,?,?
2008-02-20,?,?
2008-02-21,?,?
2008-02-22,?,?
2008-02-25,?,?
2008-02-26,?,?
2008-02-27,?,?
2008-02-28,?,?
2008-02-29,?,?
2008-03-03,?,?
2008-03-04,?,?
2008-03-05,?,?
2008-03-06,?,?
2008-03-07,?,?
2008-03-10,?,?
2008-03-11,?,?
2008-03-12,?,?
2008-03-13,?,?
2008-03-14,?,?
2008-03-17,?,?
2008-03-18,?,?
2008-03-19,?,?
2008-03-20,?,?
2008-03-21,?,?
2008-03-24,?,?
2008-03-25,?,?
2008-03-26,?,?
2008-03-27,?,?
2008-03-28,?,?
2008-03-31,?,?
2008-04-01,?,?
2008-04-02,?,?
2008-04-03,?,?
2008-04-04,?,?
2008-04-07,?,?
2008-04-08,?,?
2008-04-09,?,?
2008-04-10,?,?
2008-04-11,?,?
2008-04-14,?,?
2008-04-15,?,?
2008-04-16,?,?
2008-04-17,?,?
2008-04-18,?,?
2008-04-21,?,?
2008-04-22,?,?
2008-04-23,?,?
2008-04-24,?,?
2008-04-25,?,?
2008-04-28,?,?
2008-04-29,?,?
2008-04-30,?,?
2008-05-01,?,?
2008-05-02,?,?
2008-05-05,?,?
2008-05-06,?,?
2008-05-07,?,?
2008-05-08,?,?
2008-05-09,?,?
2008-05-12,?,?
2008-05-13,?,?
2008-05-14,?,?
2008-05-15,?,?
2008-05-16,?,?
2008-05-19,?,?
2008-05-20,?,?
2008-05-21,?,?
2008-05-22,?,?
2008-05-23,?,?
2008-05-26,?,?
2008-05-27,?,?
2008-05-28,?,?
2008-05-29,?,?
2008-05-30,?,?
2008-06-02,?,?
2008-06-03,?,?
2008-06-04,?,?
2008-06-05,?,?
2008-06-06,?,?
2008-06-09,?,?
2008-06-10,?,?
2008-06-11,?,?
2008-06-12,?,?
2008-06-13,?,?
2008-06-16,?,?
2008-06-17,?,?
2008-06-18,?,?
2008-06-19,?,?
2008-06-20,?,?
2008-06-23,?,?
2008-06-24,?,?
2008-06-25,?,?
2008-06-26,?,?
2008-06-27,?,?
2008-06-30,?,?
2008-07-01,?,?
2008-07-02,?,?
2008-07-03,?,?
2008-07-04,?,?
2008-07-07,?,?
2008-07-08,?,?
2008-07-09,?,?
2008-07-10,?,?
2008-07-11,?,?
2008-07-14,?,?
2008-07-15,?,?
2008-07-16,?,?
2008-07-17,?,?
2008-07-18,?,?
2008-07-21,?,?
2008-07-22,?,?
2008-07-23,?,?
2008-07-24,?,?
2008-07-25,?,?
2008-07-28,?,?
2008-07-29,?,?
2008-07-30,?,?
2008-07-31,?,?
2008-08-01,?,?
2008-08-04,?,?
2008-08-05,?,?
2008-08-06,?,?
2008-08-07,?,?
2008-08-08,?,?
2008-08-11,?,?
2008-08-12,?,?
2008-08-13,?,?
2008-08-14,?,?
2008-08-15,?,?
2008-08-18,?,?
2008-08-19,?,?
2008-08-20,?,?
2008-08-21,?,?
2008-08-22,?,?
2008-08-25,?,?
2008-08-26,?,?
2008-08-27,?,?
2008-08-28,?,?
2008-08-29,?,?
2008-09-01,?,?
2008-09-02,?,?
2008-09-03,?,?
2008-09-04,?,?
2008-09-05,?,?
2008-09-08,?,?
2008-09-09,?,?
2008-09-10,?,?
2008-09-11,?,?
2008-09-12,?,?
2008-09-15,?,?
2008-09-16,?,?
2008-09-17,?,?
2008-09-18,?,?
2008-09-19,?,?
2008-09-22,?,?
2008-09-23,?,?
2008-09-24,?,?
2008-09-25,?,?
2008-09-26,?,?
2008-09-29,?,?
2008-09-30,?,?
2008-10-01,?,?
2008-10-02,?,?
2008-10-03,?,?
2008-10-06,?,?
2008-10-07,?,?
2008-10-08,?,?
2008-10-09,?,?
2008-10-10,?,?
2008-10-13,?,?
2008-10-14,?,?
2008-10-15,?,?
2008-10-16,?,?
2008-10-17,?,?
2008-10-20,?,?
2008-10-21,?,?
2008-10-22,?,?
2008-10-23,?,?
2008-10-24,?,?
2008-10-27,?,?
2008-10-28,?,?
2008-10-29,?,?
2008-10-30,?,?
2008-10-31,?,?
2008-11-03,?,?
2008-11-04,?,?
2008-11-05,?,?
2008-11-06,?,?
2008-11-07,?,?
2008-11-10,?,?
2008-11-11,?,?
2008-11-12,?,?
2008-11-13,?,?
2008-11-14,?,?
2008-11-17,?,?
2008-11-18,?,?
2008-11-19,?,?
2008-11-20,?,?
2008-11-21,?,?
2008-11-24,?,?
2008-11-25,?,?
2008-11-26,?,?
2008-11-27,?,?
2008-11-28,?,?
2008-12-01,?,?
2008-12-02,?,?
2008-12-03,?,?
2008-12-04,?,?
2008-12-05,?,?
2008-12-08,?,?
2008-12-09,?,?
2008-12-10,?,?
2008-12-11,?,?
2008-12-12,?,?
2008-12-15,?,?
2008-12-16,?,?
2008-12-17,?,?
2008-12-18,?,?
2008-12-19,?,?
2008-12-22,?,?
2008-12-23,?,?
2008-12-24,?,?
2008-12-25,?,?
2008-12-26,?,?
2008-12-29,?,?
2008-12-30,?,?
2008-12-31,?,?
2009-01-01,?,?
2009-01-02,?,?
2009-01-05,48.41,?
2009-01-06,48.515,?
2009-01-07,48.625,?
2009-01-08,48.815,?
2009-01-09,48.415,?
2009-01-12,48.185,?
2009-01-13,48.845,?
2009-01-14,48.925,?
2009-01-15,48.605,?
2009-01-16,48.78,?
2009-01-19,48.53,?
2009-01-20,48.62,?
2009-01-21,49.14,?
2009-01-22,49.21,?
2009-01-23,48.925,?
2009-01-26,49.16,?
2009-01-27,48.57,?
2009-01-28,48.775,?
2009-01-29,48.925,?
2009-01-30,48.72,?
2009-02-02,48.69,?
2009-02-03,48.64,?
2009-02-04,48.4,?
2009-02-05,48.57,?
2009-02-06,48.66,?
2009-02-09,48.525,?
2009-02-10,48.6,?
2009-02-11,48.665,?
2009-02-12,48.66,?
2009-02-13,48.59,?
2009-02-16,48.425,?
2009-02-17,48.62,?
2009-02-18,49.435,?
2009-02-19,49.68,?
2009-02-20,49.685,?
2009-02-23,49.625,?
2009-02-24,49.825,?
2009-02-25,49.918,?
2009-02-26,49.84,?
2009-02-27,50.395,?
2009-03-02,51.07,?
2009-03-03,51.885,?
2009-03-04,51.97,?
2009-03-05,51.535,?
2009-03-06,51.77,?
2009-03-09,51.695,?
2009-03-10,51.87,?
2009-03-11,51.56,?
2009-03-12,51.16,?
2009-03-13,51.89,?
2009-03-16,51.495,?
2009-03-17,51.4,?
2009-03-18,51.41,?
2009-03-19,51.29,?
2009-03-20,50.31,?
2009-03-23,50.57,?
2009-03-24,50.379,?
2009-03-25,50.72,?
2009-03-26,50.67,?
2009-03-27,50.155,?
2009-03-30,50.645,?
2009-03-31,51.515,?
2009-04-01,50.64,?
2009-04-02,50.57,?
2009-04-03,50.35,?
2009-04-06,50.08,?
2009-04-07,50.0,?
2009-04-08,50.02,?
2009-04-09,50.19,?
2009-04-10,49.985,?
2009-04-13,49.985,?
2009-04-14,49.985,?
2009-04-15,49.575,?
2009-04-16,49.675,?
2009-04-17,49.758,?
2009-04-20,49.86,?
2009-04-21,50.18,?
2009-04-22,50.472,?
2009-04-23,50.33,?
2009-04-24,49.935,?
2009-04-27,49.775,?
2009-04-28,50.248,?
2009-04-29,50.517,?
2009-04-30,50.035,?
2009-05-01,49.915,?
2009-05-04,49.915,?
2009-05-05,49.91,?
2009-05-06,49.3,?
2009-05-07,49.59,?
2009-05-08,49.1,?
2009-05-11,49.283,?
2009-05-12,49.51,?
2009-05-13,49.317,?
2009-05-14,49.71,?
2009-05-15,49.71,?
2009-05-18,49.393,?
2009-05-19,47.89,?
2009-05-20,47.785,?
2009-05-21,47.42,?
2009-05-22,47.28,?
2009-05-25,47.11,?
2009-05-26,47.305,?
2009-05-27,47.86,?
2009-05-28,47.67,?
2009-05-29,47.61,?
2009-06-01,47.117,?
2009-06-02,46.963,?
2009-06-03,47.016,?
2009-06-04,47.06,?
2009-06-05,47.205,?
2009-06-08,47.112,?
2009-06-09,47.555,?
2009-06-10,47.49,?
2009-06-11,47.33,?
2009-06-12,47.615,?
2009-06-15,47.604,?
2009-06-16,47.715,?
2009-06-17,47.6,?
2009-06-18,47.99,?
2009-06-19,48.11,?
2009-06-22,48.01,?
2009-06-23,48.43,?
2009-06-24,48.553,?
2009-06-25,48.53,?
2009-06-26,48.603,?
2009-06-29,48.1,?
2009-06-30,48.05,?
2009-07-01,47.77,?
2009-07-02,47.895,?
2009-07-03,47.945,?
2009-07-06,47.88,?
2009-07-07,48.575,?
2009-07-08,48.23,?
2009-07-09,48.89,?
2009-07-10,48.71,?
2009-07-13,48.79,?
2009-07-14,49.09,?
2009-07-15,48.965,?
2009-07-16,48.63,?
2009-07-17,48.67,?
2009-07-20,48.73,?
2009-07-21,48.205,?
2009-07-22,48.44,?
2009-07-23,48.52,?
2009-07-24,48.45,?
2009-07-27,48.23,?
2009-07-28,48.165,?
2009-07-29,48.215,?
2009-07-30,48.426,?
2009-07-31,48.31,?
2009-08-03,48.062,?
2009-08-04,47.59,?
2009-08-05,47.58,?
2009-08-06,47.42,?
2009-08-07,47.6,?
2009-08-10,47.765,?
2009-08-11,47.81,?
2009-08-12,47.96,?
2009-08-13,48.365,?
2009-08-14,48.06,?
2009-08-17,48.245,?
2009-08-18,48.9,?
2009-08-19,48.795,?
2009-08-20,48.795,?
2009-08-21,48.705,?
2009-08-24,48.63,?
2009-08-25,48.615,?
2009-08-26,48.755,?
2009-08-27,48.895,?
2009-08-28,48.915,?
2009-08-31,48.66,?
2009-09-01,48.9,?
2009-09-02,49.0,?
2009-09-03,48.975,?
2009-09-04,48.915,?
2009-09-07,48.89,?
2009-09-08,48.66,?
2009-09-09,48.445,?
2009-09-10,48.5,?
2009-09-11,48.605,?
2009-09-14,48.475,?
2009-09-15,48.735,?
2009-09-16,48.64,?
2009-09-17,48.235,?
2009-09-18,48.155,?
2009-09-21,48.135,?
2009-09-22,48.01,?
2009-09-23,47.963,?
2009-09-24,48.005,?
2009-09-25,47.975,?
2009-09-28,47.94,?
2009-09-29,47.754,?
2009-09-30,48.115,?
2009-10-01,47.805,?
2009-10-02,47.76,?
2009-10-05,47.747,?
2009-10-06,47.52,?
2009-10-07,46.92,?
2009-10-08,46.69,?
2009-10-09,46.32,?
2009-10-12,46.41,?
2009-10-13,46.49,?
2009-10-14,46.345,?
2009-10-15,46.115,?
2009-10-16,46.285,?
2009-10-19,46.3,?
2009-10-20,46.08,?
2009-10-21,46.115,?
2009-10-22,46.46,?
2009-10-23,46.74,?
2009-10-26,46.51,?
2009-10-27,46.63,?
2009-10-28,46.945,?
2009-10-29,47.24,?
2009-10-30,47.19,?
2009-11-02,47.01,?
2009-11-03,46.91,?
2009-11-04,47.395,?
2009-11-05,47.104,?
2009-11-06,46.99,?
2009-11-09,46.76,?
2009-11-10,46.447,?
2009-11-11,46.45,?
2009-11-12,46.31,?
2009-11-13,46.641,?
2009-11-16,46.254,?
2009-11-17,46.19,?
2009-11-18,46.335,?
2009-11-19,46.16,?
2009-11-20,46.65,?
2009-11-23,46.606,?
2009-11-24,46.485,?
2009-11-25,46.355,?
2009-11-26,46.23,?
2009-11-27,46.445,?
2009-11-30,46.65,?
2009-12-01,46.435,?
2009-12-02,46.275,?
2009-12-03,46.335,?
2009-12-04,46.075,?
2009-12-07,46.295,?
2009-12-08,46.51,?
2009-12-09,46.551,?
2009-12-10,46.57,?
2009-12-11,46.64,?
2009-12-14,46.561,?
2009-12-15,46.69,?
2009-12-16,46.675,?
2009-12-17,46.688,?
2009-12-18,46.886,?
2009-12-21,46.73,?
2009-12-22,46.84,?
2009-12-23,46.796,?
2009-12-24,46.825,?
2009-12-25,46.666,?
2009-12-28,46.666,?
2009-12-29,46.571,?
2009-12-30,46.685,?
2009-12-31,46.771,?
2010-01-01,46.536,?
2010-01-04,46.536,?
2010-01-05,46.3,48.41
2010-01-06,46.245,48.515
2010-01-07,45.83,48.625
2010-01-08,45.707,48.815
2010-01-11,45.758,48.415
2010-01-12,45.333,48.185
2010-01-13,45.722,48.845
2010-01-14,45.545,48.925
2010-01-15,45.644,48.605
2010-01-18,45.708,48.78
2010-01-19,45.52,48.53
2010-01-20,45.805,48.62
2010-01-21,45.95,49.14
2010-01-22,46.04,49.21
2010-01-25,46.31,48.925
2010-01-26,46.22,49.16
2010-01-27,46.021,48.57
2010-01-28,46.3,48.775
2010-01-29,46.28,48.925
2010-02-01,46.195,48.72
2010-02-02,46.375,48.69
2010-02-03,46.208,48.64
2010-02-04,45.975,48.4
2010-02-05,46.255,48.57
2010-02-08,46.797,48.66
2010-02-09,46.81,48.525
2010-02-10,46.655,48.6
2010-02-11,46.495,48.665
2010-02-12,46.501,48.66
2010-02-15,46.493,48.59
2010-02-16,46.325,48.425
2010-02-17,46.211,48.62
2010-02-18,46.113,49.435
2010-02-19,46.275,49.68
2010-02-22,46.305,49.685
2010-02-23,46.215,49.625
2010-02-24,46.215,49.825
2010-02-25,46.283,49.918
2010-02-26,46.334,49.84
2010-03-01,46.105,50.395
2010-03-02,46.145,51.07
2010-03-03,45.945,51.885
2010-03-04,45.825,51.97
2010-03-05,45.815,51.535
2010-03-08,45.594,51.77
2010-03-09,45.458,51.695
2010-03-10,45.605,51.87
2010-03-11,45.383,51.56
2010-03-12,45.615,51.16
2010-03-15,45.441,51.89
2010-03-16,45.593,51.495
2010-03-17,45.518,51.4
2010-03-18,45.347,51.41
2010-03-19,45.455,51.29
2010-03-22,45.505,50.31
2010-03-23,45.585,50.57
2010-03-24,45.555,50.379
2010-03-25,45.442,50.72
2010-03-26,45.5,50.67
2010-03-29,45.218,50.155
2010-03-30,44.919,50.645
2010-03-31,45.099,51.515
2010-04-01,44.895,50.64
2010-04-02,44.7,50.57
2010-04-05,44.7,50.35
2010-04-06,44.7,50.08
2010-04-07,44.455,50.0
2010-04-08,44.51,50.02
2010-04-09,44.472,50.19
2010-04-12,44.285,49.985
2010-04-13,44.388,49.985
2010-04-14,44.548,49.985
2010-04-15,44.23,49.575
2010-04-16,44.442,49.675
2010-04-19,44.315,49.758
2010-04-20,44.735,49.86
2010-04-21,44.495,50.18
2010-04-22,44.555,50.472
2010-04-23,44.507,50.33
2010-04-26,44.487,49.935
2010-04-27,44.395,49.775
2010-04-28,44.445,50.248
2010-04-29,44.645,50.517
2010-04-30,44.515,50.035
2010-05-03,44.36,49.915
2010-05-04,44.486,49.915
2010-05-05,44.615,49.91
2010-05-06,44.94,49.3
2010-05-07,45.315,49.59
2010-05-10,45.48,49.1
2010-05-11,44.85,49.283
2010-05-12,45.28,49.51
2010-05-13,45.12,49.317
2010-05-14,45.072,49.71
2010-05-17,45.215,49.71
2010-05-18,45.62,49.393
2010-05-19,45.595,47.89
2010-05-20,46.355,47.785
2010-05-21,46.825,47.42
2010-05-24,46.945,47.28
2010-05-25,46.985,47.11
2010-05-26,47.713,47.305
2010-05-27,47.295,47.86
2010-05-28,46.86,47.67
2010-05-31,46.378,47.61
2010-06-01,46.36,47.117
2010-06-02,47.155,46.963
2010-06-03,46.985,47.016
2010-06-04,46.67,47.06
2010-06-07,46.85,47.205
2010-06-08,47.095,47.112
2010-06-09,46.948,47.555
2010-06-10,47.021,47.49
2010-06-11,46.91,47.33
2010-06-14,46.845,47.615
2010-06-15,46.495,47.604
2010-06-16,46.526,47.715
2010-06-17,46.56,47.6
2010-06-18,46.305,47.99
2010-06-21,46.17,48.11
2010-06-22,45.751,48.01
2010-06-23,46.291,48.43
2010-06-24,46.185,48.553
2010-06-25,46.485,48.53
2010-06-28,46.285,48.603
2010-06-29,46.205,48.1
2010-06-30,46.485,48.05
2010-07-01,46.445,47.77
2010-07-02,46.627,47.895
2010-07-05,46.796,47.945
2010-07-06,46.775,47.88
2010-07-07,46.824,48.575
2010-07-08,47.051,48.23
2010-07-09,46.863,48.89
2010-07-12,46.665,48.71
2010-07-13,46.81,48.79
2010-07-14,46.755,49.09
2010-07-15,46.731,48.965
2010-07-16,46.614,48.63
2010-07-19,46.78,48.67
2010-07-20,47.115,48.73
2010-07-21,47.347,48.205
2010-07-22,47.165,48.44
2010-07-23,47.136,48.52
2010-07-26,46.935,48.45
2010-07-27,47.055,48.23
2010-07-28,46.658,48.165
2010-07-29,46.76,48.215
2010-07-30,46.535,48.426
2010-08-02,46.4,48.31
2010-08-03,46.245,48.062
2010-08-04,46.165,47.59
2010-08-05,46.165,47.58
2010-08-06,46.19,47.42
2010-08-09,46.16,47.6
2010-08-10,46.125,47.765
2010-08-11,46.402,47.81
2010-08-12,46.705,47.96
2010-08-13,46.775,48.365
2010-08-16,46.754,48.06
2010-08-17,46.805,48.245
2010-08-18,46.617,48.9
2010-08-19,46.491,48.795
2010-08-20,46.37,48.795
2010-08-23,46.653,48.705
2010-08-24,46.67,48.63
2010-08-25,46.905,48.615
2010-08-26,46.896,48.755
2010-08-27,46.849,48.895
2010-08-30,46.895,48.915
2010-08-31,46.915,48.66
2010-09-01,47.062,48.9
2010-09-02,46.815,49.0
2010-09-03,46.725,48.975
2010-09-06,46.61,48.915
2010-09-07,46.54,48.89
2010-09-08,46.82,48.66
2010-09-09,46.657,48.445
2010-09-10,46.472,48.5
2010-09-13,46.24,48.605
2010-09-14,46.399,48.475
2010-09-15,46.42,48.735
2010-09-16,46.351,48.64
2010-09-17,46.11,48.235
2010-09-20,45.829,48.155
2010-09-21,45.713,48.135
2010-09-22,45.668,48.01
2010-09-23,45.595,47.963
2010-09-24,45.587,48.005
2010-09-27,45.256,47.975
2010-09-28,45.02,47.94
2010-09-29,45.16,47.754
2010-09-30,44.927,48.115
2010-10-01,44.876,47.805
2010-10-04,44.5,47.76
2010-10-05,44.555,47.747
2010-10-06,44.67,47.52
2010-10-07,44.385,46.92
2010-10-08,44.215,46.69
2010-10-11,44.425,46.32
2010-10-12,44.44,46.41
2010-10-13,44.665,46.49
2010-10-14,44.476,46.345
2010-10-15,44.12,46.115
2010-10-18,44.1,46.285
2010-10-19,44.383,46.3
2010-10-20,44.407,46.08
2010-10-21,44.37,46.115
2010-10-22,44.295,46.46
2010-10-25,44.569,46.74
2010-10-26,44.359,46.51
2010-10-27,44.555,46.63
2010-10-28,44.535,46.945
2010-10-29,44.505,47.24
2010-11-01,44.396,47.19
2010-11-02,44.44,47.01
2010-11-03,44.35,46.91
2010-11-04,44.33,47.395
2010-11-05,44.185,47.104
2010-11-08,44.022,46.99
2010-11-09,44.42,46.76
2010-11-10,44.357,46.447
2010-11-11,44.305,46.45
2010-11-12,44.475,46.31
2010-11-15,44.621,46.641
2010-11-16,45.165,46.254
2010-11-17,45.313,46.19
2010-11-18,45.373,46.335
2010-11-19,45.23,46.16
2010-11-22,45.331,46.65
2010-11-23,45.435,46.606
2010-11-24,45.584,46.485
2010-11-25,45.708,46.355
2010-11-26,45.567,46.23
2010-11-29,45.855,46.445
2010-11-30,45.942,46.65
2010-12-01,45.961,46.435
2010-12-02,45.342,46.275
2010-12-03,45.295,46.335
2010-12-06,45.097,46.075
2010-12-07,44.932,46.295
2010-12-08,44.632,46.51
2010-12-09,45.097,46.551
2010-12-10,45.243,46.57
2010-12-13,45.022,46.64
2010-12-14,45.159,46.561
2010-12-15,44.887,46.69
2010-12-16,45.332,46.675
2010-12-17,45.382,46.688
2010-12-20,45.342,46.886
2010-12-21,45.42,46.73
2010-12-22,45.23,46.84
2010-12-23,45.098,46.796
2010-12-24,45.139,46.825
2010-12-27,45.114,46.666
2010-12-28,45.238,46.666
2010-12-29,45.066,46.571
2010-12-30,45.033,46.685
2010-12-31,44.917,46.771
2011-01-03,44.722,46.536
2011-01-04,44.636,46.536
2011-01-05,45.04,46.3
2011-01-06,45.395,46.245
2011-01-07,45.285,45.83
2011-01-10,45.459,45.707
2011-01-11,45.535,45.758
2011-01-12,45.165,45.333
2011-01-13,45.098,45.722
2011-01-14,45.163,45.545
2011-01-17,45.442,45.644
2011-01-18,45.545,45.708
2011-01-19,45.475,45.52
2011-01-20,45.4,45.805
2011-01-21,45.635,45.95
2011-01-24,45.619,46.04
2011-01-25,45.627,46.31
2011-01-26,45.825,46.22
2011-01-27,45.706,46.021
2011-01-28,45.606,46.3
2011-01-31,45.765,46.28
2011-02-01,45.908,46.195
2011-02-02,45.77,46.375
2011-02-03,45.56,46.208
2011-02-04,45.595,45.975
2011-02-07,45.598,46.255
2011-02-08,45.47,46.797
2011-02-09,45.297,46.81
2011-02-10,45.468,46.655
2011-02-11,45.728,46.495
2011-02-14,45.688,46.501
2011-02-15,45.5,46.493
2011-02-16,45.52,46.325
2011-02-17,45.52,46.211
2011-02-18,45.345,46.113
2011-02-21,45.2,46.275
2011-02-22,44.988,46.305
2011-02-23,45.265,46.215
2011-02-24,45.132,46.215
2011-02-25,45.468,46.283
2011-02-28,45.325,46.334
2011-03-01,45.273,46.105
2011-03-02,44.95,46.145
2011-03-03,44.95,45.945
2011-03-04,45.043,45.825
2011-03-07,44.987,45.815
2011-03-08,45.053,45.594
2011-03-09,45.089,45.458
2011-03-10,45.005,45.605
2011-03-11,45.183,45.383
2011-03-14,45.24,45.615
2011-03-15,45.06,45.441
2011-03-16,45.246,45.593
2011-03-17,45.117,45.518
2011-03-18,45.151,45.347
2011-03-21,45.036,45.455
2011-03-22,45.01,45.505
2011-03-23,44.955,45.585
2011-03-24,44.845,45.555
2011-03-25,44.75,45.442
2011-03-28,44.675,45.5
2011-03-29,44.84,45.218
2011-03-30,44.782,44.919
2011-03-31,44.752,45.099
2011-04-01,44.587,44.895
2011-04-04,44.537,44.7
2011-04-05,44.588,44.7
2011-04-06,44.418,44.7
2011-04-07,44.17,44.455
2011-04-08,44.205,44.51
2011-04-11,44.075,44.472
2011-04-12,44.389,44.285
2011-04-13,44.389,44.388
2011-04-14,44.505,44.548
2011-04-15,44.645,44.23
2011-04-18,44.333,44.442
2011-04-19,44.45,44.315
2011-04-20,44.485,44.735
2011-04-21,44.33,44.495
2011-04-22,44.368,44.555
2011-04-25,44.368,44.507
2011-04-26,44.368,44.487
2011-04-27,44.52,44.395
2011-04-28,44.44,44.445
2011-04-29,44.43,44.645
2011-05-02,44.215,44.515
2011-05-03,44.34,44.36
2011-05-04,44.518,44.486
2011-05-05,44.47,44.615
2011-05-06,44.76,44.94
2011-05-09,44.795,45.315
2011-05-10,44.72,45.48
2011-05-11,44.755,44.85
2011-05-12,44.695,45.28
2011-05-13,44.998,45.12
2011-05-16,44.868,45.072
2011-05-17,45.16,45.215
2011-05-18,45.127,45.62
2011-05-19,45.055,45.595
2011-05-20,44.98,46.355
2011-05-23,45.012,46.825
2011-05-24,45.238,46.945
2011-05-25,45.205,46.985
2011-05-26,45.33,47.713
2011-05-27,45.305,47.295
2011-05-30,45.165,46.86
2011-05-31,45.078,46.378
2011-06-01,45.057,46.36
2011-06-02,44.845,47.155
2011-06-03,44.829,46.985
2011-06-06,44.822,46.67
2011-06-07,44.76,46.85
2011-06-08,44.68,47.095
2011-06-09,44.702,46.948
2011-06-10,44.735,47.021
2011-06-13,44.715,46.91
2011-06-14,44.865,46.845
2011-06-15,44.738,46.495
2011-06-16,44.76,46.526
2011-06-17,44.905,46.56
2011-06-20,44.868,46.305
2011-06-21,45.007,46.17
2011-06-22,44.847,45.751
2011-06-23,44.895,46.291
2011-06-24,44.954,46.185
2011-06-27,44.995,46.485
2011-06-28,45.038,46.285
2011-06-29,45.04,46.205
2011-06-30,44.867,46.485
2011-07-01,44.67,46.445
2011-07-04,44.585,46.627
2011-07-05,44.425,46.796
2011-07-06,44.395,46.775
2011-07-07,44.405,46.824
2011-07-08,44.435,47.051
2011-07-11,44.395,46.863
2011-07-12,44.466,46.665
2011-07-13,44.715,46.81
2011-07-14,44.518,46.755
2011-07-15,44.51,46.731
2011-07-18,44.515,46.614
2011-07-19,44.575,46.78
2011-07-20,44.5,47.115
2011-07-21,44.455,47.347
2011-07-22,44.505,47.165
2011-07-25,44.35,47.136
2011-07-26,44.405,46.935
2011-07-27,44.185,47.055
2011-07-28,44.085,46.658
2011-07-29,44.098,46.76
2011-08-01,44.195,46.535
2011-08-02,44.075,46.4
2011-08-03,44.277,46.245
2011-08-04,44.32,46.165
2011-08-05,44.548,46.165
2011-08-08,44.745,46.19
2011-08-09,44.97,46.16
2011-08-10,45.21,46.125
2011-08-11,45.26,46.402
2011-08-12,45.365,46.705
2011-08-15,45.345,46.775
2011-08-16,45.345,46.754
2011-08-17,45.39,46.805
2011-08-18,45.369,46.617
2011-08-19,45.75,46.491
2011-08-22,45.75,46.37
2011-08-23,45.665,46.653
2011-08-24,45.625,46.67
2011-08-25,46.005,46.905
2011-08-26,46.045,46.896
2011-08-29,46.155,46.849
2011-08-30,46.055,46.895
2011-08-31,46.056,46.915
2011-09-01,46.069,47.062
2011-09-02,46.088,46.815
2011-09-05,45.787,46.725
2011-09-06,45.998,46.61
2011-09-07,45.985,46.54
2011-09-08,46.165,46.82
2011-09-09,46.195,46.657
2011-09-12,46.562,46.472
2011-09-13,47.23,46.24
2011-09-14,47.595,46.399
2011-09-15,47.65,46.42
2011-09-16,47.555,46.351
2011-09-19,47.255,46.11
2011-09-20,47.812,45.829
2011-09-21,48.055,45.713
2011-09-22,48.33,45.668
2011-09-23,49.578,45.595
2011-09-26,49.433,45.587
2011-09-27,49.447,45.256
2011-09-28,49.075,45.02
2011-09-29,48.76,45.16
2011-09-30,48.967,44.927
2011-10-03,48.966,44.876
2011-10-04,49.16,44.5
2011-10-05,49.407,44.555
2011-10-06,49.35,44.67
2011-10-07,49.35,44.385
2011-10-10,49.16,44.215
2011-10-11,48.975,44.425
2011-10-12,49.325,44.44
2011-10-13,48.96,44.665
2011-10-14,49.13,44.476
2011-10-17,49.02,44.12
2011-10-18,48.955,44.1
2011-10-19,49.393,44.383
2011-10-20,49.165,44.407
2011-10-21,49.807,44.37
2011-10-24,50.025,44.295
2011-10-25,49.825,44.569
2011-10-26,49.51,44.359
2011-10-27,49.507,44.555
2011-10-28,49.51,44.535
2011-10-31,48.766,44.505
2011-11-01,48.695,44.396
2011-11-02,49.28,44.44
2011-11-03,49.185,44.35
2011-11-04,49.145,44.33
2011-11-07,49.105,44.185
2011-11-08,49.111,44.022
2011-11-09,49.48,44.42
2011-11-10,50.165,44.357
2011-11-11,50.025,44.305
2011-11-14,50.122,44.475
2011-11-15,50.375,44.621
2011-11-16,50.68,45.165
2011-11-17,50.755,45.313
2011-11-18,50.945,45.373
2011-11-21,51.255,45.23
2011-11-22,52.305,45.331
2011-11-23,52.375,45.435
2011-11-24,52.475,45.584
2011-11-25,52.035,45.708
2011-11-28,52.24,45.567
2011-11-29,52.035,45.855
2011-11-30,52.055,45.942
2011-12-01,52.255,45.961
2011-12-02,51.37,45.342
2011-12-05,51.105,45.295
2011-12-06,51.375,45.097
2011-12-07,51.315,44.932
2011-12-08,51.717,44.632
2011-12-09,51.725,45.097
2011-12-12,52.075,45.243
2011-12-13,52.862,45.022
2011-12-14,53.19,45.159
2011-12-15,53.935,44.887
2011-12-16,53.537,45.332
2011-12-19,52.7,45.382
2011-12-20,52.935,45.342
2011-12-21,52.975,45.42
2011-12-22,52.685,45.23
2011-12-23,52.63,45.098
2011-12-26,52.855,45.139
2011-12-27,52.855,45.114
2011-12-28,52.937,45.238
2011-12-29,52.897,45.066
2011-12-30,53.052,45.033
2012-01-02,53.105,44.917
2012-01-03,53.305,44.722
2012-01-04,53.12,44.636
2012-01-05,52.929,45.04
2012-01-06,52.925,45.395
2012-01-09,52.725,45.285
2012-01-10,52.502,45.459
2012-01-11,51.795,45.535
2012-01-12,51.865,45.165
2012-01-13,51.52,45.098
2012-01-16,51.448,45.163
2012-01-17,51.425,45.442
2012-01-18,50.647,45.545
2012-01-19,50.399,45.475
2012-01-20,50.28,45.4
2012-01-23,50.281,45.635
2012-01-24,49.995,45.619
2012-01-25,50.105,45.627
2012-01-26,50.245,45.825
2012-01-27,50.245,45.706
2012-01-30,49.395,45.606
2012-01-31,49.76,45.765
2012-02-01,49.435,45.908
2012-02-02,49.165,45.77
2012-02-03,49.145,45.56
2012-02-06,48.805,45.595
2012-02-07,49.055,45.598
2012-02-08,49.345,45.47
2012-02-09,49.145,45.297
2012-02-10,49.355,45.468
2012-02-13,49.49,45.728
2012-02-14,49.15,45.688
2012-02-15,49.405,45.5
2012-02-16,49.375,45.52
2012-02-17,49.395,45.52
2012-02-20,49.24,45.345
2012-02-21,49.135,45.2
2012-02-22,49.33,44.988
2012-02-23,49.139,45.265
2012-02-24,49.15,45.132
2012-02-27,49.005,45.468
2012-02-28,49.285,45.325
2012-02-29,49.085,45.325
2012-03-01,48.955,45.273
2012-03-02,49.275,44.95
2012-03-05,49.46,45.043
2012-03-06,49.795,45.043
2012-03-07,50.385,44.987
2012-03-08,50.405,45.053
2012-03-09,50.405,45.089
2012-03-12,49.795,45.183
2012-03-13,49.985,45.183
2012-03-14,49.975,45.24
2012-03-15,50.025,45.06
2012-03-16,50.375,45.246
2012-03-19,50.135,45.151
2012-03-20,50.215,45.151
2012-03-21,50.458,45.036
2012-03-22,50.675,45.01
2012-03-23,51.225,44.955
2012-03-26,51.275,44.75
2012-03-27,51.205,44.75
2012-03-28,50.775,44.675
2012-03-29,50.78,44.84
2012-03-30,51.32,44.782
2012-04-02,50.945,44.587
2012-04-03,50.876,44.587
2012-04-04,50.705,44.537
2012-04-05,51.09,44.588
2012-04-06,51.175,44.418
2012-04-09,51.175,44.205
2012-04-10,51.175,44.205
2012-04-11,51.475,44.075
2012-04-12,51.475,44.389
2012-04-13,51.589,44.389
2012-04-16,51.303,44.645
2012-04-17,51.658,44.645
2012-04-18,51.477,44.333
2012-04-19,51.805,44.45
2012-04-20,52.145,44.485
2012-04-23,52.1,44.368
2012-04-24,52.575,44.368
2012-04-25,52.675,44.368
2012-04-26,52.545,44.368
2012-04-27,52.555,44.52
2012-04-30,52.51,44.43
2012-05-01,52.705,44.43
2012-05-02,52.705,44.215
2012-05-03,52.855,44.34
2012-05-04,53.425,44.518
2012-05-07,53.475,44.76
2012-05-08,52.91,44.76
2012-05-09,53.119,44.795
2012-05-10,53.875,44.72
2012-05-11,53.338,44.755
2012-05-14,53.635,44.998
2012-05-15,53.965,44.998
2012-05-16,53.765,44.868
2012-05-17,54.495,45.16
2012-05-18,54.485,45.127
2012-05-21,54.467,44.98
2012-05-22,54.98,44.98
2012-05-23,55.345,45.012
2012-05-24,56.005,45.238
2012-05-25,55.62,45.205
2012-05-28,55.409,45.305
2012-05-29,55.185,45.305
2012-05-30,55.675,45.165
2012-05-31,56.233,45.078
2012-06-01,56.11,45.057
2012-06-04,55.607,44.829
2012-06-05,55.665,44.829
2012-06-06,55.645,44.822
2012-06-07,55.365,44.76
2012-06-08,54.945,44.68
2012-06-11,55.465,44.735
2012-06-12,55.745,44.735
2012-06-13,55.805,44.715
2012-06-14,55.6,44.865
2012-06-15,55.815,44.738
2012-06-18,55.413,44.905
2012-06-19,55.995,44.905
2012-06-20,55.953,44.868
2012-06-21,56.155,45.007
2012-06-22,56.305,44.847
2012-06-25,57.152,44.954
2012-06-26,57.015,44.954
2012-06-27,57.015,44.995
2012-06-28,57.135,45.038
2012-06-29,56.855,45.04
2012-07-02,55.695,44.67
2012-07-03,55.442,44.67
2012-07-04,54.372,44.585
2012-07-05,54.487,44.425
2012-07-06,54.953,44.395
2012-07-09,55.514,44.435
2012-07-10,55.935,44.435
2012-07-11,55.415,44.395
2012-07-12,55.628,44.466
2012-07-13,55.925,44.715
2012-07-16,55.145,44.51
2012-07-17,55.326,44.51
2012-07-18,55.045,44.515
2012-07-19,55.442,44.575
2012-07-20,55.045,44.5
2012-07-23,55.355,44.505
2012-07-24,55.974,44.505
2012-07-25,56.12,44.35
2012-07-26,56.16,44.405
2012-07-27,55.525,44.185
2012-07-30,55.335,44.098
2012-07-31,55.585,44.098
2012-08-01,55.655,44.195
2012-08-02,55.474,44.075
2012-08-03,55.835,44.277
2012-08-06,55.755,44.548
2012-08-07,55.527,44.548
2012-08-08,55.069,44.745
2012-08-09,55.415,44.97
2012-08-10,55.295,45.21
2012-08-13,55.285,45.365
2012-08-14,55.344,45.365
2012-08-15,55.66,45.345
2012-08-16,55.686,45.345
2012-08-17,55.775,45.39
2012-08-20,55.715,45.75
2012-08-21,55.699,45.75
2012-08-22,55.395,45.75
2012-08-23,55.492,45.665
2012-08-24,55.255,45.625
2012-08-27,55.485,46.045
2012-08-28,55.682,46.045
2012-08-29,55.675,46.155
2012-08-30,55.63,46.055
2012-08-31,55.634,46.056
2012-09-03,55.528,46.088
2012-09-04,55.535,46.088
2012-09-05,55.661,45.787
2012-09-06,55.891,45.998
2012-09-07,55.665,45.985
2012-09-10,55.285,46.195
2012-09-11,55.445,46.195
2012-09-12,55.325,46.562
2012-09-13,55.229,47.23
2012-09-14,55.428,47.595
2012-09-17,54.306,47.555
2012-09-18,54.055,47.555
2012-09-19,54.025,47.255
2012-09-20,53.995,47.812
2012-09-21,54.336,48.055
2012-09-24,53.465,49.578
2012-09-25,53.475,49.578
2012-09-26,53.315,49.433
2012-09-27,53.515,49.447
2012-09-28,53.075,49.075
2012-10-01,52.86,48.967
2012-10-02,52.409,48.967
2012-10-03,52.395,48.966
2012-10-04,52.265,49.16
2012-10-05,51.735,49.407
2012-10-08,51.855,49.35
2012-10-09,52.619,49.35
2012-10-10,52.712,49.16
2012-10-11,53.003,48.975
2012-10-12,52.655,49.325
2012-10-15,52.819,49.13
2012-10-16,53.015,49.13
2012-10-17,52.855,49.02
2012-10-18,52.865,48.955
2012-10-19,53.398,49.393
2012-10-22,53.84,49.807
2012-10-23,53.475,49.807
2012-10-24,53.765,50.025
2012-10-25,53.832,49.825
2012-10-26,53.575,49.51
2012-10-29,53.733,49.51
2012-10-30,54.085,49.51
2012-10-31,53.966,48.766
2012-11-01,53.814,48.695
2012-11-02,53.705,49.28
2012-11-05,53.811,49.145
2012-11-06,54.607,49.145
2012-11-07,54.435,49.105
2012-11-08,54.215,49.111
2012-11-09,54.365,49.48
2012-11-12,54.785,50.025
2012-11-13,54.875,50.025
2012-11-14,54.97,50.122
2012-11-15,54.809,50.375
2012-11-16,54.685,50.68
2012-11-19,55.175,50.945
2012-11-20,55.065,50.945
2012-11-21,55.095,51.255
2012-11-22,55.115,52.305
2012-11-23,55.143,52.375
2012-11-26,55.535,52.035
2012-11-27,55.625,52.035
2012-11-28,55.36,52.24
2012-11-29,55.465,52.035
2012-11-30,54.825,52.055
2012-12-03,54.425,51.37
2012-12-04,54.777,51.37
2012-12-05,54.668,51.105
2012-12-06,54.556,51.375
2012-12-07,54.138,51.315
2012-12-10,54.475,51.725
2012-12-11,54.505,51.725
2012-12-12,54.27,52.075
2012-12-13,54.255,52.862
2012-12-14,54.253,53.19
2012-12-17,54.491,53.537
2012-12-18,54.875,53.537
2012-12-19,54.855,52.7
2012-12-20,54.555,52.935
2012-12-21,54.865,52.975
2012-12-24,55.075,52.63
2012-12-25,54.955,52.63
2012-12-26,54.955,52.855
2012-12-27,54.955,52.855
2012-12-28,54.962,52.937
2012-12-31,54.755,53.052
2013-01-01,54.995,53.052
2013-01-02,54.995,53.105
2013-01-03,54.313,53.305
2013-01-04,54.505,53.12
2013-01-07,55.075,52.925
2013-01-08,55.225,52.925
2013-01-09,55.065,52.725
2013-01-10,54.755,52.502
2013-01-11,54.653,51.795
2013-01-14,54.76,51.52
2013-01-15,54.5,51.52
2013-01-16,54.625,51.448
2013-01-17,54.835,51.425
2013-01-18,54.39,50.647
2013-01-21,53.846,50.28
2013-01-22,53.755,50.28
2013-01-23,53.72,50.281
2013-01-24,53.608,49.995
2013-01-25,53.755,50.105
2013-01-28,53.8,50.245
2013-01-29,53.915,50.245
2013-01-30,53.745,49.395
2013-01-31,53.29,49.76
2013-02-01,53.225,49.435
2013-02-04,53.198,49.145
2013-02-05,53.275,49.145
2013-02-06,53.135,48.805
2013-02-07,53.155,49.055
2013-02-08,53.285,49.345
2013-02-11,53.505,49.355
2013-02-12,53.855,49.355
2013-02-13,53.835,49.49
2013-02-14,53.819,49.15
2013-02-15,53.93,49.405
2013-02-18,54.3,49.395
2013-02-19,54.305,49.395
2013-02-20,54.345,49.24
2013-02-21,54.077,49.135
2013-02-22,54.605,49.33
2013-02-25,54.252,49.15
2013-02-26,53.825,49.15
2013-02-27,54.095,49.005
2013-02-28,53.845,49.285
2013-03-01,54.373,48.955
2013-03-04,54.914,49.275
2013-03-05,54.865,49.46
2013-03-06,54.865,49.795
2013-03-07,54.753,50.385
2013-03-08,54.613,50.405
2013-03-11,54.375,50.405
2013-03-12,54.413,49.795
2013-03-13,54.192,49.985
2013-03-14,54.306,49.975
2013-03-15,54.367,50.025
2013-03-18,54.005,50.375
2013-03-19,54.125,50.135
2013-03-20,54.375,50.215
2013-03-21,54.345,50.458
2013-03-22,54.245,50.675
2013-03-25,54.341,51.225
2013-03-26,54.226,51.275
2013-03-27,54.433,51.205
2013-03-28,54.465,50.775
2013-03-29,54.327,50.78
2013-04-01,54.327,51.32
2013-04-02,54.327,50.945
2013-04-03,54.177,50.876
2013-04-04,54.455,50.705
2013-04-05,54.898,51.09
2013-04-08,54.835,51.175
2013-04-09,54.537,51.175
2013-04-10,54.54,51.175
2013-04-11,54.525,51.475
2013-04-12,54.525,51.475
2013-04-15,54.525,51.589
2013-04-16,54.629,51.303
2013-04-17,54.105,51.658
2013-04-18,54.205,51.477
2013-04-19,53.972,51.805
2013-04-22,53.973,52.145
2013-04-23,54.147,52.1
2013-04-24,54.355,52.575
2013-04-25,54.22,52.675
2013-04-26,54.125,52.545
2013-04-29,54.325,52.555
2013-04-30,54.173,52.51
2013-05-01,53.76,52.705
2013-05-02,53.76,52.705
2013-05-03,53.765,52.855
2013-05-06,53.925,53.425
2013-05-07,54.165,53.475
2013-05-08,54.088,52.91
2013-05-09,54.125,53.119
2013-05-10,54.281,53.875
2013-05-13,54.905,53.338
2013-05-14,54.738,53.635
2013-05-15,54.765,53.965
2013-05-16,54.768,53.765
2013-05-17,54.775,54.495
2013-05-20,54.865,54.485
2013-05-21,55.085,54.467
2013-05-22,55.415,54.98
2013-05-23,55.565,55.345
2013-05-24,55.715,56.005
2013-05-27,55.746,55.62
2013-05-28,55.576,55.409
2013-05-29,55.965,55.185
2013-05-30,56.175,55.675
2013-05-31,56.435,56.233
2013-06-03,56.511,56.11
2013-06-04,56.745,55.607
2013-06-05,56.495,55.665
2013-06-06,56.785,55.645
2013-06-07,56.841,55.365
2013-06-10,57.076,54.945
2013-06-11,58.176,55.465
2013-06-12,58.405,55.745
2013-06-13,57.815,55.805
2013-06-14,58.085,55.6
2013-06-17,57.535,55.815
2013-06-18,57.905,55.413
2013-06-19,58.771,55.995
2013-06-20,58.795,55.953
2013-06-21,59.685,56.155
2013-06-24,59.272,56.305
2013-06-25,59.7,57.152
2013-06-26,59.675,57.015
2013-06-27,60.742,57.015
2013-06-28,60.2,57.135
2013-07-01,59.42,56.855
2013-07-02,59.544,55.695
2013-07-03,59.635,55.442
2013-07-04,60.265,54.372
2013-07-05,60.225,54.487
2013-07-08,60.365,54.953
2013-07-09,60.755,55.514
2013-07-10,60.145,55.935
2013-07-11,59.655,55.415
2013-07-12,59.828,55.628
2013-07-15,59.63,55.925
2013-07-16,59.895,55.145
2013-07-17,59.145,55.326
2013-07-18,59.465,55.045
2013-07-19,59.65,55.442
2013-07-22,59.505,55.045
2013-07-23,59.724,55.355
2013-07-24,59.725,55.974
2013-07-25,59.08,56.12
2013-07-26,59.108,56.16
2013-07-29,59.042,55.525
2013-07-30,59.42,55.335
2013-07-31,60.485,55.585
2013-08-01,60.405,55.655
2013-08-02,60.443,55.474
2013-08-05,61.105,55.835
2013-08-06,60.875,55.755
2013-08-07,60.809,55.527
2013-08-08,61.252,55.069
2013-08-09,60.862,55.415
2013-08-12,60.797,55.295
2013-08-13,61.275,55.285
2013-08-14,61.284,55.344
2013-08-15,61.444,55.66
2013-08-16,61.32,55.686
2013-08-19,61.714,55.775
2013-08-20,63.368,55.715
2013-08-21,63.57,55.699
2013-08-22,64.458,55.395
2013-08-23,64.88,55.492
2013-08-26,64.025,55.255
2013-08-27,64.465,55.485
2013-08-28,67.315,55.682
2013-08-29,68.978,55.675
2013-08-30,66.955,55.63
2013-09-02,66.375,55.634
2013-09-03,66.27,55.528
2013-09-04,68.245,55.535
2013-09-05,67.025,55.661
2013-09-06,66.115,55.891
2013-09-09,65.245,55.665
2013-09-10,65.245,55.285
2013-09-11,63.89,55.445
2013-09-12,63.365,55.325
2013-09-13,63.451,55.229
2013-09-16,63.58,55.428
2013-09-17,62.847,54.306
2013-09-18,63.372,54.055
2013-09-19,63.45,54.025
2013-09-20,61.901,53.995
2013-09-23,62.278,54.336
2013-09-24,62.655,53.465
2013-09-25,62.98,53.475
2013-09-26,62.511,53.315
2013-09-27,62.079,53.515
2013-09-30,62.498,53.075
2013-10-01,62.824,52.86
2013-10-02,62.623,52.409
2013-10-03,62.591,52.395
2013-10-04,61.74,52.265
2013-10-07,61.526,51.735
2013-10-08,61.827,51.855
2013-10-09,61.795,52.619
2013-10-10,61.856,52.712
2013-10-11,61.18,53.003
2013-10-14,61.08,52.655
2013-10-15,61.434,52.819
2013-10-16,61.62,53.015
2013-10-17,61.845,52.855
2013-10-18,61.22,52.865
2013-10-21,61.265,53.398
2013-10-22,61.564,53.84
2013-10-23,61.591,53.475
2013-10-24,61.652,53.765
2013-10-25,61.436,53.832
2013-10-28,61.529,53.575
2013-10-29,61.525,53.733
2013-10-30,61.47,54.085
2013-10-31,61.237,53.966
2013-11-01,61.482,53.814
2013-11-04,61.728,53.705
2013-11-05,62.215,53.811
2013-11-06,61.813,54.607
2013-11-07,62.435,54.435
2013-11-08,62.59,54.215
2013-11-11,62.765,54.365
2013-11-12,63.24,54.785
2013-11-13,63.696,54.875
2013-11-14,63.441,54.97
2013-11-15,63.35,54.809
2013-11-18,63.12,54.685
2013-11-19,62.303,55.175
2013-11-20,62.18,55.065
2013-11-21,62.485,55.095
2013-11-22,62.94,55.115
2013-11-25,62.871,55.143
2013-11-26,62.495,55.535
2013-11-27,62.484,55.625
2013-11-28,62.155,55.36
2013-11-29,62.41,55.465
2013-12-02,62.43,54.825
2013-12-03,62.32,54.425
2013-12-04,62.357,54.777
2013-12-05,61.954,54.668
2013-12-06,61.693,54.556
2013-12-09,61.602,54.138
2013-12-10,61.135,54.475
2013-12-11,61.029,54.505
2013-12-12,61.305,54.27
2013-12-13,62.008,54.255
2013-12-16,62.166,54.253
2013-12-17,61.75,54.491
2013-12-18,61.884,54.875
2013-12-19,62.102,54.855
2013-12-20,62.376,54.555
2013-12-23,62.04,54.865
2013-12-24,61.818,55.075
2013-12-25,61.795,54.955
2013-12-26,61.795,54.955
2013-12-27,61.795,54.955
2013-12-30,61.983,54.962
2013-12-31,61.891,54.755
2014-01-01,61.9,54.995
2014-01-02,61.9,54.995
2014-01-03,62.268,54.313
2014-01-06,62.199,54.505
2014-01-07,62.245,55.075
2014-01-08,62.188,55.225
2014-01-09,62.027,55.065
2014-01-10,62.108,54.755
2014-01-13,61.905,54.653
2014-01-14,61.467,54.76
2014-01-15,61.485,54.5
2014-01-16,61.543,54.625
2014-01-17,61.565,54.835
2014-01-20,61.55,54.39
2014-01-21,61.579,53.846
2014-01-22,62.043,53.755
2014-01-23,61.885,53.72
2014-01-24,61.878,53.608
2014-01-27,62.606,53.755
2014-01-28,63.101,53.8
2014-01-29,62.515,53.915
2014-01-30,62.545,53.745
2014-01-31,62.682,53.29
2014-02-03,62.658,53.225
2014-02-04,62.506,53.198
2014-02-05,62.528,53.275
2014-02-06,62.58,53.135
2014-02-07,62.42,53.155
2014-02-10,62.419,53.285
2014-02-11,62.354,53.505
2014-02-12,62.218,53.855
2014-02-13,62.105,53.835
2014-02-14,62.336,53.819
2014-02-17,61.945,53.93
2014-02-18,61.858,54.3
2014-02-19,62.109,54.305
2014-02-20,62.226,54.345
2014-02-21,62.365,54.077
2014-02-24,62.127,54.605
2014-02-25,62.064,54.252
2014-02-26,61.903,53.825
2014-02-27,62.135,54.095
2014-02-28,61.985,53.845
2014-03-03,61.758,54.373
2014-03-04,62.021,54.914
2014-03-05,61.865,54.865
2014-03-06,61.755,54.865
2014-03-07,61.11,54.753
2014-03-10,61.061,54.613
2014-03-11,60.843,54.375
2014-03-12,60.954,54.413
2014-03-13,61.22,54.192
2014-03-14,61.18,54.306
2014-03-17,61.19,54.367
2014-03-18,61.294,54.005
2014-03-19,61.146,54.125
2014-03-20,60.945,54.375
2014-03-21,61.333,54.345
2014-03-24,60.925,54.245
2014-03-25,60.788,54.341
2014-03-26,60.449,54.226
2014-03-27,60.101,54.433
2014-03-28,60.342,54.465
2014-03-31,60.305,54.327
2014-04-01,59.891,54.327
2014-04-02,59.967,54.327
2014-04-03,59.862,54.177
2014-04-04,60.175,54.455
2014-04-07,60.197,54.898
2014-04-08,60.192,54.835
2014-04-09,60.125,54.537
2014-04-10,60.135,54.54
2014-04-11,60.156,54.525
2014-04-14,60.177,54.525
2014-04-15,60.176,54.525
2014-04-16,60.233,54.629
2014-04-17,60.35,54.105
2014-04-18,60.326,54.205
2014-04-21,60.326,53.972
2014-04-22,60.326,53.973
2014-04-23,60.77,54.147
2014-04-24,61.135,54.355
2014-04-25,61.085,54.22
2014-04-28,60.695,54.125
2014-04-29,60.63,54.325
2014-04-30,60.425,54.173
2014-05-01,60.24,53.76
2014-05-02,60.24,53.76
2014-05-05,60.234,53.765
2014-05-06,60.098,53.925
2014-05-07,60.098,54.165
2014-05-08,60.065,54.088
2014-05-09,59.943,54.125
2014-05-12,60.025,54.281
2014-05-13,60.05,54.905
2014-05-14,59.623,54.738
2014-05-15,59.466,54.765
2014-05-16,59.29,54.768
2014-05-19,58.916,54.775
2014-05-20,58.476,54.865
2014-05-21,58.64,55.085
2014-05-22,58.78,55.415
2014-05-23,58.46,55.565
2014-05-26,58.508,55.715
2014-05-27,58.715,55.746
2014-05-28,58.84,55.576
2014-05-29,58.927,55.965
2014-05-30,58.974,56.175
2014-06-02,59.089,56.435
2014-06-03,59.157,56.511
2014-06-04,59.409,56.745
2014-06-05,59.372,56.495
2014-06-06,59.192,56.785
2014-06-09,59.183,56.841
2014-06-10,59.087,57.076
2014-06-11,59.213,58.176
2014-06-12,59.316,58.405
2014-06-13,59.145,57.815
2014-06-16,59.785,58.085
2014-06-17,60.17,57.535
2014-06-18,60.13,57.905
2014-06-19,60.33,58.771
2014-06-20,60.035,58.795
2014-06-23,60.194,59.685
2014-06-24,60.155,59.272
2014-06-25,60.12,59.7
2014-06-26,60.132,59.675
2014-06-27,60.18,60.742
2014-06-30,60.105,60.2
2014-07-01,60.186,59.42
2014-07-02,60.075,59.544
2014-07-03,59.555,59.635
2014-07-04,59.645,60.265
2014-07-07,59.735,60.225
2014-07-08,60.018,60.365
2014-07-09,59.793,60.755
2014-07-10,59.765,60.145
2014-07-11,60.206,59.655
2014-07-14,59.999,59.828
2014-07-15,60.05,59.63
2014-07-16,60.11,59.895
2014-07-17,60.08,59.145
2014-07-18,60.172,59.465
2014-07-21,60.34,59.65
2014-07-22,60.305,59.505
2014-07-23,60.22,59.724
2014-07-24,60.05,59.725
2014-07-25,60.13,59.08
2014-07-28,60.095,59.108
2014-07-29,60.062,59.042
2014-07-30,60.172,59.42
2014-07-31,60.09,60.485
2014-08-01,60.555,60.405
2014-08-04,61.236,60.443
2014-08-05,60.935,61.105
2014-08-06,60.88,60.875
2014-08-07,61.48,60.809
2014-08-08,61.233,61.252
2014-08-11,61.19,60.862
2014-08-12,61.136,60.797
2014-08-13,61.3,61.275
2014-08-14,61.25,61.284
2014-08-15,60.832,61.444
2014-08-18,60.866,61.32
2014-08-19,60.85,61.714
2014-08-20,60.733,63.368
2014-08-21,60.708,63.57
2014-08-22,60.671,64.458
2014-08-25,60.522,64.88
2014-08-26,60.555,64.025
2014-08-27,60.516,64.465
2014-08-28,60.451,67.315
2014-08-29,60.63,68.978
2014-09-01,60.517,66.955
2014-09-02,60.535,66.375
2014-09-03,60.69,66.27
2014-09-04,60.415,68.245
2014-09-05,60.254,67.025
2014-09-08,60.406,66.115
2014-09-09,60.249,65.245
2014-09-10,60.605,65.245
2014-09-11,60.955,63.89
2014-09-12,60.955,63.365
2014-09-15,60.782,63.451
2014-09-16,61.127,63.58
2014-09-17,61.076,62.847
2014-09-18,60.919,63.372
2014-09-19,61.043,63.45
2014-09-22,60.83,61.901
2014-09-23,60.887,62.278
2014-09-24,60.952,62.655
2014-09-25,61.0,62.98
2014-09-26,61.428,62.511
2014-09-29,61.25,62.079
2014-09-30,61.615,62.498
2014-10-01,61.874,62.824
2014-10-02,61.72,62.623
2014-10-03,61.816,62.591
2014-10-06,61.817,61.74
2014-10-07,61.48,61.526
2014-10-08,61.425,61.827
2014-10-09,61.392,61.795
2014-10-10,60.957,61.856
2014-10-13,61.335,61.18
2014-10-14,60.995,61.08
2014-10-15,61.461,61.434
2014-10-16,61.425,61.62
2014-10-17,61.858,61.845
2014-10-20,61.43,61.22
2014-10-21,61.295,61.265
2014-10-22,61.201,61.564
2014-10-23,61.226,61.591
2014-10-24,61.185,61.652
2014-10-27,61.185,61.436
2014-10-28,61.305,61.529
2014-10-29,61.232,61.525
2014-10-30,61.288,61.47
2014-10-31,61.434,61.237
2014-11-03,61.365,61.482
2014-11-04,61.405,61.728
2014-11-05,61.405,62.215
2014-11-06,61.499,61.813
2014-11-07,61.483,62.435
2014-11-10,61.636,62.59
2014-11-11,61.505,62.765
2014-11-12,61.545,63.24
2014-11-13,61.43,63.696
2014-11-14,61.52,63.441
2014-11-17,61.816,63.35
2014-11-18,61.828,63.12
2014-11-19,61.751,62.303
2014-11-20,61.994,62.18
2014-11-21,61.93,62.485
2014-11-24,61.655,62.94
2014-11-25,61.909,62.871
2014-11-26,61.892,62.495
2014-11-27,61.85,62.484
2014-11-28,61.875,62.155
2014-12-01,62.122,62.41
2014-12-02,62.039,62.43
2014-12-03,61.883,62.32
2014-12-04,61.81,62.357
2014-12-05,61.901,61.954
2014-12-08,61.785,61.693
2014-12-09,61.92,61.602
2014-12-10,61.963,61.135
2014-12-11,62.075,61.029
2014-12-12,62.411,61.305
2014-12-15,62.464,62.008
2014-12-16,63.24,62.166
2014-12-17,63.988,61.75
2014-12-18,63.622,61.884
2014-12-19,63.066,62.102
2014-12-22,63.305,62.376
2014-12-23,63.2,62.04
2014-12-24,63.292,61.818
2014-12-25,63.474,61.795
2014-12-26,63.474,61.795
2014-12-29,63.474,61.795
2014-12-30,63.676,61.983
2014-12-31,63.461,61.891
2015-01-01,63.19,61.9
2015-01-02,63.19,61.9
2015-01-05,63.356,62.268
2015-01-06,63.463,62.199
2015-01-07,63.572,62.245
2015-01-08,63.175,62.188
2015-01-09,62.568,62.027
2015-01-12,62.324,62.108
2015-01-13,62.164,61.905
2015-01-14,62.043,61.467
2015-01-15,62.189,61.485
2015-01-16,61.783,61.543
2015-01-19,61.862,61.565
2015-01-20,61.712,61.55
2015-01-21,61.707,61.579
2015-01-22,61.575,62.043
2015-01-23,61.559,61.885
2015-01-26,61.498,61.878
2015-01-27,61.427,62.606
2015-01-28,61.384,63.101
2015-01-29,61.405,62.515
2015-01-30,61.9,62.545
2015-02-02,62.019,62.682
2015-02-03,61.869,62.658
2015-02-04,61.717,62.506
2015-02-05,61.833,62.528
2015-02-06,61.739,62.58
2015-02-09,61.714,62.42
2015-02-10,62.13,62.419
2015-02-11,62.195,62.354
2015-02-12,62.355,62.218
2015-02-13,62.277,62.105
2015-02-16,62.17,62.336
2015-02-17,62.214,61.945
2015-02-18,62.189,61.858
2015-02-19,62.302,62.109
2015-02-20,62.21,62.226
2015-02-23,62.234,62.365
2015-02-24,62.315,62.127
2015-02-25,62.203,62.064
2015-02-26,61.967,61.903
2015-02-27,61.751,62.135
2015-03-02,61.817,61.985
2015-03-03,61.942,61.758
2015-03-04,61.922,62.021
2015-03-05,62.264,61.865
2015-03-06,62.255,61.755
2015-03-09,62.397,61.11
2015-03-10,62.68,61.061
2015-03-11,62.786,60.843
2015-03-12,62.781,60.954
2015-03-13,62.448,61.22
2015-03-16,63.028,61.18
2015-03-17,62.872,61.19
2015-03-18,62.732,61.294
2015-03-19,62.76,61.146
2015-03-20,62.583,60.945
2015-03-23,62.332,61.333
2015-03-24,62.277,60.925
2015-03-25,62.327,60.788
2015-03-26,62.371,60.449
2015-03-27,62.727,60.101
2015-03-30,62.518,60.342
2015-03-31,62.626,60.305
2015-04-01,62.528,59.891
2015-04-02,62.497,59.967
2015-04-03,62.182,59.862
2015-04-06,62.182,60.175
2015-04-07,62.182,60.197
2015-04-08,62.32,60.192
2015-04-09,62.245,60.125
2015-04-10,62.198,60.135
2015-04-13,62.356,60.156
2015-04-14,62.421,60.177
2015-04-15,62.386,60.176
2015-04-16,62.372,60.233
2015-04-17,62.26,60.35
2015-04-20,62.395,60.326
2015-04-21,62.973,60.326
2015-04-22,62.906,60.326
2015-04-23,62.945,60.77
2015-04-24,63.323,61.135
2015-04-27,63.562,61.085
2015-04-28,63.568,60.695
2015-04-29,63.145,60.63
2015-04-30,63.428,60.425
2015-05-01,63.5,60.24
2015-05-04,63.5,60.24
2015-05-05,63.662,60.234
2015-05-06,63.429,60.098
2015-05-07,63.54,60.098
2015-05-08,64.156,60.065
2015-05-11,63.99,59.943
2015-05-12,63.844,60.025
2015-05-13,64.29,60.05
2015-05-14,64.01,59.623
2015-05-15,63.68,59.466
2015-05-18,63.662,59.29
2015-05-19,63.668,58.916
2015-05-20,63.699,58.476
2015-05-21,63.794,58.64
2015-05-22,63.613,58.78
2015-05-25,63.471,58.46
2015-05-26,63.56,58.508
2015-05-27,63.925,58.715
2015-05-28,64.051,58.84
2015-05-29,63.823,58.927
2015-06-01,63.8,58.974
2015-06-02,63.699,59.089
2015-06-03,63.836,59.157
2015-06-04,63.905,59.409
2015-06-05,64.006,59.372
2015-06-08,63.79,59.192
2015-06-09,64.089,59.183
2015-06-10,63.974,59.087
2015-06-11,63.874,59.213
2015-06-12,63.981,59.316
2015-06-15,64.079,59.145
2015-06-16,64.167,59.785
2015-06-17,64.309,60.17
2015-06-18,64.14,60.13
2015-06-19,63.732,60.33
2015-06-22,63.562,60.035
2015-06-23,63.526,60.194
2015-06-24,63.615,60.155
2015-06-25,63.589,60.12
2015-06-26,63.582,60.132
2015-06-29,63.601,60.18
2015-06-30,63.837,60.105
2015-07-01,63.622,60.186
2015-07-02,63.605,60.075
2015-07-03,63.513,59.555
2015-07-06,63.439,59.645
2015-07-07,63.445,59.735
2015-07-08,63.485,60.018
2015-07-09,63.597,59.793
2015-07-10,63.39,59.765
2015-07-13,63.4,60.206
2015-07-14,63.542,59.999
2015-07-15,63.34,60.05
2015-07-16,63.423,60.11
2015-07-17,63.511,60.08
2015-07-20,63.474,60.172
2015-07-21,63.655,60.34
2015-07-22,63.61,60.305
2015-07-23,63.641,60.22
2015-07-24,63.768,60.05
2015-07-27,64.119,60.13
2015-07-28,64.17,60.095
2015-07-29,63.915,60.062
2015-07-30,63.905,60.172
2015-07-31,64.041,60.09
2015-08-03,64.136,60.555
2015-08-04,64.043,61.236
2015-08-05,63.753,60.935
2015-08-06,63.755,60.88
2015-08-07,63.765,61.48
2015-08-10,63.815,61.233
2015-08-11,63.871,61.19
2015-08-12,64.205,61.136
2015-08-13,64.719,61.3
2015-08-14,65.229,61.25
2015-08-17,65.008,60.832
2015-08-18,65.315,60.866
2015-08-19,65.315,60.85
2015-08-20,65.274,60.733
2015-08-21,65.55,60.708
2015-08-24,65.903,60.671
2015-08-25,66.772,60.522
2015-08-26,66.096,60.555
2015-08-27,66.195,60.516
2015-08-28,66.045,60.451
2015-08-31,66.163,60.63
2015-09-01,66.402,60.517
2015-09-02,66.31,60.535
2015-09-03,66.194,60.69
2015-09-04,66.243,60.415
2015-09-07,66.495,60.254
2015-09-08,66.857,60.406
2015-09-09,66.502,60.249
2015-09-10,66.412,60.605
2015-09-11,66.434,60.955
2015-09-14,66.469,60.955
2015-09-15,66.362,60.782
2015-09-16,66.364,61.127
2015-09-17,66.46,61.076
2015-09-18,66.25,60.919
2015-09-21,65.674,61.043
2015-09-22,65.716,60.83
2015-09-23,65.896,60.887
2015-09-24,65.981,60.952
2015-09-25,66.239,61.0
2015-09-28,66.156,61.428
2015-09-29,66.105,61.25
2015-09-30,65.995,61.615
2015-10-01,65.59,61.874
2015-10-02,65.512,61.72
2015-10-05,65.513,61.816
2015-10-06,65.3,61.817
2015-10-07,65.382,61.48
2015-10-08,64.898,61.425
2015-10-09,65.096,61.392
2015-10-12,64.8,60.957
2015-10-13,64.752,61.335
2015-10-14,65.185,60.995
2015-10-15,64.983,61.461
2015-10-16,64.825,61.425
2015-10-19,64.867,61.858
2015-10-20,64.805,61.43
2015-10-21,65.058,61.295
2015-10-22,65.126,61.201
2015-10-23,65.126,61.226
2015-10-26,64.829,61.185
2015-10-27,64.906,61.185
2015-10-28,64.963,61.305
2015-10-29,65.001,61.232
2015-10-30,65.364,61.288
2015-11-02,65.368,61.434
2015-11-03,65.585,61.365
2015-11-04,65.728,61.405
2015-11-05,65.486,61.405
2015-11-06,65.892,61.499
2015-11-09,65.9,61.483
2015-11-10,66.423,61.636
2015-11-11,66.27,61.505
2015-11-12,66.236,61.545
2015-11-13,66.314,61.43
2015-11-16,66.146,61.52
2015-11-17,65.99,61.816
2015-11-18,66.009,61.828
2015-11-19,66.22,61.751
2015-11-20,66.23,61.994
2015-11-23,66.195,61.93
2015-11-24,66.381,61.655
2015-11-25,66.339,61.909
2015-11-26,66.301,61.892
2015-11-27,66.566,61.85
2015-11-30,66.772,61.875
2015-12-01,66.668,62.122
2015-12-02,66.521,62.039
2015-12-03,66.544,61.883
2015-12-04,66.661,61.81
2015-12-07,66.779,61.901
2015-12-08,66.733,61.785
2015-12-09,66.839,61.92
2015-12-10,66.84,61.963
2015-12-11,66.748,62.075
2015-12-14,67.006,62.411
2015-12-15,67.145,62.464
2015-12-16,66.894,63.24
2015-12-17,66.711,63.988
2015-12-18,66.267,63.622
2015-12-21,66.404,63.066
2015-12-22,66.316,63.305
2015-12-23,66.241,63.2
2015-12-24,66.21,63.292
2015-12-25,66.21,63.474
2015-12-28,66.21,63.474
2015-12-29,66.103,63.474
2015-12-30,66.331,63.676
2015-12-31,66.388,63.461
2016-01-01,66.154,63.19
2016-01-04,66.154,63.19
2016-01-05,66.633,63.356
2016-01-06,66.587,63.463
2016-01-07,66.863,63.572
2016-01-08,66.895,63.175
2016-01-11,66.68,62.568
2016-01-12,66.808,62.324
2016-01-13,66.87,62.164
2016-01-14,66.865,62.043
2016-01-15,67.43,62.189
2016-01-18,67.79,61.783
2016-01-19,67.689,61.862
2016-01-20,67.615,61.712
2016-01-21,67.996,61.707
2016-01-22,67.996,61.575
2016-01-25,67.63,61.559
2016-01-26,67.773,61.498
2016-01-27,67.897,61.427
2016-01-28,68.05,61.384
2016-01-29,68.225,61.405
2016-02-01,67.861,61.9
2016-02-02,67.907,62.019
2016-02-03,67.984,61.869
2016-02-04,68.042,61.717
2016-02-05,67.696,61.833
2016-02-08,67.654,61.739
2016-02-09,68.034,61.714
2016-02-10,68.045,62.13
2016-02-11,67.855,62.195
2016-02-12,68.437,62.355
2016-02-15,68.241,62.277
2016-02-16,68.072,62.17
2016-02-17,68.42,62.214
2016-02-18,68.499,62.189
2016-02-19,68.519,62.302
2016-02-22,68.468,62.21
2016-02-23,68.561,62.234
2016-02-24,68.538,62.315
2016-02-25,68.562,62.203
2016-02-26,68.875,61.967
2016-02-29,68.691,61.751
2016-03-01,68.316,61.751
2016-03-02,67.853,61.817
2016-03-03,67.531,61.942
2016-03-04,67.275,61.922
2016-03-07,67.084,62.255
2016-03-08,67.088,62.255
2016-03-09,67.307,62.397
2016-03-10,67.15,62.68
2016-03-11,66.928,62.786
2016-03-14,67.013,62.448
2016-03-15,67.061,62.448
2016-03-16,67.358,63.028
2016-03-17,67.235,62.872
2016-03-18,66.642,62.732
2016-03-21,66.284,62.583
2016-03-22,66.536,62.583
2016-03-23,66.679,62.332
2016-03-24,66.796,62.277
2016-03-25,66.863,62.327
2016-03-28,66.863,62.727
2016-03-29,66.863,62.727
2016-03-30,66.53,62.518
2016-03-31,66.386,62.626
2016-04-01,66.254,62.528
2016-04-04,66.351,62.182
2016-04-05,66.105,62.182
2016-04-06,66.459,62.182
2016-04-07,66.671,62.182
2016-04-08,66.626,62.32
2016-04-11,66.599,62.198
2016-04-12,66.467,62.198
2016-04-13,66.399,62.356
2016-04-14,66.604,62.421
2016-04-15,66.535,62.386
2016-04-18,66.592,62.26
2016-04-19,66.579,62.26
2016-04-20,66.552,62.395
2016-04-21,66.198,62.973
2016-04-22,66.279,62.906
2016-04-25,66.538,63.323
2016-04-26,66.601,63.323
2016-04-27,66.57,63.562
2016-04-28,66.466,63.568
2016-04-29,66.5,63.145
2016-05-02,66.384,63.5
2016-05-03,66.404,63.5
2016-05-04,66.396,63.5
2016-05-05,66.589,63.662
2016-05-06,66.504,63.429
2016-05-09,66.633,64.156
2016-05-10,66.605,64.156
2016-05-11,66.676,63.99
2016-05-12,66.609,63.844
2016-05-13,66.669,64.29
2016-05-16,66.78,63.68
2016-05-17,66.844,63.68
2016-05-18,66.821,63.662
2016-05-19,66.979,63.668
2016-05-20,67.466,63.699
2016-05-23,67.473,63.613
2016-05-24,67.522,63.613
2016-05-25,67.674,63.471
2016-05-26,67.378,63.56
2016-05-27,67.081,63.925
2016-05-30,67.037,63.823
2016-05-31,67.139,63.823
2016-06-01,67.197,63.8
2016-06-02,67.458,63.699
2016-06-03,67.302,63.836
2016-06-06,67.25,64.006
2016-06-07,66.966,64.006
2016-06-08,66.743,63.79
2016-06-09,66.55,64.089
2016-06-10,66.73,63.974
2016-06-13,66.808,63.981
2016-06-14,67.103,63.981
2016-06-15,67.31,64.079
2016-06-16,67.112,64.167
2016-06-17,67.3,64.309
2016-06-20,67.085,63.732
2016-06-21,67.356,63.732
2016-06-22,67.57,63.562
2016-06-23,67.495,63.526
2016-06-24,67.303,63.615
2016-06-27,68.005,63.582
2016-06-28,67.954,63.582
2016-06-29,67.919,63.601
2016-06-30,67.601,63.837
2016-07-01,67.519,63.622
2016-07-04,67.328,63.513
2016-07-05,67.253,63.513
2016-07-06,67.471,63.439
2016-07-07,67.421,63.445
2016-07-08,67.422,63.485
2016-07-11,67.311,63.39
2016-07-12,67.143,63.39
2016-07-13,67.095,63.4
2016-07-14,67.03,63.542
2016-07-15,66.858,63.34
2016-07-18,67.025,63.511
2016-07-19,67.2,63.511
2016-07-20,67.134,63.474
2016-07-21,67.204,63.655
2016-07-22,67.215,63.61
2016-07-25,67.076,63.768
2016-07-26,67.348,63.768
2016-07-27,67.329,64.119
2016-07-28,67.21,64.17
2016-07-29,67.046,63.915
2016-08-01,66.955,64.041
2016-08-02,66.7,64.041
2016-08-03,66.714,64.136
2016-08-04,66.895,64.043
2016-08-05,66.877,63.753
2016-08-08,66.773,63.765
2016-08-09,66.835,63.765
2016-08-10,66.888,63.815
2016-08-11,66.641,63.871
2016-08-12,66.848,64.205
2016-08-15,66.864,65.229
2016-08-16,66.886,65.229
2016-08-17,66.764,65.008
2016-08-18,66.868,65.315
2016-08-19,66.808,65.315
2016-08-22,67.177,65.55
2016-08-23,67.214,65.55
2016-08-24,67.069,65.903
2016-08-25,67.117,66.772
2016-08-26,67.048,66.096
2016-08-29,67.004,66.045
2016-08-30,67.175,66.045
2016-08-31,67.04,66.163
2016-09-01,66.974,66.402
2016-09-02,66.959,66.31
2016-09-05,66.794,66.243
2016-09-06,66.458,66.243
2016-09-07,66.492,66.495
2016-09-08,66.358,66.857
2016-09-09,66.38,66.502
2016-09-12,66.74,66.434
2016-09-13,66.907,66.434
2016-09-14,66.895,66.469
2016-09-15,66.92,66.362
2016-09-16,66.918,66.364
2016-09-19,67.02,66.25
2016-09-20,66.981,66.25
2016-09-21,67.026,65.674
2016-09-22,66.978,65.716
2016-09-23,66.624,65.896
2016-09-26,66.623,66.239
2016-09-27,66.649,66.239
2016-09-28,66.471,66.156
2016-09-29,66.452,66.105
2016-09-30,66.866,65.995
2016-10-03,66.63,65.512
2016-10-04,66.541,65.512
2016-10-05,66.485,65.513
2016-10-06,66.573,65.3
2016-10-07,66.736,65.382
2016-10-10,66.706,65.096
2016-10-11,66.516,65.096
2016-10-12,66.591,64.8
2016-10-13,66.797,64.752
2016-10-14,66.894,65.185
2016-10-17,66.75,64.825
2016-10-18,66.815,64.825
2016-10-19,66.71,64.867
2016-10-20,66.663,64.805
2016-10-21,66.798,65.058
2016-10-24,66.898,65.126
2016-10-25,66.842,65.126
2016-10-26,66.811,64.829
2016-10-27,66.843,64.906
2016-10-28,66.82,64.963
2016-10-31,66.799,65.364
2016-11-01,66.777,65.364
2016-11-02,66.705,65.368
2016-11-03,66.671,65.585
2016-11-04,66.744,65.728
2016-11-07,66.745,65.892
2016-11-08,66.755,65.892
2016-11-09,66.595,65.9
2016-11-10,66.572,66.423
2016-11-11,66.735,66.27
2016-11-14,67.251,66.314
2016-11-15,67.811,66.314
2016-11-16,67.755,66.146
2016-11-17,68.069,65.99
2016-11-18,67.869,66.009
2016-11-21,67.943,66.23
2016-11-22,68.149,66.23
2016-11-23,68.295,66.195
2016-11-24,68.736,66.381
2016-11-25,68.756,66.339
2016-11-28,68.535,66.566
2016-11-29,68.72,66.566
2016-11-30,68.699,66.772
2016-12-01,68.509,66.668
2016-12-02,68.351,66.521
2016-12-05,68.256,66.661
2016-12-06,68.165,66.661
2016-12-07,67.801,66.779
2016-12-08,67.645,66.733
2016-12-09,67.372,66.839
2016-12-12,67.564,66.748
2016-12-13,67.429,66.748
2016-12-14,67.539,67.006
2016-12-15,67.478,67.145
2016-12-16,67.801,66.894
2016-12-19,67.8,66.267
2016-12-20,67.858,66.267
2016-12-21,68.07,66.404
2016-12-22,67.88,66.316
2016-12-23,67.982,66.241
2016-12-26,67.804,66.21
2016-12-27,67.804,66.21
2016-12-28,68.016,66.21
2016-12-29,68.232,66.103
2016-12-30,68.014,66.331
2017-01-02,67.92,66.154
2017-01-03,68.14,66.154
2017-01-04,68.369,66.154
2017-01-05,68.065,66.633
2017-01-06,67.935,66.587
2017-01-09,67.989,66.895
2017-01-10,68.17,66.895
2017-01-11,68.218,66.68
2017-01-12,68.392,66.808
2017-01-13,67.98,66.87
2017-01-16,68.162,67.43
2017-01-17,68.121,67.43
2017-01-18,67.984,67.79
2017-01-19,68.113,67.689
2017-01-20,68.136,67.615
2017-01-23,68.173,67.996
2017-01-24,68.16,67.996
2017-01-25,68.095,67.63
2017-01-26,68.08,67.773
2017-01-27,68.184,67.897
2017-01-30,68.068,68.225
2017-01-31,67.951,68.225
2017-02-01,67.689,67.861
2017-02-02,67.427,67.907
2017-02-03,67.232,67.984
2017-02-06,67.321,67.696
2017-02-07,67.163,67.696
2017-02-08,67.422,67.654
2017-02-09,67.145,68.034
2017-02-10,66.741,68.045
2017-02-13,66.934,68.437
2017-02-14,66.975,68.437
2017-02-15,66.814,68.241
2017-02-16,66.888,68.072
2017-02-17,66.997,68.42
2017-02-20,67.1,68.519
2017-02-21,66.939,68.519
2017-02-22,66.936,68.468
2017-02-23,66.987,68.561
2017-02-24,66.723,68.538
2017-02-27,66.608,68.875
2017-02-28,66.697,68.875
2017-03-01,66.65,68.316
2017-03-02,66.834,67.853
2017-03-03,66.768,67.531
2017-03-06,66.817,67.275
2017-03-07,66.65,67.084
2017-03-08,66.632,67.088
2017-03-09,66.783,67.307
2017-03-10,66.724,67.15
2017-03-13,66.634,66.928
2017-03-14,66.161,67.013
2017-03-15,65.767,67.061
2017-03-16,65.664,67.358
2017-03-17,65.374,67.235
2017-03-20,65.429,66.642
2017-03-21,65.365,66.284
2017-03-22,65.259,66.536
2017-03-23,65.421,66.679
2017-03-24,65.464,66.796
2017-03-27,65.388,66.863
2017-03-28,65.035,66.863
2017-03-29,65.056,66.863
2017-03-30,64.904,66.53
2017-03-31,64.907,66.386
2017-04-03,64.911,66.254
2017-04-04,64.985,66.351
2017-04-05,65.182,66.105
2017-04-06,64.893,66.459
2017-04-07,64.518,66.671
2017-04-10,64.325,66.626
2017-04-11,64.56,66.599
2017-04-12,64.483,66.467
2017-04-13,64.677,66.399
2017-04-14,64.433,66.604
2017-04-17,64.433,66.535
2017-04-18,64.433,66.592
2017-04-19,64.602,66.579
2017-04-20,64.562,66.552
2017-04-21,64.624,66.198
2017-04-24,64.608,66.279
2017-04-25,64.448,66.538
2017-04-26,64.285,66.601
2017-04-27,64.123,66.57
2017-04-28,64.117,66.466
2017-05-01,64.284,66.5
2017-05-02,64.284,66.384
2017-05-03,64.225,66.404
2017-05-04,64.158,66.396
2017-05-05,64.186,66.589
2017-05-08,64.378,66.504
2017-05-09,64.313,66.633
2017-05-10,64.657,66.605
2017-05-11,64.546,66.676
2017-05-12,64.37,66.609
2017-05-15,64.307,66.669
2017-05-16,64.047,66.78
2017-05-17,64.065,66.844
2017-05-18,64.101,66.821
2017-05-19,65.047,66.979
2017-05-22,64.587,67.466
2017-05-23,64.535,67.473
2017-05-24,64.895,67.522
2017-05-25,64.735,67.674
2017-05-26,64.602,67.378
2017-05-29,64.503,67.081
2017-05-30,64.538,67.037
2017-05-31,64.658,67.139
2017-06-01,64.463,67.197
2017-06-02,64.466,67.458
2017-06-05,64.443,67.302
2017-06-06,64.363,67.25
2017-06-07,64.473,66.966
2017-06-08,64.347,66.743
2017-06-09,64.241,66.55
2017-06-12,64.245,66.73
2017-06-13,64.44,66.808
2017-06-14,64.36,67.103
2017-06-15,64.3,67.31
2017-06-16,64.609,67.112
2017-06-19,64.433,67.3
2017-06-20,64.422,67.085
2017-06-21,64.512,67.356
2017-06-22,64.502,67.57
2017-06-23,64.6,67.495
2017-06-26,64.532,67.303
2017-06-27,64.448,68.005
2017-06-28,64.51,67.954
2017-06-29,64.557,67.919
2017-06-30,64.587,67.601
2017-07-03,64.62,67.519
2017-07-04,64.858,67.328
2017-07-05,64.738,67.253
2017-07-06,64.797,67.471
2017-07-07,64.762,67.421
2017-07-10,64.578,67.422
2017-07-11,64.495,67.311
2017-07-12,64.59,67.143
2017-07-13,64.535,67.095
2017-07-14,64.45,67.03
2017-07-17,64.385,66.858
2017-07-18,64.345,67.025
2017-07-19,64.333,67.2
2017-07-20,64.295,67.134
2017-07-21,64.441,67.204
2017-07-24,64.339,67.215
2017-07-25,64.397,67.076
2017-07-26,64.385,67.348
2017-07-27,64.358,67.329
2017-07-28,64.155,67.21
2017-07-31,64.162,67.046
2017-08-01,64.186,66.955
2017-08-02,64.099,66.7
2017-08-03,63.68,66.714
2017-08-04,63.677,66.895
2017-08-07,63.62,66.877
2017-08-08,63.83,66.773
2017-08-09,63.641,66.835
2017-08-10,63.86,66.888
2017-08-11,64.105,66.641
2017-08-14,64.17,66.848
2017-08-15,64.117,66.864
2017-08-16,64.12,66.886
2017-08-17,64.19,66.764
2017-08-18,64.17,66.868
2017-08-21,64.145,66.808
2017-08-22,64.143,67.177
2017-08-23,64.1,67.214
2017-08-24,64.08,67.069
2017-08-25,64.032,67.117
2017-08-28,64.023,67.048
2017-08-29,63.904,67.004
2017-08-30,64.022,67.175
2017-08-31,64.025,67.04
2017-09-01,63.932,66.974
2017-09-04,64.034,66.959
2017-09-05,64.04,66.794
2017-09-06,64.128,66.458
2017-09-07,64.112,66.492
2017-09-08,64.015,66.358
2017-09-11,63.784,66.38
2017-09-12,63.911,66.74
2017-09-13,64.056,66.907
2017-09-14,64.0,66.895
2017-09-15,64.123,66.92
2017-09-18,64.083,66.918
2017-09-19,64.138,67.02
2017-09-20,64.331,66.981
2017-09-21,64.292,67.026
2017-09-22,64.805,66.978
2017-09-25,64.795,66.624
2017-09-26,65.108,66.623
2017-09-27,65.491,66.649
2017-09-28,65.712,66.471
2017-09-29,65.474,66.452
2017-10-02,65.28,66.866
2017-10-03,65.307,66.63
2017-10-04,65.504,66.541
2017-10-05,65.022,66.485
2017-10-06,65.147,66.573
2017-10-09,65.383,66.736
2017-10-10,65.352,66.706
2017-10-11,65.247,66.516
2017-10-12,65.145,66.591
2017-10-13,65.03,66.797
2017-10-16,64.955,66.894
2017-10-17,64.743,66.75
2017-10-18,65.031,66.815
2017-10-19,65.052,66.71
2017-10-20,65.028,66.663
2017-10-23,65.01,66.798
2017-10-24,65.022,66.898
2017-10-25,65.113,66.842
2017-10-26,64.925,66.811
2017-10-27,64.86,66.843
2017-10-30,65.06,66.82
2017-10-31,64.895,66.799
2017-11-01,64.75,66.777
2017-11-02,64.6,66.705
2017-11-03,64.602,66.671
2017-11-06,64.523,66.744
2017-11-07,64.673,66.745
2017-11-08,64.995,66.755
2017-11-09,64.987,66.595
2017-11-10,64.97,66.572
2017-11-13,65.162,66.735
2017-11-14,65.452,67.251
2017-11-15,65.402,67.811
2017-11-16,65.215,67.755
2017-11-17,65.322,68.069
2017-11-20,65.012,67.869
2017-11-21,65.103,67.943
2017-11-22,64.917,68.149
2017-11-23,64.9,68.295
2017-11-24,64.578,68.736
2017-11-27,64.68,68.756
2017-11-28,64.502,68.535
2017-11-29,64.418,68.72
2017-11-30,64.312,68.699
2017-12-01,64.468,68.509
2017-12-04,64.497,68.351
2017-12-05,64.399,68.256
2017-12-06,64.406,68.165
2017-12-07,64.52,67.801
2017-12-08,64.577,67.645
2017-12-11,64.451,67.372
2017-12-12,64.412,67.564
2017-12-13,64.397,67.429
2017-12-14,64.432,67.539
2017-12-15,64.37,67.478
2017-12-18,64.042,67.801
2017-12-19,64.234,67.8
2017-12-20,64.029,67.858
2017-12-21,64.118,68.07
2017-12-22,64.026,67.88
2017-12-25,64.039,67.982
2017-12-26,64.039,67.804
2017-12-27,64.039,67.804
2017-12-28,64.155,68.016
2017-12-29,64.08,68.232
2018-01-01,63.876,68.014
2018-01-02,63.876,67.92
2018-01-03,63.489,68.14
2018-01-04,63.5,68.369
2018-01-05,63.405,68.065
2018-01-08,63.37,67.935
2018-01-09,63.508,67.989
2018-01-10,63.713,68.17
2018-01-11,63.595,68.218
2018-01-12,63.688,68.392
2018-01-15,63.601,67.98
2018-01-16,63.517,68.162
2018-01-17,64.047,68.121
2018-01-18,63.928,67.984
2018-01-19,63.85,68.113
2018-01-22,63.843,68.136
2018-01-23,63.912,68.173
2018-01-24,63.775,68.16
2018-01-25,63.693,68.095
2018-01-26,63.565,68.08
2018-01-29,63.61,68.184
2018-01-30,63.58,68.068
2018-01-31,63.648,67.951
2018-02-01,63.563,67.689
2018-02-02,64.023,67.427
2018-02-05,64.057,67.232
2018-02-06,64.103,67.321
2018-02-07,64.273,67.163
2018-02-08,64.245,67.422
2018-02-09,64.293,67.145
2018-02-12,64.372,66.741
2018-02-13,64.335,66.934
2018-02-14,64.277,66.975
2018-02-15,64.072,66.814
2018-02-16,63.915,66.888
2018-02-19,64.22,66.997
2018-02-20,64.253,67.1
2018-02-21,64.832,66.939
2018-02-22,64.758,66.936
2018-02-23,65.078,66.987
2018-02-26,64.763,66.723
2018-02-27,64.775,66.608
2018-02-28,64.875,66.697
2018-03-01,65.19,66.65
2018-03-02,65.175,66.834
2018-03-05,65.237,66.768
2018-03-06,65.108,66.817
2018-03-07,64.929,66.65
2018-03-08,64.893,66.632
