Date,MXN,YTD
1999-01-05,?,?
1999-01-06,?,?
1999-01-07,?,?
1999-01-08,?,?
1999-01-11,?,?
1999-01-12,?,?
1999-01-13,?,?
1999-01-14,?,?
1999-01-15,?,?
1999-01-18,?,?
1999-01-19,?,?
1999-01-20,?,?
1999-01-21,?,?
1999-01-22,?,?
1999-01-25,?,?
1999-01-26,?,?
1999-01-27,?,?
1999-01-28,?,?
1999-01-29,?,?
1999-02-01,?,?
1999-02-02,?,?
1999-02-03,?,?
1999-02-04,?,?
1999-02-05,?,?
1999-02-08,?,?
1999-02-09,?,?
1999-02-10,?,?
1999-02-11,?,?
1999-02-12,?,?
1999-02-15,?,?
1999-02-16,?,?
1999-02-17,?,?
1999-02-18,?,?
1999-02-19,?,?
1999-02-22,?,?
1999-02-23,?,?
1999-02-24,?,?
1999-02-25,?,?
1999-02-26,?,?
1999-03-01,?,?
1999-03-02,?,?
1999-03-03,?,?
1999-03-04,?,?
1999-03-05,?,?
1999-03-08,?,?
1999-03-09,?,?
1999-03-10,?,?
1999-03-11,?,?
1999-03-12,?,?
1999-03-15,?,?
1999-03-16,?,?
1999-03-17,?,?
1999-03-18,?,?
1999-03-19,?,?
1999-03-22,?,?
1999-03-23,?,?
1999-03-24,?,?
1999-03-25,?,?
1999-03-26,?,?
1999-03-29,?,?
1999-03-30,?,?
1999-03-31,?,?
1999-04-01,?,?
1999-04-02,?,?
1999-04-05,?,?
1999-04-06,?,?
1999-04-07,?,?
1999-04-08,?,?
1999-04-09,?,?
1999-04-12,?,?
1999-04-13,?,?
1999-04-14,?,?
1999-04-15,?,?
1999-04-16,?,?
1999-04-19,?,?
1999-04-20,?,?
1999-04-21,?,?
1999-04-22,?,?
1999-04-23,?,?
1999-04-26,?,?
1999-04-27,?,?
1999-04-28,?,?
1999-04-29,?,?
1999-04-30,?,?
1999-05-03,?,?
1999-05-04,?,?
1999-05-05,?,?
1999-05-06,?,?
1999-05-07,?,?
1999-05-10,?,?
1999-05-11,?,?
1999-05-12,?,?
1999-05-13,?,?
1999-05-14,?,?
1999-05-17,?,?
1999-05-18,?,?
1999-05-19,?,?
1999-05-20,?,?
1999-05-21,?,?
1999-05-24,?,?
1999-05-25,?,?
1999-05-26,?,?
1999-05-27,?,?
1999-05-28,?,?
1999-05-31,?,?
1999-06-01,?,?
1999-06-02,?,?
1999-06-03,?,?
1999-06-04,?,?
1999-06-07,?,?
1999-06-08,?,?
1999-06-09,?,?
1999-06-10,?,?
1999-06-11,?,?
1999-06-14,?,?
1999-06-15,?,?
1999-06-16,?,?
1999-06-17,?,?
1999-06-18,?,?
1999-06-21,?,?
1999-06-22,?,?
1999-06-23,?,?
1999-06-24,?,?
1999-06-25,?,?
1999-06-28,?,?
1999-06-29,?,?
1999-06-30,?,?
1999-07-01,?,?
1999-07-02,?,?
1999-07-05,?,?
1999-07-06,?,?
1999-07-07,?,?
1999-07-08,?,?
1999-07-09,?,?
1999-07-12,?,?
1999-07-13,?,?
1999-07-14,?,?
1999-07-15,?,?
1999-07-16,?,?
1999-07-19,?,?
1999-07-20,?,?
1999-07-21,?,?
1999-07-22,?,?
1999-07-23,?,?
1999-07-26,?,?
1999-07-27,?,?
1999-07-28,?,?
1999-07-29,?,?
1999-07-30,?,?
1999-08-02,?,?
1999-08-03,?,?
1999-08-04,?,?
1999-08-05,?,?
1999-08-06,?,?
1999-08-09,?,?
1999-08-10,?,?
1999-08-11,?,?
1999-08-12,?,?
1999-08-13,?,?
1999-08-16,?,?
1999-08-17,?,?
1999-08-18,?,?
1999-08-19,?,?
1999-08-20,?,?
1999-08-23,?,?
1999-08-24,?,?
1999-08-25,?,?
1999-08-26,?,?
1999-08-27,?,?
1999-08-30,?,?
1999-08-31,?,?
1999-09-01,?,?
1999-09-02,?,?
1999-09-03,?,?
1999-09-06,?,?
1999-09-07,?,?
1999-09-08,?,?
1999-09-09,?,?
1999-09-10,?,?
1999-09-13,?,?
1999-09-14,?,?
1999-09-15,?,?
1999-09-16,?,?
1999-09-17,?,?
1999-09-20,?,?
1999-09-21,?,?
1999-09-22,?,?
1999-09-23,?,?
1999-09-24,?,?
1999-09-27,?,?
1999-09-28,?,?
1999-09-29,?,?
1999-09-30,?,?
1999-10-01,?,?
1999-10-04,?,?
1999-10-05,?,?
1999-10-06,?,?
1999-10-07,?,?
1999-10-08,?,?
1999-10-11,?,?
1999-10-12,?,?
1999-10-13,?,?
1999-10-14,?,?
1999-10-15,?,?
1999-10-18,?,?
1999-10-19,?,?
1999-10-20,?,?
1999-10-21,?,?
1999-10-22,?,?
1999-10-25,?,?
1999-10-26,?,?
1999-10-27,?,?
1999-10-28,?,?
1999-10-29,?,?
1999-11-01,?,?
1999-11-02,?,?
1999-11-03,?,?
1999-11-04,?,?
1999-11-05,?,?
1999-11-08,?,?
1999-11-09,?,?
1999-11-10,?,?
1999-11-11,?,?
1999-11-12,?,?
1999-11-15,?,?
1999-11-16,?,?
1999-11-17,?,?
1999-11-18,?,?
1999-11-19,?,?
1999-11-22,?,?
1999-11-23,?,?
1999-11-24,?,?
1999-11-25,?,?
1999-11-26,?,?
1999-11-29,?,?
1999-11-30,?,?
1999-12-01,?,?
1999-12-02,?,?
1999-12-03,?,?
1999-12-06,?,?
1999-12-07,?,?
1999-12-08,?,?
1999-12-09,?,?
1999-12-10,?,?
1999-12-13,?,?
1999-12-14,?,?
1999-12-15,?,?
1999-12-16,?,?
1999-12-17,?,?
1999-12-20,?,?
1999-12-21,?,?
1999-12-22,?,?
1999-12-23,?,?
1999-12-24,?,?
1999-12-27,?,?
1999-12-28,?,?
1999-12-29,?,?
1999-12-30,?,?
1999-12-31,?,?
2000-01-03,?,?
2000-01-04,?,?
2000-01-05,?,?
2000-01-06,?,?
2000-01-07,?,?
2000-01-10,?,?
2000-01-11,?,?
2000-01-12,?,?
2000-01-13,?,?
2000-01-14,?,?
2000-01-17,?,?
2000-01-18,?,?
2000-01-19,?,?
2000-01-20,?,?
2000-01-21,?,?
2000-01-24,?,?
2000-01-25,?,?
2000-01-26,?,?
2000-01-27,?,?
2000-01-28,?,?
2000-01-31,?,?
2000-02-01,?,?
2000-02-02,?,?
2000-02-03,?,?
2000-02-04,?,?
2000-02-07,?,?
2000-02-08,?,?
2000-02-09,?,?
2000-02-10,?,?
2000-02-11,?,?
2000-02-14,?,?
2000-02-15,?,?
2000-02-16,?,?
2000-02-17,?,?
2000-02-18,?,?
2000-02-21,?,?
2000-02-22,?,?
2000-02-23,?,?
2000-02-24,?,?
2000-02-25,?,?
2000-02-28,?,?
2000-02-29,?,?
2000-03-01,?,?
2000-03-02,?,?
2000-03-03,?,?
2000-03-06,?,?
2000-03-07,?,?
2000-03-08,?,?
2000-03-09,?,?
2000-03-10,?,?
2000-03-13,?,?
2000-03-14,?,?
2000-03-15,?,?
2000-03-16,?,?
2000-03-17,?,?
2000-03-20,?,?
2000-03-21,?,?
2000-03-22,?,?
2000-03-23,?,?
2000-03-24,?,?
2000-03-27,?,?
2000-03-28,?,?
2000-03-29,?,?
2000-03-30,?,?
2000-03-31,?,?
2000-04-03,?,?
2000-04-04,?,?
2000-04-05,?,?
2000-04-06,?,?
2000-04-07,?,?
2000-04-10,?,?
2000-04-11,?,?
2000-04-12,?,?
2000-04-13,?,?
2000-04-14,?,?
2000-04-17,?,?
2000-04-18,?,?
2000-04-19,?,?
2000-04-20,?,?
2000-04-21,?,?
2000-04-24,?,?
2000-04-25,?,?
2000-04-26,?,?
2000-04-27,?,?
2000-04-28,?,?
2000-05-01,?,?
2000-05-02,?,?
2000-05-03,?,?
2000-05-04,?,?
2000-05-05,?,?
2000-05-08,?,?
2000-05-09,?,?
2000-05-10,?,?
2000-05-11,?,?
2000-05-12,?,?
2000-05-15,?,?
2000-05-16,?,?
2000-05-17,?,?
2000-05-18,?,?
2000-05-19,?,?
2000-05-22,?,?
2000-05-23,?,?
2000-05-24,?,?
2000-05-25,?,?
2000-05-26,?,?
2000-05-29,?,?
2000-05-30,?,?
2000-05-31,?,?
2000-06-01,?,?
2000-06-02,?,?
2000-06-05,?,?
2000-06-06,?,?
2000-06-07,?,?
2000-06-08,?,?
2000-06-09,?,?
2000-06-12,?,?
2000-06-13,?,?
2000-06-14,?,?
2000-06-15,?,?
2000-06-16,?,?
2000-06-19,?,?
2000-06-20,?,?
2000-06-21,?,?
2000-06-22,?,?
2000-06-23,?,?
2000-06-26,?,?
2000-06-27,?,?
2000-06-28,?,?
2000-06-29,?,?
2000-06-30,?,?
2000-07-03,?,?
2000-07-04,?,?
2000-07-05,?,?
2000-07-06,?,?
2000-07-07,?,?
2000-07-10,?,?
2000-07-11,?,?
2000-07-12,?,?
2000-07-13,?,?
2000-07-14,?,?
2000-07-17,?,?
2000-07-18,?,?
2000-07-19,?,?
2000-07-20,?,?
2000-07-21,?,?
2000-07-24,?,?
2000-07-25,?,?
2000-07-26,?,?
2000-07-27,?,?
2000-07-28,?,?
2000-07-31,?,?
2000-08-01,?,?
2000-08-02,?,?
2000-08-03,?,?
2000-08-04,?,?
2000-08-07,?,?
2000-08-08,?,?
2000-08-09,?,?
2000-08-10,?,?
2000-08-11,?,?
2000-08-14,?,?
2000-08-15,?,?
2000-08-16,?,?
2000-08-17,?,?
2000-08-18,?,?
2000-08-21,?,?
2000-08-22,?,?
2000-08-23,?,?
2000-08-24,?,?
2000-08-25,?,?
2000-08-28,?,?
2000-08-29,?,?
2000-08-30,?,?
2000-08-31,?,?
2000-09-01,?,?
2000-09-04,?,?
2000-09-05,?,?
2000-09-06,?,?
2000-09-07,?,?
2000-09-08,?,?
2000-09-11,?,?
2000-09-12,?,?
2000-09-13,?,?
2000-09-14,?,?
2000-09-15,?,?
2000-09-18,?,?
2000-09-19,?,?
2000-09-20,?,?
2000-09-21,?,?
2000-09-22,?,?
2000-09-25,?,?
2000-09-26,?,?
2000-09-27,?,?
2000-09-28,?,?
2000-09-29,?,?
2000-10-02,?,?
2000-10-03,?,?
2000-10-04,?,?
2000-10-05,?,?
2000-10-06,?,?
2000-10-09,?,?
2000-10-10,?,?
2000-10-11,?,?
2000-10-12,?,?
2000-10-13,?,?
2000-10-16,?,?
2000-10-17,?,?
2000-10-18,?,?
2000-10-19,?,?
2000-10-20,?,?
2000-10-23,?,?
2000-10-24,?,?
2000-10-25,?,?
2000-10-26,?,?
2000-10-27,?,?
2000-10-30,?,?
2000-10-31,?,?
2000-11-01,?,?
2000-11-02,?,?
2000-11-03,?,?
2000-11-06,?,?
2000-11-07,?,?
2000-11-08,?,?
2000-11-09,?,?
2000-11-10,?,?
2000-11-13,?,?
2000-11-14,?,?
2000-11-15,?,?
2000-11-16,?,?
2000-11-17,?,?
2000-11-20,?,?
2000-11-21,?,?
2000-11-22,?,?
2000-11-23,?,?
2000-11-24,?,?
2000-11-27,?,?
2000-11-28,?,?
2000-11-29,?,?
2000-11-30,?,?
2000-12-01,?,?
2000-12-04,?,?
2000-12-05,?,?
2000-12-06,?,?
2000-12-07,?,?
2000-12-08,?,?
2000-12-11,?,?
2000-12-12,?,?
2000-12-13,?,?
2000-12-14,?,?
2000-12-15,?,?
2000-12-18,?,?
2000-12-19,?,?
2000-12-20,?,?
2000-12-21,?,?
2000-12-22,?,?
2000-12-25,?,?
2000-12-26,?,?
2000-12-27,?,?
2000-12-28,?,?
2000-12-29,?,?
2001-01-01,?,?
2001-01-02,?,?
2001-01-03,?,?
2001-01-04,?,?
2001-01-05,?,?
2001-01-08,?,?
2001-01-09,?,?
2001-01-10,?,?
2001-01-11,?,?
2001-01-12,?,?
2001-01-15,?,?
2001-01-16,?,?
2001-01-17,?,?
2001-01-18,?,?
2001-01-19,?,?
2001-01-22,?,?
2001-01-23,?,?
2001-01-24,?,?
2001-01-25,?,?
2001-01-26,?,?
2001-01-29,?,?
2001-01-30,?,?
2001-01-31,?,?
2001-02-01,?,?
2001-02-02,?,?
2001-02-05,?,?
2001-02-06,?,?
2001-02-07,?,?
2001-02-08,?,?
2001-02-09,?,?
2001-02-12,?,?
2001-02-13,?,?
2001-02-14,?,?
2001-02-15,?,?
2001-02-16,?,?
2001-02-19,?,?
2001-02-20,?,?
2001-02-21,?,?
2001-02-22,?,?
2001-02-23,?,?
2001-02-26,?,?
2001-02-27,?,?
2001-02-28,?,?
2001-03-01,?,?
2001-03-02,?,?
2001-03-05,?,?
2001-03-06,?,?
2001-03-07,?,?
2001-03-08,?,?
2001-03-09,?,?
2001-03-12,?,?
2001-03-13,?,?
2001-03-14,?,?
2001-03-15,?,?
2001-03-16,?,?
2001-03-19,?,?
2001-03-20,?,?
2001-03-21,?,?
2001-03-22,?,?
2001-03-23,?,?
2001-03-26,?,?
2001-03-27,?,?
2001-03-28,?,?
2001-03-29,?,?
2001-03-30,?,?
2001-04-02,?,?
2001-04-03,?,?
2001-04-04,?,?
2001-04-05,?,?
2001-04-06,?,?
2001-04-09,?,?
2001-04-10,?,?
2001-04-11,?,?
2001-04-12,?,?
2001-04-13,?,?
2001-04-16,?,?
2001-04-17,?,?
2001-04-18,?,?
2001-04-19,?,?
2001-04-20,?,?
2001-04-23,?,?
2001-04-24,?,?
2001-04-25,?,?
2001-04-26,?,?
2001-04-27,?,?
2001-04-30,?,?
2001-05-01,?,?
2001-05-02,?,?
2001-05-03,?,?
2001-05-04,?,?
2001-05-07,?,?
2001-05-08,?,?
2001-05-09,?,?
2001-05-10,?,?
2001-05-11,?,?
2001-05-14,?,?
2001-05-15,?,?
2001-05-16,?,?
2001-05-17,?,?
2001-05-18,?,?
2001-05-21,?,?
2001-05-22,?,?
2001-05-23,?,?
2001-05-24,?,?
2001-05-25,?,?
2001-05-28,?,?
2001-05-29,?,?
2001-05-30,?,?
2001-05-31,?,?
2001-06-01,?,?
2001-06-04,?,?
2001-06-05,?,?
2001-06-06,?,?
2001-06-07,?,?
2001-06-08,?,?
2001-06-11,?,?
2001-06-12,?,?
2001-06-13,?,?
2001-06-14,?,?
2001-06-15,?,?
2001-06-18,?,?
2001-06-19,?,?
2001-06-20,?,?
2001-06-21,?,?
2001-06-22,?,?
2001-06-25,?,?
2001-06-26,?,?
2001-06-27,?,?
2001-06-28,?,?
2001-06-29,?,?
2001-07-02,?,?
2001-07-03,?,?
2001-07-04,?,?
2001-07-05,?,?
2001-07-06,?,?
2001-07-09,?,?
2001-07-10,?,?
2001-07-11,?,?
2001-07-12,?,?
2001-07-13,?,?
2001-07-16,?,?
2001-07-17,?,?
2001-07-18,?,?
2001-07-19,?,?
2001-07-20,?,?
2001-07-23,?,?
2001-07-24,?,?
2001-07-25,?,?
2001-07-26,?,?
2001-07-27,?,?
2001-07-30,?,?
2001-07-31,?,?
2001-08-01,?,?
2001-08-02,?,?
2001-08-03,?,?
2001-08-06,?,?
2001-08-07,?,?
2001-08-08,?,?
2001-08-09,?,?
2001-08-10,?,?
2001-08-13,?,?
2001-08-14,?,?
2001-08-15,?,?
2001-08-16,?,?
2001-08-17,?,?
2001-08-20,?,?
2001-08-21,?,?
2001-08-22,?,?
2001-08-23,?,?
2001-08-24,?,?
2001-08-27,?,?
2001-08-28,?,?
2001-08-29,?,?
2001-08-30,?,?
2001-08-31,?,?
2001-09-03,?,?
2001-09-04,?,?
2001-09-05,?,?
2001-09-06,?,?
2001-09-07,?,?
2001-09-10,?,?
2001-09-11,?,?
2001-09-12,?,?
2001-09-13,?,?
2001-09-14,?,?
2001-09-17,?,?
2001-09-18,?,?
2001-09-19,?,?
2001-09-20,?,?
2001-09-21,?,?
2001-09-24,?,?
2001-09-25,?,?
2001-09-26,?,?
2001-09-27,?,?
2001-09-28,?,?
2001-10-01,?,?
2001-10-02,?,?
2001-10-03,?,?
2001-10-04,?,?
2001-10-05,?,?
2001-10-08,?,?
2001-10-09,?,?
2001-10-10,?,?
2001-10-11,?,?
2001-10-12,?,?
2001-10-15,?,?
2001-10-16,?,?
2001-10-17,?,?
2001-10-18,?,?
2001-10-19,?,?
2001-10-22,?,?
2001-10-23,?,?
2001-10-24,?,?
2001-10-25,?,?
2001-10-26,?,?
2001-10-29,?,?
2001-10-30,?,?
2001-10-31,?,?
2001-11-01,?,?
2001-11-02,?,?
2001-11-05,?,?
2001-11-06,?,?
2001-11-07,?,?
2001-11-08,?,?
2001-11-09,?,?
2001-11-12,?,?
2001-11-13,?,?
2001-11-14,?,?
2001-11-15,?,?
2001-11-16,?,?
2001-11-19,?,?
2001-11-20,?,?
2001-11-21,?,?
2001-11-22,?,?
2001-11-23,?,?
2001-11-26,?,?
2001-11-27,?,?
2001-11-28,?,?
2001-11-29,?,?
2001-11-30,?,?
2001-12-03,?,?
2001-12-04,?,?
2001-12-05,?,?
2001-12-06,?,?
2001-12-07,?,?
2001-12-10,?,?
2001-12-11,?,?
2001-12-12,?,?
2001-12-13,?,?
2001-12-14,?,?
2001-12-17,?,?
2001-12-18,?,?
2001-12-19,?,?
2001-12-20,?,?
2001-12-21,?,?
2001-12-24,?,?
2001-12-25,?,?
2001-12-26,?,?
2001-12-27,?,?
2001-12-28,?,?
2001-12-31,?,?
2002-01-01,?,?
2002-01-02,?,?
2002-01-03,?,?
2002-01-04,?,?
2002-01-07,?,?
2002-01-08,?,?
2002-01-09,?,?
2002-01-10,?,?
2002-01-11,?,?
2002-01-14,?,?
2002-01-15,?,?
2002-01-16,?,?
2002-01-17,?,?
2002-01-18,?,?
2002-01-21,?,?
2002-01-22,?,?
2002-01-23,?,?
2002-01-24,?,?
2002-01-25,?,?
2002-01-28,?,?
2002-01-29,?,?
2002-01-30,?,?
2002-01-31,?,?
2002-02-01,?,?
2002-02-04,?,?
2002-02-05,?,?
2002-02-06,?,?
2002-02-07,?,?
2002-02-08,?,?
2002-02-11,?,?
2002-02-12,?,?
2002-02-13,?,?
2002-02-14,?,?
2002-02-15,?,?
2002-02-18,?,?
2002-02-19,?,?
2002-02-20,?,?
2002-02-21,?,?
2002-02-22,?,?
2002-02-25,?,?
2002-02-26,?,?
2002-02-27,?,?
2002-02-28,?,?
2002-03-01,?,?
2002-03-04,?,?
2002-03-05,?,?
2002-03-06,?,?
2002-03-07,?,?
2002-03-08,?,?
2002-03-11,?,?
2002-03-12,?,?
2002-03-13,?,?
2002-03-14,?,?
2002-03-15,?,?
2002-03-18,?,?
2002-03-19,?,?
2002-03-20,?,?
2002-03-21,?,?
2002-03-22,?,?
2002-03-25,?,?
2002-03-26,?,?
2002-03-27,?,?
2002-03-28,?,?
2002-03-29,?,?
2002-04-01,?,?
2002-04-02,?,?
2002-04-03,?,?
2002-04-04,?,?
2002-04-05,?,?
2002-04-08,?,?
2002-04-09,?,?
2002-04-10,?,?
2002-04-11,?,?
2002-04-12,?,?
2002-04-15,?,?
2002-04-16,?,?
2002-04-17,?,?
2002-04-18,?,?
2002-04-19,?,?
2002-04-22,?,?
2002-04-23,?,?
2002-04-24,?,?
2002-04-25,?,?
2002-04-26,?,?
2002-04-29,?,?
2002-04-30,?,?
2002-05-01,?,?
2002-05-02,?,?
2002-05-03,?,?
2002-05-06,?,?
2002-05-07,?,?
2002-05-08,?,?
2002-05-09,?,?
2002-05-10,?,?
2002-05-13,?,?
2002-05-14,?,?
2002-05-15,?,?
2002-05-16,?,?
2002-05-17,?,?
2002-05-20,?,?
2002-05-21,?,?
2002-05-22,?,?
2002-05-23,?,?
2002-05-24,?,?
2002-05-27,?,?
2002-05-28,?,?
2002-05-29,?,?
2002-05-30,?,?
2002-05-31,?,?
2002-06-03,?,?
2002-06-04,?,?
2002-06-05,?,?
2002-06-06,?,?
2002-06-07,?,?
2002-06-10,?,?
2002-06-11,?,?
2002-06-12,?,?
2002-06-13,?,?
2002-06-14,?,?
2002-06-17,?,?
2002-06-18,?,?
2002-06-19,?,?
2002-06-20,?,?
2002-06-21,?,?
2002-06-24,?,?
2002-06-25,?,?
2002-06-26,?,?
2002-06-27,?,?
2002-06-28,?,?
2002-07-01,?,?
2002-07-02,?,?
2002-07-03,?,?
2002-07-04,?,?
2002-07-05,?,?
2002-07-08,?,?
2002-07-09,?,?
2002-07-10,?,?
2002-07-11,?,?
2002-07-12,?,?
2002-07-15,?,?
2002-07-16,?,?
2002-07-17,?,?
2002-07-18,?,?
2002-07-19,?,?
2002-07-22,?,?
2002-07-23,?,?
2002-07-24,?,?
2002-07-25,?,?
2002-07-26,?,?
2002-07-29,?,?
2002-07-30,?,?
2002-07-31,?,?
2002-08-01,?,?
2002-08-02,?,?
2002-08-05,?,?
2002-08-06,?,?
2002-08-07,?,?
2002-08-08,?,?
2002-08-09,?,?
2002-08-12,?,?
2002-08-13,?,?
2002-08-14,?,?
2002-08-15,?,?
2002-08-16,?,?
2002-08-19,?,?
2002-08-20,?,?
2002-08-21,?,?
2002-08-22,?,?
2002-08-23,?,?
2002-08-26,?,?
2002-08-27,?,?
2002-08-28,?,?
2002-08-29,?,?
2002-08-30,?,?
2002-09-02,?,?
2002-09-03,?,?
2002-09-04,?,?
2002-09-05,?,?
2002-09-06,?,?
2002-09-09,?,?
2002-09-10,?,?
2002-09-11,?,?
2002-09-12,?,?
2002-09-13,?,?
2002-09-16,?,?
2002-09-17,?,?
2002-09-18,?,?
2002-09-19,?,?
2002-09-20,?,?
2002-09-23,?,?
2002-09-24,?,?
2002-09-25,?,?
2002-09-26,?,?
2002-09-27,?,?
2002-09-30,?,?
2002-10-01,?,?
2002-10-02,?,?
2002-10-03,?,?
2002-10-04,?,?
2002-10-07,?,?
2002-10-08,?,?
2002-10-09,?,?
2002-10-10,?,?
2002-10-11,?,?
2002-10-14,?,?
2002-10-15,?,?
2002-10-16,?,?
2002-10-17,?,?
2002-10-18,?,?
2002-10-21,?,?
2002-10-22,?,?
2002-10-23,?,?
2002-10-24,?,?
2002-10-25,?,?
2002-10-28,?,?
2002-10-29,?,?
2002-10-30,?,?
2002-10-31,?,?
2002-11-01,?,?
2002-11-04,?,?
2002-11-05,?,?
2002-11-06,?,?
2002-11-07,?,?
2002-11-08,?,?
2002-11-11,?,?
2002-11-12,?,?
2002-11-13,?,?
2002-11-14,?,?
2002-11-15,?,?
2002-11-18,?,?
2002-11-19,?,?
2002-11-20,?,?
2002-11-21,?,?
2002-11-22,?,?
2002-11-25,?,?
2002-11-26,?,?
2002-11-27,?,?
2002-11-28,?,?
2002-11-29,?,?
2002-12-02,?,?
2002-12-03,?,?
2002-12-04,?,?
2002-12-05,?,?
2002-12-06,?,?
2002-12-09,?,?
2002-12-10,?,?
2002-12-11,?,?
2002-12-12,?,?
2002-12-13,?,?
2002-12-16,?,?
2002-12-17,?,?
2002-12-18,?,?
2002-12-19,?,?
2002-12-20,?,?
2002-12-23,?,?
2002-12-24,?,?
2002-12-25,?,?
2002-12-26,?,?
2002-12-27,?,?
2002-12-30,?,?
2002-12-31,?,?
2003-01-01,?,?
2003-01-02,?,?
2003-01-03,?,?
2003-01-06,?,?
2003-01-07,?,?
2003-01-08,?,?
2003-01-09,?,?
2003-01-10,?,?
2003-01-13,?,?
2003-01-14,?,?
2003-01-15,?,?
2003-01-16,?,?
2003-01-17,?,?
2003-01-20,?,?
2003-01-21,?,?
2003-01-22,?,?
2003-01-23,?,?
2003-01-24,?,?
2003-01-27,?,?
2003-01-28,?,?
2003-01-29,?,?
2003-01-30,?,?
2003-01-31,?,?
2003-02-03,?,?
2003-02-04,?,?
2003-02-05,?,?
2003-02-06,?,?
2003-02-07,?,?
2003-02-10,?,?
2003-02-11,?,?
2003-02-12,?,?
2003-02-13,?,?
2003-02-14,?,?
2003-02-17,?,?
2003-02-18,?,?
2003-02-19,?,?
2003-02-20,?,?
2003-02-21,?,?
2003-02-24,?,?
2003-02-25,?,?
2003-02-26,?,?
2003-02-27,?,?
2003-02-28,?,?
2003-03-03,?,?
2003-03-04,?,?
2003-03-05,?,?
2003-03-06,?,?
2003-03-07,?,?
2003-03-10,?,?
2003-03-11,?,?
2003-03-12,?,?
2003-03-13,?,?
2003-03-14,?,?
2003-03-17,?,?
2003-03-18,?,?
2003-03-19,?,?
2003-03-20,?,?
2003-03-21,?,?
2003-03-24,?,?
2003-03-25,?,?
2003-03-26,?,?
2003-03-27,?,?
2003-03-28,?,?
2003-03-31,?,?
2003-04-01,?,?
2003-04-02,?,?
2003-04-03,?,?
2003-04-04,?,?
2003-04-07,?,?
2003-04-08,?,?
2003-04-09,?,?
2003-04-10,?,?
2003-04-11,?,?
2003-04-14,?,?
2003-04-15,?,?
2003-04-16,?,?
2003-04-17,?,?
2003-04-18,?,?
2003-04-21,?,?
2003-04-22,?,?
2003-04-23,?,?
2003-04-24,?,?
2003-04-25,?,?
2003-04-28,?,?
2003-04-29,?,?
2003-04-30,?,?
2003-05-01,?,?
2003-05-02,?,?
2003-05-05,?,?
2003-05-06,?,?
2003-05-07,?,?
2003-05-08,?,?
2003-05-09,?,?
2003-05-12,?,?
2003-05-13,?,?
2003-05-14,?,?
2003-05-15,?,?
2003-05-16,?,?
2003-05-19,?,?
2003-05-20,?,?
2003-05-21,?,?
2003-05-22,?,?
2003-05-23,?,?
2003-05-26,?,?
2003-05-27,?,?
2003-05-28,?,?
2003-05-29,?,?
2003-05-30,?,?
2003-06-02,?,?
2003-06-03,?,?
2003-06-04,?,?
2003-06-05,?,?
2003-06-06,?,?
2003-06-09,?,?
2003-06-10,?,?
2003-06-11,?,?
2003-06-12,?,?
2003-06-13,?,?
2003-06-16,?,?
2003-06-17,?,?
2003-06-18,?,?
2003-06-19,?,?
2003-06-20,?,?
2003-06-23,?,?
2003-06-24,?,?
2003-06-25,?,?
2003-06-26,?,?
2003-06-27,?,?
2003-06-30,?,?
2003-07-01,?,?
2003-07-02,?,?
2003-07-03,?,?
2003-07-04,?,?
2003-07-07,?,?
2003-07-08,?,?
2003-07-09,?,?
2003-07-10,?,?
2003-07-11,?,?
2003-07-14,?,?
2003-07-15,?,?
2003-07-16,?,?
2003-07-17,?,?
2003-07-18,?,?
2003-07-21,?,?
2003-07-22,?,?
2003-07-23,?,?
2003-07-24,?,?
2003-07-25,?,?
2003-07-28,?,?
2003-07-29,?,?
2003-07-30,?,?
2003-07-31,?,?
2003-08-01,?,?
2003-08-04,?,?
2003-08-05,?,?
2003-08-06,?,?
2003-08-07,?,?
2003-08-08,?,?
2003-08-11,?,?
2003-08-12,?,?
2003-08-13,?,?
2003-08-14,?,?
2003-08-15,?,?
2003-08-18,?,?
2003-08-19,?,?
2003-08-20,?,?
2003-08-21,?,?
2003-08-22,?,?
2003-08-25,?,?
2003-08-26,?,?
2003-08-27,?,?
2003-08-28,?,?
2003-08-29,?,?
2003-09-01,?,?
2003-09-02,?,?
2003-09-03,?,?
2003-09-04,?,?
2003-09-05,?,?
2003-09-08,?,?
2003-09-09,?,?
2003-09-10,?,?
2003-09-11,?,?
2003-09-12,?,?
2003-09-15,?,?
2003-09-16,?,?
2003-09-17,?,?
2003-09-18,?,?
2003-09-19,?,?
2003-09-22,?,?
2003-09-23,?,?
2003-09-24,?,?
2003-09-25,?,?
2003-09-26,?,?
2003-09-29,?,?
2003-09-30,?,?
2003-10-01,?,?
2003-10-02,?,?
2003-10-03,?,?
2003-10-06,?,?
2003-10-07,?,?
2003-10-08,?,?
2003-10-09,?,?
2003-10-10,?,?
2003-10-13,?,?
2003-10-14,?,?
2003-10-15,?,?
2003-10-16,?,?
2003-10-17,?,?
2003-10-20,?,?
2003-10-21,?,?
2003-10-22,?,?
2003-10-23,?,?
2003-10-24,?,?
2003-10-27,?,?
2003-10-28,?,?
2003-10-29,?,?
2003-10-30,?,?
2003-10-31,?,?
2003-11-03,?,?
2003-11-04,?,?
2003-11-05,?,?
2003-11-06,?,?
2003-11-07,?,?
2003-11-10,?,?
2003-11-11,?,?
2003-11-12,?,?
2003-11-13,?,?
2003-11-14,?,?
2003-11-17,?,?
2003-11-18,?,?
2003-11-19,?,?
2003-11-20,?,?
2003-11-21,?,?
2003-11-24,?,?
2003-11-25,?,?
2003-11-26,?,?
2003-11-27,?,?
2003-11-28,?,?
2003-12-01,?,?
2003-12-02,?,?
2003-12-03,?,?
2003-12-04,?,?
2003-12-05,?,?
2003-12-08,?,?
2003-12-09,?,?
2003-12-10,?,?
2003-12-11,?,?
2003-12-12,?,?
2003-12-15,?,?
2003-12-16,?,?
2003-12-17,?,?
2003-12-18,?,?
2003-12-19,?,?
2003-12-22,?,?
2003-12-23,?,?
2003-12-24,?,?
2003-12-25,?,?
2003-12-26,?,?
2003-12-29,?,?
2003-12-30,?,?
2003-12-31,?,?
2004-01-01,?,?
2004-01-02,?,?
2004-01-05,?,?
2004-01-06,?,?
2004-01-07,?,?
2004-01-08,?,?
2004-01-09,?,?
2004-01-12,?,?
2004-01-13,?,?
2004-01-14,?,?
2004-01-15,?,?
2004-01-16,?,?
2004-01-19,?,?
2004-01-20,?,?
2004-01-21,?,?
2004-01-22,?,?
2004-01-23,?,?
2004-01-26,?,?
2004-01-27,?,?
2004-01-28,?,?
2004-01-29,?,?
2004-01-30,?,?
2004-02-02,?,?
2004-02-03,?,?
2004-02-04,?,?
2004-02-05,?,?
2004-02-06,?,?
2004-02-09,?,?
2004-02-10,?,?
2004-02-11,?,?
2004-02-12,?,?
2004-02-13,?,?
2004-02-16,?,?
2004-02-17,?,?
2004-02-18,?,?
2004-02-19,?,?
2004-02-20,?,?
2004-02-23,?,?
2004-02-24,?,?
2004-02-25,?,?
2004-02-26,?,?
2004-02-27,?,?
2004-03-01,?,?
2004-03-02,?,?
2004-03-03,?,?
2004-03-04,?,?
2004-03-05,?,?
2004-03-08,?,?
2004-03-09,?,?
2004-03-10,?,?
2004-03-11,?,?
2004-03-12,?,?
2004-03-15,?,?
2004-03-16,?,?
2004-03-17,?,?
2004-03-18,?,?
2004-03-19,?,?
2004-03-22,?,?
2004-03-23,?,?
2004-03-24,?,?
2004-03-25,?,?
2004-03-26,?,?
2004-03-29,?,?
2004-03-30,?,?
2004-03-31,?,?
2004-04-01,?,?
2004-04-02,?,?
2004-04-05,?,?
2004-04-06,?,?
2004-04-07,?,?
2004-04-08,?,?
2004-04-09,?,?
2004-04-12,?,?
2004-04-13,?,?
2004-04-14,?,?
2004-04-15,?,?
2004-04-16,?,?
2004-04-19,?,?
2004-04-20,?,?
2004-04-21,?,?
2004-04-22,?,?
2004-04-23,?,?
2004-04-26,?,?
2004-04-27,?,?
2004-04-28,?,?
2004-04-29,?,?
2004-04-30,?,?
2004-05-03,?,?
2004-05-04,?,?
2004-05-05,?,?
2004-05-06,?,?
2004-05-07,?,?
2004-05-10,?,?
2004-05-11,?,?
2004-05-12,?,?
2004-05-13,?,?
2004-05-14,?,?
2004-05-17,?,?
2004-05-18,?,?
2004-05-19,?,?
2004-05-20,?,?
2004-05-21,?,?
2004-05-24,?,?
2004-05-25,?,?
2004-05-26,?,?
2004-05-27,?,?
2004-05-28,?,?
2004-05-31,?,?
2004-06-01,?,?
2004-06-02,?,?
2004-06-03,?,?
2004-06-04,?,?
2004-06-07,?,?
2004-06-08,?,?
2004-06-09,?,?
2004-06-10,?,?
2004-06-11,?,?
2004-06-14,?,?
2004-06-15,?,?
2004-06-16,?,?
2004-06-17,?,?
2004-06-18,?,?
2004-06-21,?,?
2004-06-22,?,?
2004-06-23,?,?
2004-06-24,?,?
2004-06-25,?,?
2004-06-28,?,?
2004-06-29,?,?
2004-06-30,?,?
2004-07-01,?,?
2004-07-02,?,?
2004-07-05,?,?
2004-07-06,?,?
2004-07-07,?,?
2004-07-08,?,?
2004-07-09,?,?
2004-07-12,?,?
2004-07-13,?,?
2004-07-14,?,?
2004-07-15,?,?
2004-07-16,?,?
2004-07-19,?,?
2004-07-20,?,?
2004-07-21,?,?
2004-07-22,?,?
2004-07-23,?,?
2004-07-26,?,?
2004-07-27,?,?
2004-07-28,?,?
2004-07-29,?,?
2004-07-30,?,?
2004-08-02,?,?
2004-08-03,?,?
2004-08-04,?,?
2004-08-05,?,?
2004-08-06,?,?
2004-08-09,?,?
2004-08-10,?,?
2004-08-11,?,?
2004-08-12,?,?
2004-08-13,?,?
2004-08-16,?,?
2004-08-17,?,?
2004-08-18,?,?
2004-08-19,?,?
2004-08-20,?,?
2004-08-23,?,?
2004-08-24,?,?
2004-08-25,?,?
2004-08-26,?,?
2004-08-27,?,?
2004-08-30,?,?
2004-08-31,?,?
2004-09-01,?,?
2004-09-02,?,?
2004-09-03,?,?
2004-09-06,?,?
2004-09-07,?,?
2004-09-08,?,?
2004-09-09,?,?
2004-09-10,?,?
2004-09-13,?,?
2004-09-14,?,?
2004-09-15,?,?
2004-09-16,?,?
2004-09-17,?,?
2004-09-20,?,?
2004-09-21,?,?
2004-09-22,?,?
2004-09-23,?,?
2004-09-24,?,?
2004-09-27,?,?
2004-09-28,?,?
2004-09-29,?,?
2004-09-30,?,?
2004-10-01,?,?
2004-10-04,?,?
2004-10-05,?,?
2004-10-06,?,?
2004-10-07,?,?
2004-10-08,?,?
2004-10-11,?,?
2004-10-12,?,?
2004-10-13,?,?
2004-10-14,?,?
2004-10-15,?,?
2004-10-18,?,?
2004-10-19,?,?
2004-10-20,?,?
2004-10-21,?,?
2004-10-22,?,?
2004-10-25,?,?
2004-10-26,?,?
2004-10-27,?,?
2004-10-28,?,?
2004-10-29,?,?
2004-11-01,?,?
2004-11-02,?,?
2004-11-03,?,?
2004-11-04,?,?
2004-11-05,?,?
2004-11-08,?,?
2004-11-09,?,?
2004-11-10,?,?
2004-11-11,?,?
2004-11-12,?,?
2004-11-15,?,?
2004-11-16,?,?
2004-11-17,?,?
2004-11-18,?,?
2004-11-19,?,?
2004-11-22,?,?
2004-11-23,?,?
2004-11-24,?,?
2004-11-25,?,?
2004-11-26,?,?
2004-11-29,?,?
2004-11-30,?,?
2004-12-01,?,?
2004-12-02,?,?
2004-12-03,?,?
2004-12-06,?,?
2004-12-07,?,?
2004-12-08,?,?
2004-12-09,?,?
2004-12-10,?,?
2004-12-13,?,?
2004-12-14,?,?
2004-12-15,?,?
2004-12-16,?,?
2004-12-17,?,?
2004-12-20,?,?
2004-12-21,?,?
2004-12-22,?,?
2004-12-23,?,?
2004-12-24,?,?
2004-12-27,?,?
2004-12-28,?,?
2004-12-29,?,?
2004-12-30,?,?
2004-12-31,?,?
2005-01-03,?,?
2005-01-04,?,?
2005-01-05,?,?
2005-01-06,?,?
2005-01-07,?,?
2005-01-10,?,?
2005-01-11,?,?
2005-01-12,?,?
2005-01-13,?,?
2005-01-14,?,?
2005-01-17,?,?
2005-01-18,?,?
2005-01-19,?,?
2005-01-20,?,?
2005-01-21,?,?
2005-01-24,?,?
2005-01-25,?,?
2005-01-26,?,?
2005-01-27,?,?
2005-01-28,?,?
2005-01-31,?,?
2005-02-01,?,?
2005-02-02,?,?
2005-02-03,?,?
2005-02-04,?,?
2005-02-07,?,?
2005-02-08,?,?
2005-02-09,?,?
2005-02-10,?,?
2005-02-11,?,?
2005-02-14,?,?
2005-02-15,?,?
2005-02-16,?,?
2005-02-17,?,?
2005-02-18,?,?
2005-02-21,?,?
2005-02-22,?,?
2005-02-23,?,?
2005-02-24,?,?
2005-02-25,?,?
2005-02-28,?,?
2005-03-01,?,?
2005-03-02,?,?
2005-03-03,?,?
2005-03-04,?,?
2005-03-07,?,?
2005-03-08,?,?
2005-03-09,?,?
2005-03-10,?,?
2005-03-11,?,?
2005-03-14,?,?
2005-03-15,?,?
2005-03-16,?,?
2005-03-17,?,?
2005-03-18,?,?
2005-03-21,?,?
2005-03-22,?,?
2005-03-23,?,?
2005-03-24,?,?
2005-03-25,?,?
2005-03-28,?,?
2005-03-29,?,?
2005-03-30,?,?
2005-03-31,?,?
2005-04-01,?,?
2005-04-04,?,?
2005-04-05,?,?
2005-04-06,?,?
2005-04-07,?,?
2005-04-08,?,?
2005-04-11,?,?
2005-04-12,?,?
2005-04-13,?,?
2005-04-14,?,?
2005-04-15,?,?
2005-04-18,?,?
2005-04-19,?,?
2005-04-20,?,?
2005-04-21,?,?
2005-04-22,?,?
2005-04-25,?,?
2005-04-26,?,?
2005-04-27,?,?
2005-04-28,?,?
2005-04-29,?,?
2005-05-02,?,?
2005-05-03,?,?
2005-05-04,?,?
2005-05-05,?,?
2005-05-06,?,?
2005-05-09,?,?
2005-05-10,?,?
2005-05-11,?,?
2005-05-12,?,?
2005-05-13,?,?
2005-05-16,?,?
2005-05-17,?,?
2005-05-18,?,?
2005-05-19,?,?
2005-05-20,?,?
2005-05-23,?,?
2005-05-24,?,?
2005-05-25,?,?
2005-05-26,?,?
2005-05-27,?,?
2005-05-30,?,?
2005-05-31,?,?
2005-06-01,?,?
2005-06-02,?,?
2005-06-03,?,?
2005-06-06,?,?
2005-06-07,?,?
2005-06-08,?,?
2005-06-09,?,?
2005-06-10,?,?
2005-06-13,?,?
2005-06-14,?,?
2005-06-15,?,?
2005-06-16,?,?
2005-06-17,?,?
2005-06-20,?,?
2005-06-21,?,?
2005-06-22,?,?
2005-06-23,?,?
2005-06-24,?,?
2005-06-27,?,?
2005-06-28,?,?
2005-06-29,?,?
2005-06-30,?,?
2005-07-01,?,?
2005-07-04,?,?
2005-07-05,?,?
2005-07-06,?,?
2005-07-07,?,?
2005-07-08,?,?
2005-07-11,?,?
2005-07-12,?,?
2005-07-13,?,?
2005-07-14,?,?
2005-07-15,?,?
2005-07-18,?,?
2005-07-19,?,?
2005-07-20,?,?
2005-07-21,?,?
2005-07-22,?,?
2005-07-25,?,?
2005-07-26,?,?
2005-07-27,?,?
2005-07-28,?,?
2005-07-29,?,?
2005-08-01,?,?
2005-08-02,?,?
2005-08-03,?,?
2005-08-04,?,?
2005-08-05,?,?
2005-08-08,?,?
2005-08-09,?,?
2005-08-10,?,?
2005-08-11,?,?
2005-08-12,?,?
2005-08-15,?,?
2005-08-16,?,?
2005-08-17,?,?
2005-08-18,?,?
2005-08-19,?,?
2005-08-22,?,?
2005-08-23,?,?
2005-08-24,?,?
2005-08-25,?,?
2005-08-26,?,?
2005-08-29,?,?
2005-08-30,?,?
2005-08-31,?,?
2005-09-01,?,?
2005-09-02,?,?
2005-09-05,?,?
2005-09-06,?,?
2005-09-07,?,?
2005-09-08,?,?
2005-09-09,?,?
2005-09-12,?,?
2005-09-13,?,?
2005-09-14,?,?
2005-09-15,?,?
2005-09-16,?,?
2005-09-19,?,?
2005-09-20,?,?
2005-09-21,?,?
2005-09-22,?,?
2005-09-23,?,?
2005-09-26,?,?
2005-09-27,?,?
2005-09-28,?,?
2005-09-29,?,?
2005-09-30,?,?
2005-10-03,?,?
2005-10-04,?,?
2005-10-05,?,?
2005-10-06,?,?
2005-10-07,?,?
2005-10-10,?,?
2005-10-11,?,?
2005-10-12,?,?
2005-10-13,?,?
2005-10-14,?,?
2005-10-17,?,?
2005-10-18,?,?
2005-10-19,?,?
2005-10-20,?,?
2005-10-21,?,?
2005-10-24,?,?
2005-10-25,?,?
2005-10-26,?,?
2005-10-27,?,?
2005-10-28,?,?
2005-10-31,?,?
2005-11-01,?,?
2005-11-02,?,?
2005-11-03,?,?
2005-11-04,?,?
2005-11-07,?,?
2005-11-08,?,?
2005-11-09,?,?
2005-11-10,?,?
2005-11-11,?,?
2005-11-14,?,?
2005-11-15,?,?
2005-11-16,?,?
2005-11-17,?,?
2005-11-18,?,?
2005-11-21,?,?
2005-11-22,?,?
2005-11-23,?,?
2005-11-24,?,?
2005-11-25,?,?
2005-11-28,?,?
2005-11-29,?,?
2005-11-30,?,?
2005-12-01,?,?
2005-12-02,?,?
2005-12-05,?,?
2005-12-06,?,?
2005-12-07,?,?
2005-12-08,?,?
2005-12-09,?,?
2005-12-12,?,?
2005-12-13,?,?
2005-12-14,?,?
2005-12-15,?,?
2005-12-16,?,?
2005-12-19,?,?
2005-12-20,?,?
2005-12-21,?,?
2005-12-22,?,?
2005-12-23,?,?
2005-12-26,?,?
2005-12-27,?,?
2005-12-28,?,?
2005-12-29,?,?
2005-12-30,?,?
2006-01-02,?,?
2006-01-03,?,?
2006-01-04,?,?
2006-01-05,?,?
2006-01-06,?,?
2006-01-09,?,?
2006-01-10,?,?
2006-01-11,?,?
2006-01-12,?,?
2006-01-13,?,?
2006-01-16,?,?
2006-01-17,?,?
2006-01-18,?,?
2006-01-19,?,?
2006-01-20,?,?
2006-01-23,?,?
2006-01-24,?,?
2006-01-25,?,?
2006-01-26,?,?
2006-01-27,?,?
2006-01-30,?,?
2006-01-31,?,?
2006-02-01,?,?
2006-02-02,?,?
2006-02-03,?,?
2006-02-06,?,?
2006-02-07,?,?
2006-02-08,?,?
2006-02-09,?,?
2006-02-10,?,?
2006-02-13,?,?
2006-02-14,?,?
2006-02-15,?,?
2006-02-16,?,?
2006-02-17,?,?
2006-02-20,?,?
2006-02-21,?,?
2006-02-22,?,?
2006-02-23,?,?
2006-02-24,?,?
2006-02-27,?,?
2006-02-28,?,?
2006-03-01,?,?
2006-03-02,?,?
2006-03-03,?,?
2006-03-06,?,?
2006-03-07,?,?
2006-03-08,?,?
2006-03-09,?,?
2006-03-10,?,?
2006-03-13,?,?
2006-03-14,?,?
2006-03-15,?,?
2006-03-16,?,?
2006-03-17,?,?
2006-03-20,?,?
2006-03-21,?,?
2006-03-22,?,?
2006-03-23,?,?
2006-03-24,?,?
2006-03-27,?,?
2006-03-28,?,?
2006-03-29,?,?
2006-03-30,?,?
2006-03-31,?,?
2006-04-03,?,?
2006-04-04,?,?
2006-04-05,?,?
2006-04-06,?,?
2006-04-07,?,?
2006-04-10,?,?
2006-04-11,?,?
2006-04-12,?,?
2006-04-13,?,?
2006-04-14,?,?
2006-04-17,?,?
2006-04-18,?,?
2006-04-19,?,?
2006-04-20,?,?
2006-04-21,?,?
2006-04-24,?,?
2006-04-25,?,?
2006-04-26,?,?
2006-04-27,?,?
2006-04-28,?,?
2006-05-01,?,?
2006-05-02,?,?
2006-05-03,?,?
2006-05-04,?,?
2006-05-05,?,?
2006-05-08,?,?
2006-05-09,?,?
2006-05-10,?,?
2006-05-11,?,?
2006-05-12,?,?
2006-05-15,?,?
2006-05-16,?,?
2006-05-17,?,?
2006-05-18,?,?
2006-05-19,?,?
2006-05-22,?,?
2006-05-23,?,?
2006-05-24,?,?
2006-05-25,?,?
2006-05-26,?,?
2006-05-29,?,?
2006-05-30,?,?
2006-05-31,?,?
2006-06-01,?,?
2006-06-02,?,?
2006-06-05,?,?
2006-06-06,?,?
2006-06-07,?,?
2006-06-08,?,?
2006-06-09,?,?
2006-06-12,?,?
2006-06-13,?,?
2006-06-14,?,?
2006-06-15,?,?
2006-06-16,?,?
2006-06-19,?,?
2006-06-20,?,?
2006-06-21,?,?
2006-06-22,?,?
2006-06-23,?,?
2006-06-26,?,?
2006-06-27,?,?
2006-06-28,?,?
2006-06-29,?,?
2006-06-30,?,?
2006-07-03,?,?
2006-07-04,?,?
2006-07-05,?,?
2006-07-06,?,?
2006-07-07,?,?
2006-07-10,?,?
2006-07-11,?,?
2006-07-12,?,?
2006-07-13,?,?
2006-07-14,?,?
2006-07-17,?,?
2006-07-18,?,?
2006-07-19,?,?
2006-07-20,?,?
2006-07-21,?,?
2006-07-24,?,?
2006-07-25,?,?
2006-07-26,?,?
2006-07-27,?,?
2006-07-28,?,?
2006-07-31,?,?
2006-08-01,?,?
2006-08-02,?,?
2006-08-03,?,?
2006-08-04,?,?
2006-08-07,?,?
2006-08-08,?,?
2006-08-09,?,?
2006-08-10,?,?
2006-08-11,?,?
2006-08-14,?,?
2006-08-15,?,?
2006-08-16,?,?
2006-08-17,?,?
2006-08-18,?,?
2006-08-21,?,?
2006-08-22,?,?
2006-08-23,?,?
2006-08-24,?,?
2006-08-25,?,?
2006-08-28,?,?
2006-08-29,?,?
2006-08-30,?,?
2006-08-31,?,?
2006-09-01,?,?
2006-09-04,?,?
2006-09-05,?,?
2006-09-06,?,?
2006-09-07,?,?
2006-09-08,?,?
2006-09-11,?,?
2006-09-12,?,?
2006-09-13,?,?
2006-09-14,?,?
2006-09-15,?,?
2006-09-18,?,?
2006-09-19,?,?
2006-09-20,?,?
2006-09-21,?,?
2006-09-22,?,?
2006-09-25,?,?
2006-09-26,?,?
2006-09-27,?,?
2006-09-28,?,?
2006-09-29,?,?
2006-10-02,?,?
2006-10-03,?,?
2006-10-04,?,?
2006-10-05,?,?
2006-10-06,?,?
2006-10-09,?,?
2006-10-10,?,?
2006-10-11,?,?
2006-10-12,?,?
2006-10-13,?,?
2006-10-16,?,?
2006-10-17,?,?
2006-10-18,?,?
2006-10-19,?,?
2006-10-20,?,?
2006-10-23,?,?
2006-10-24,?,?
2006-10-25,?,?
2006-10-26,?,?
2006-10-27,?,?
2006-10-30,?,?
2006-10-31,?,?
2006-11-01,?,?
2006-11-02,?,?
2006-11-03,?,?
2006-11-06,?,?
2006-11-07,?,?
2006-11-08,?,?
2006-11-09,?,?
2006-11-10,?,?
2006-11-13,?,?
2006-11-14,?,?
2006-11-15,?,?
2006-11-16,?,?
2006-11-17,?,?
2006-11-20,?,?
2006-11-21,?,?
2006-11-22,?,?
2006-11-23,?,?
2006-11-24,?,?
2006-11-27,?,?
2006-11-28,?,?
2006-11-29,?,?
2006-11-30,?,?
2006-12-01,?,?
2006-12-04,?,?
2006-12-05,?,?
2006-12-06,?,?
2006-12-07,?,?
2006-12-08,?,?
2006-12-11,?,?
2006-12-12,?,?
2006-12-13,?,?
2006-12-14,?,?
2006-12-15,?,?
2006-12-18,?,?
2006-12-19,?,?
2006-12-20,?,?
2006-12-21,?,?
2006-12-22,?,?
2006-12-25,?,?
2006-12-26,?,?
2006-12-27,?,?
2006-12-28,?,?
2006-12-29,?,?
2007-01-01,?,?
2007-01-02,?,?
2007-01-03,?,?
2007-01-04,?,?
2007-01-05,?,?
2007-01-08,?,?
2007-01-09,?,?
2007-01-10,?,?
2007-01-11,?,?
2007-01-12,?,?
2007-01-15,?,?
2007-01-16,?,?
2007-01-17,?,?
2007-01-18,?,?
2007-01-19,?,?
2007-01-22,?,?
2007-01-23,?,?
2007-01-24,?,?
2007-01-25,?,?
2007-01-26,?,?
2007-01-29,?,?
2007-01-30,?,?
2007-01-31,?,?
2007-02-01,?,?
2007-02-02,?,?
2007-02-05,?,?
2007-02-06,?,?
2007-02-07,?,?
2007-02-08,?,?
2007-02-09,?,?
2007-02-12,?,?
2007-02-13,?,?
2007-02-14,?,?
2007-02-15,?,?
2007-02-16,?,?
2007-02-19,?,?
2007-02-20,?,?
2007-02-21,?,?
2007-02-22,?,?
2007-02-23,?,?
2007-02-26,?,?
2007-02-27,?,?
2007-02-28,?,?
2007-03-01,?,?
2007-03-02,?,?
2007-03-05,?,?
2007-03-06,?,?
2007-03-07,?,?
2007-03-08,?,?
2007-03-09,?,?
2007-03-12,?,?
2007-03-13,?,?
2007-03-14,?,?
2007-03-15,?,?
2007-03-16,?,?
2007-03-19,?,?
2007-03-20,?,?
2007-03-21,?,?
2007-03-22,?,?
2007-03-23,?,?
2007-03-26,?,?
2007-03-27,?,?
2007-03-28,?,?
2007-03-29,?,?
2007-03-30,?,?
2007-04-02,?,?
2007-04-03,?,?
2007-04-04,?,?
2007-04-05,?,?
2007-04-06,?,?
2007-04-09,?,?
2007-04-10,?,?
2007-04-11,?,?
2007-04-12,?,?
2007-04-13,?,?
2007-04-16,?,?
2007-04-17,?,?
2007-04-18,?,?
2007-04-19,?,?
2007-04-20,?,?
2007-04-23,?,?
2007-04-24,?,?
2007-04-25,?,?
2007-04-26,?,?
2007-04-27,?,?
2007-04-30,?,?
2007-05-01,?,?
2007-05-02,?,?
2007-05-03,?,?
2007-05-04,?,?
2007-05-07,?,?
2007-05-08,?,?
2007-05-09,?,?
2007-05-10,?,?
2007-05-11,?,?
2007-05-14,?,?
2007-05-15,?,?
2007-05-16,?,?
2007-05-17,?,?
2007-05-18,?,?
2007-05-21,?,?
2007-05-22,?,?
2007-05-23,?,?
2007-05-24,?,?
2007-05-25,?,?
2007-05-28,?,?
2007-05-29,?,?
2007-05-30,?,?
2007-05-31,?,?
2007-06-01,?,?
2007-06-04,?,?
2007-06-05,?,?
2007-06-06,?,?
2007-06-07,?,?
2007-06-08,?,?
2007-06-11,?,?
2007-06-12,?,?
2007-06-13,?,?
2007-06-14,?,?
2007-06-15,?,?
2007-06-18,?,?
2007-06-19,?,?
2007-06-20,?,?
2007-06-21,?,?
2007-06-22,?,?
2007-06-25,?,?
2007-06-26,?,?
2007-06-27,?,?
2007-06-28,?,?
2007-06-29,?,?
2007-07-02,?,?
2007-07-03,?,?
2007-07-04,?,?
2007-07-05,?,?
2007-07-06,?,?
2007-07-09,?,?
2007-07-10,?,?
2007-07-11,?,?
2007-07-12,?,?
2007-07-13,?,?
2007-07-16,?,?
2007-07-17,?,?
2007-07-18,?,?
2007-07-19,?,?
2007-07-20,?,?
2007-07-23,?,?
2007-07-24,?,?
2007-07-25,?,?
2007-07-26,?,?
2007-07-27,?,?
2007-07-30,?,?
2007-07-31,?,?
2007-08-01,?,?
2007-08-02,?,?
2007-08-03,?,?
2007-08-06,?,?
2007-08-07,?,?
2007-08-08,?,?
2007-08-09,?,?
2007-08-10,?,?
2007-08-13,?,?
2007-08-14,?,?
2007-08-15,?,?
2007-08-16,?,?
2007-08-17,?,?
2007-08-20,?,?
2007-08-21,?,?
2007-08-22,?,?
2007-08-23,?,?
2007-08-24,?,?
2007-08-27,?,?
2007-08-28,?,?
2007-08-29,?,?
2007-08-30,?,?
2007-08-31,?,?
2007-09-03,?,?
2007-09-04,?,?
2007-09-05,?,?
2007-09-06,?,?
2007-09-07,?,?
2007-09-10,?,?
2007-09-11,?,?
2007-09-12,?,?
2007-09-13,?,?
2007-09-14,?,?
2007-09-17,?,?
2007-09-18,?,?
2007-09-19,?,?
2007-09-20,?,?
2007-09-21,?,?
2007-09-24,?,?
2007-09-25,?,?
2007-09-26,?,?
2007-09-27,?,?
2007-09-28,?,?
2007-10-01,?,?
2007-10-02,?,?
2007-10-03,?,?
2007-10-04,?,?
2007-10-05,?,?
2007-10-08,?,?
2007-10-09,?,?
2007-10-10,?,?
2007-10-11,?,?
2007-10-12,?,?
2007-10-15,?,?
2007-10-16,?,?
2007-10-17,?,?
2007-10-18,?,?
2007-10-19,?,?
2007-10-22,?,?
2007-10-23,?,?
2007-10-24,?,?
2007-10-25,?,?
2007-10-26,?,?
2007-10-29,?,?
2007-10-30,?,?
2007-10-31,?,?
2007-11-01,?,?
2007-11-02,?,?
2007-11-05,?,?
2007-11-06,?,?
2007-11-07,?,?
2007-11-08,?,?
2007-11-09,?,?
2007-11-12,?,?
2007-11-13,?,?
2007-11-14,?,?
2007-11-15,?,?
2007-11-16,?,?
2007-11-19,?,?
2007-11-20,?,?
2007-11-21,?,?
2007-11-22,?,?
2007-11-23,?,?
2007-11-26,?,?
2007-11-27,?,?
2007-11-28,?,?
2007-11-29,?,?
2007-11-30,?,?
2007-12-03,?,?
2007-12-04,?,?
2007-12-05,?,?
2007-12-06,?,?
2007-12-07,?,?
2007-12-10,?,?
2007-12-11,?,?
2007-12-12,?,?
2007-12-13,?,?
2007-12-14,?,?
2007-12-17,?,?
2007-12-18,?,?
2007-12-19,?,?
2007-12-20,?,?
2007-12-21,?,?
2007-12-24,?,?
2007-12-25,?,?
2007-12-26,?,?
2007-12-27,?,?
2007-12-28,?,?
2007-12-31,?,?
2008-01-01,?,?
2008-01-02,?,?
2008-01-03,10.903,?
2008-01-04,10.921,?
2008-01-07,10.876,?
2008-01-08,10.926,?
2008-01-09,10.874,?
2008-01-10,10.928,?
2008-01-11,10.951,?
2008-01-14,10.947,?
2008-01-15,10.933,?
2008-01-16,10.911,?
2008-01-17,10.955,?
2008-01-18,10.946,?
2008-01-21,10.922,?
2008-01-22,10.97,?
2008-01-23,10.983,?
2008-01-24,10.954,?
2008-01-25,10.91,?
2008-01-28,10.883,?
2008-01-29,10.895,?
2008-01-30,10.858,?
2008-01-31,10.843,?
2008-02-01,10.833,?
2008-02-04,10.802,?
2008-02-05,10.792,?
2008-02-06,10.803,?
2008-02-07,10.832,?
2008-02-08,10.834,?
2008-02-11,10.781,?
2008-02-12,10.757,?
2008-02-13,10.751,?
2008-02-14,10.76,?
2008-02-15,10.735,?
2008-02-18,10.761,?
2008-02-19,10.744,?
2008-02-20,10.737,?
2008-02-21,10.785,?
2008-02-22,10.772,?
2008-02-25,10.789,?
2008-02-26,10.763,?
2008-02-27,10.764,?
2008-02-28,10.737,?
2008-02-29,10.693,?
2008-03-03,10.705,?
2008-03-04,10.716,?
2008-03-05,10.692,?
2008-03-06,10.706,?
2008-03-07,10.715,?
2008-03-10,10.843,?
2008-03-11,10.827,?
2008-03-12,10.793,?
2008-03-13,10.788,?
2008-03-14,10.788,?
2008-03-17,10.732,?
2008-03-18,10.793,?
2008-03-19,10.732,?
2008-03-20,10.667,?
2008-03-21,10.722,?
2008-03-24,10.722,?
2008-03-25,10.722,?
2008-03-26,10.692,?
2008-03-27,10.684,?
2008-03-28,10.69,?
2008-03-31,10.702,?
2008-04-01,10.687,?
2008-04-02,10.633,?
2008-04-03,10.555,?
2008-04-04,10.57,?
2008-04-07,10.543,?
2008-04-08,10.54,?
2008-04-09,10.554,?
2008-04-10,10.558,?
2008-04-11,10.575,?
2008-04-14,10.546,?
2008-04-15,10.537,?
2008-04-16,10.459,?
2008-04-17,10.448,?
2008-04-18,10.476,?
2008-04-21,10.444,?
2008-04-22,10.477,?
2008-04-23,10.526,?
2008-04-24,10.473,?
2008-04-25,10.476,?
2008-04-28,10.46,?
2008-04-29,10.445,?
2008-04-30,10.498,?
2008-05-01,10.528,?
2008-05-02,10.528,?
2008-05-05,10.485,?
2008-05-06,10.47,?
2008-05-07,10.478,?
2008-05-08,10.522,?
2008-05-09,10.558,?
2008-05-12,10.571,?
2008-05-13,10.548,?
2008-05-14,10.482,?
2008-05-15,10.504,?
2008-05-16,10.477,?
2008-05-19,10.438,?
2008-05-20,10.395,?
2008-05-21,10.386,?
2008-05-22,10.374,?
2008-05-23,10.39,?
2008-05-26,10.377,?
2008-05-27,10.382,?
2008-05-28,10.399,?
2008-05-29,10.361,?
2008-05-30,10.311,?
2008-06-02,10.324,?
2008-06-03,10.345,?
2008-06-04,10.305,?
2008-06-05,10.32,?
2008-06-06,10.31,?
2008-06-09,10.287,?
2008-06-10,10.38,?
2008-06-11,10.37,?
2008-06-12,10.414,?
2008-06-13,10.407,?
2008-06-16,10.383,?
2008-06-17,10.341,?
2008-06-18,10.3,?
2008-06-19,10.292,?
2008-06-20,10.319,?
2008-06-23,10.314,?
2008-06-24,10.267,?
2008-06-25,10.348,?
2008-06-26,10.288,?
2008-06-27,10.28,?
2008-06-30,10.307,?
2008-07-01,10.296,?
2008-07-02,10.344,?
2008-07-03,10.369,?
2008-07-04,10.397,?
2008-07-07,10.359,?
2008-07-08,10.323,?
2008-07-09,10.337,?
2008-07-10,10.297,?
2008-07-11,10.304,?
2008-07-14,10.318,?
2008-07-15,10.286,?
2008-07-16,10.328,?
2008-07-17,10.293,?
2008-07-18,10.221,?
2008-07-21,10.209,?
2008-07-22,10.166,?
2008-07-23,10.135,?
2008-07-24,10.048,?
2008-07-25,10.022,?
2008-07-28,10.011,?
2008-07-29,10.088,?
2008-07-30,10.057,?
2008-07-31,10.053,?
2008-08-01,10.017,?
2008-08-04,10.021,?
2008-08-05,9.9396,?
2008-08-06,9.9006,?
2008-08-07,9.9147,?
2008-08-08,9.9431,?
2008-08-11,10.125,?
2008-08-12,10.14,?
2008-08-13,10.149,?
2008-08-14,10.17,?
2008-08-15,10.147,?
2008-08-18,10.185,?
2008-08-19,10.163,?
2008-08-20,10.2,?
2008-08-21,10.117,?
2008-08-22,10.12,?
2008-08-25,10.101,?
2008-08-26,10.116,?
2008-08-27,10.181,?
2008-08-28,10.133,?
2008-08-29,10.144,?
2008-09-01,10.254,?
2008-09-02,10.302,?
2008-09-03,10.368,?
2008-09-04,10.401,?
2008-09-05,10.418,?
2008-09-08,10.548,?
2008-09-09,10.408,?
2008-09-10,10.477,?
2008-09-11,10.59,?
2008-09-12,10.671,?
2008-09-15,10.616,?
2008-09-16,10.745,?
2008-09-17,10.752,?
2008-09-18,10.699,?
2008-09-19,10.775,?
2008-09-22,10.678,?
2008-09-23,10.583,?
2008-09-24,10.67,?
2008-09-25,10.763,?
2008-09-26,10.828,?
2008-09-29,10.825,?
2008-09-30,10.844,?
2008-10-01,10.986,?
2008-10-02,10.935,?
2008-10-03,11.053,?
2008-10-06,11.275,?
2008-10-07,11.331,?
2008-10-08,11.89,?
2008-10-09,12.77,?
2008-10-10,12.155,?
2008-10-13,13.6,?
2008-10-14,12.641,?
2008-10-15,11.882,?
2008-10-16,12.43,?
2008-10-17,13.5,?
2008-10-20,12.905,?
2008-10-21,12.79,?
2008-10-22,13.2,?
2008-10-23,13.58,?
2008-10-24,14.2,?
2008-10-27,13.85,?
2008-10-28,13.185,?
2008-10-29,13.21,?
2008-10-30,13.01,?
2008-10-31,12.81,?
2008-11-03,12.675,?
2008-11-04,12.77,?
2008-11-05,12.6,?
2008-11-06,12.58,?
2008-11-07,12.79,?
2008-11-10,12.98,?
2008-11-11,12.645,?
2008-11-12,12.89,?
2008-11-13,13.05,?
2008-11-14,12.945,?
2008-11-17,12.97,?
2008-11-18,13.07,?
2008-11-19,13.18,?
2008-11-20,13.2,?
2008-11-21,13.475,?
2008-11-24,14.0,?
2008-11-25,13.51,?
2008-11-26,13.426,?
2008-11-27,13.37,?
2008-11-28,13.18,?
2008-12-01,13.302,?
2008-12-02,13.69,?
2008-12-03,13.56,?
2008-12-04,13.595,?
2008-12-05,13.655,?
2008-12-08,13.668,?
2008-12-09,13.475,?
2008-12-10,13.47,?
2008-12-11,13.515,?
2008-12-12,13.289,?
2008-12-15,13.397,?
2008-12-16,13.645,?
2008-12-17,13.343,?
2008-12-18,13.12,?
2008-12-19,13.17,?
2008-12-22,13.145,?
2008-12-23,13.13,?
2008-12-24,13.185,?
2008-12-25,13.34,?
2008-12-26,13.34,?
2008-12-29,13.34,?
2008-12-30,13.445,?
2008-12-31,13.7,?
2009-01-01,13.82,?
2009-01-02,13.82,?
2009-01-05,13.827,10.921
2009-01-06,13.642,10.921
2009-01-07,13.348,10.876
2009-01-08,13.44,10.926
2009-01-09,13.516,10.874
2009-01-12,13.715,10.951
2009-01-13,13.72,10.951
2009-01-14,13.894,10.947
2009-01-15,13.87,10.933
2009-01-16,14.23,10.911
2009-01-19,13.83,10.946
2009-01-20,13.973,10.946
2009-01-21,14.07,10.922
2009-01-22,13.95,10.97
2009-01-23,13.781,10.983
2009-01-26,14.18,10.91
2009-01-27,13.95,10.91
2009-01-28,14.05,10.883
2009-01-29,14.099,10.895
2009-01-30,14.115,10.858
2009-02-02,14.375,10.833
2009-02-03,14.485,10.833
2009-02-04,14.508,10.802
2009-02-05,14.58,10.792
2009-02-06,14.44,10.803
2009-02-09,14.322,10.834
2009-02-10,14.12,10.834
2009-02-11,14.22,10.781
2009-02-12,14.575,10.757
2009-02-13,14.6,10.751
2009-02-16,14.345,10.735
2009-02-17,14.575,10.735
2009-02-18,14.601,10.761
2009-02-19,14.635,10.744
2009-02-20,14.535,10.737
2009-02-23,14.77,10.772
2009-02-24,14.737,10.772
2009-02-25,14.925,10.789
2009-02-26,14.825,10.763
2009-02-27,14.898,10.764
2009-03-02,15.139,10.693
2009-03-03,15.381,10.705
2009-03-04,15.27,10.716
2009-03-05,15.227,10.692
2009-03-06,15.285,10.706
2009-03-09,15.31,10.715
2009-03-10,15.328,10.843
2009-03-11,15.38,10.827
2009-03-12,15.185,10.793
2009-03-13,15.08,10.788
2009-03-16,14.68,10.788
2009-03-17,14.365,10.732
2009-03-18,14.213,10.793
2009-03-19,14.1,10.732
2009-03-20,13.804,10.667
2009-03-23,14.171,10.722
2009-03-24,14.14,10.722
2009-03-25,14.336,10.722
2009-03-26,14.37,10.692
2009-03-27,14.149,10.684
2009-03-30,14.378,10.69
2009-03-31,14.524,10.702
2009-04-01,14.098,10.687
2009-04-02,14.035,10.633
2009-04-03,13.76,10.555
2009-04-06,13.742,10.57
2009-04-07,13.485,10.543
2009-04-08,13.755,10.54
2009-04-09,13.455,10.554
2009-04-10,13.252,10.558
2009-04-13,13.252,10.575
2009-04-14,13.252,10.546
2009-04-15,13.08,10.537
2009-04-16,13.235,10.459
2009-04-17,13.027,10.448
2009-04-20,13.066,10.476
2009-04-21,13.29,10.444
2009-04-22,13.43,10.477
2009-04-23,13.168,10.526
2009-04-24,13.212,10.473
2009-04-27,13.102,10.476
2009-04-28,13.71,10.46
2009-04-29,14.073,10.445
2009-04-30,13.679,10.498
2009-05-01,13.782,10.528
2009-05-04,13.782,10.528
2009-05-05,13.774,10.485
2009-05-06,13.25,10.47
2009-05-07,13.284,10.478
2009-05-08,12.99,10.522
2009-05-11,13.07,10.558
2009-05-12,13.156,10.571
2009-05-13,13.175,10.548
2009-05-14,13.34,10.482
2009-05-15,13.308,10.504
2009-05-18,13.272,10.477
2009-05-19,13.216,10.438
2009-05-20,12.915,10.395
2009-05-21,12.925,10.386
2009-05-22,13.066,10.374
2009-05-25,13.153,10.39
2009-05-26,13.16,10.377
2009-05-27,13.187,10.382
2009-05-28,13.17,10.399
2009-05-29,13.22,10.361
2009-06-01,13.076,10.311
2009-06-02,13.082,10.324
2009-06-03,13.255,10.345
2009-06-04,13.207,10.305
2009-06-05,13.365,10.32
2009-06-08,13.195,10.31
2009-06-09,13.367,10.287
2009-06-10,13.394,10.38
2009-06-11,13.555,10.37
2009-06-12,13.635,10.414
2009-06-15,13.395,10.407
2009-06-16,13.5,10.383
2009-06-17,13.32,10.341
2009-06-18,13.496,10.3
2009-06-19,13.43,10.292
2009-06-22,13.33,10.319
2009-06-23,13.454,10.314
2009-06-24,13.262,10.267
2009-06-25,13.283,10.348
2009-06-26,13.242,10.288
2009-06-29,13.157,10.28
2009-06-30,13.183,10.307
2009-07-01,13.127,10.296
2009-07-02,13.141,10.344
2009-07-03,13.125,10.369
2009-07-06,13.23,10.397
2009-07-07,13.347,10.359
2009-07-08,13.204,10.323
2009-07-09,13.453,10.337
2009-07-10,13.468,10.297
2009-07-13,13.69,10.304
2009-07-14,13.709,10.318
2009-07-15,13.675,10.286
2009-07-16,13.687,10.328
2009-07-17,13.576,10.293
2009-07-20,13.61,10.221
2009-07-21,13.215,10.209
2009-07-22,13.26,10.166
2009-07-23,13.268,10.135
2009-07-24,13.19,10.048
2009-07-27,13.183,10.022
2009-07-28,13.155,10.011
2009-07-29,13.257,10.088
2009-07-30,13.27,10.057
2009-07-31,13.27,10.053
2009-08-03,13.204,10.017
2009-08-04,13.118,10.021
2009-08-05,13.159,9.9396
2009-08-06,13.121,9.9006
2009-08-07,13.021,9.9147
2009-08-10,13.03,9.9431
2009-08-11,12.895,10.125
2009-08-12,12.985,10.14
2009-08-13,13.07,10.149
2009-08-14,12.841,10.17
2009-08-17,12.84,10.147
2009-08-18,13.01,10.185
2009-08-19,12.94,10.163
2009-08-20,12.982,10.2
2009-08-21,12.829,10.117
2009-08-24,12.837,10.12
2009-08-25,12.8,10.101
2009-08-26,12.905,10.116
2009-08-27,13.025,10.181
2009-08-28,13.143,10.133
2009-08-31,13.24,10.144
2009-09-01,13.33,10.254
2009-09-02,13.437,10.302
2009-09-03,13.64,10.368
2009-09-04,13.542,10.401
2009-09-07,13.537,10.418
2009-09-08,13.387,10.548
2009-09-09,13.295,10.408
2009-09-10,13.338,10.477
2009-09-11,13.488,10.59
2009-09-14,13.415,10.671
2009-09-15,13.415,10.616
2009-09-16,13.34,10.745
2009-09-17,13.229,10.752
2009-09-18,13.199,10.699
2009-09-21,13.257,10.775
2009-09-22,13.325,10.678
2009-09-23,13.295,10.583
2009-09-24,13.384,10.67
2009-09-25,13.353,10.763
2009-09-28,13.494,10.828
2009-09-29,13.577,10.825
2009-09-30,13.58,10.844
2009-10-01,13.484,10.986
2009-10-02,13.564,10.935
2009-10-05,13.768,11.053
2009-10-06,13.615,11.275
2009-10-07,13.543,11.331
2009-10-08,13.516,11.89
2009-10-09,13.32,12.77
2009-10-12,13.26,12.155
2009-10-13,13.192,13.6
2009-10-14,13.18,12.641
2009-10-15,13.07,11.882
2009-10-16,13.112,12.43
2009-10-19,13.14,13.5
2009-10-20,13.07,12.905
2009-10-21,12.835,12.79
2009-10-22,13.04,13.2
2009-10-23,12.953,13.58
2009-10-26,12.9,14.2
2009-10-27,13.034,13.85
2009-10-28,13.255,13.185
2009-10-29,13.244,13.21
2009-10-30,13.196,13.01
2009-11-02,13.055,12.81
2009-11-03,13.198,12.675
2009-11-04,13.321,12.77
2009-11-05,13.245,12.6
2009-11-06,13.28,12.58
2009-11-09,13.315,12.79
2009-11-10,13.39,12.98
2009-11-11,13.334,12.645
2009-11-12,13.122,12.89
2009-11-13,13.188,13.05
2009-11-16,13.173,12.945
2009-11-17,12.99,12.97
2009-11-18,13.014,13.07
2009-11-19,12.967,13.18
2009-11-20,13.074,13.2
2009-11-23,13.09,13.475
2009-11-24,13.007,14.0
2009-11-25,12.909,13.51
2009-11-26,12.859,13.426
2009-11-27,12.886,13.37
2009-11-30,12.978,13.18
2009-12-01,12.912,13.302
2009-12-02,12.875,13.69
2009-12-03,12.81,13.56
2009-12-04,12.665,13.595
2009-12-07,12.568,13.655
2009-12-08,12.7,13.668
2009-12-09,12.756,13.475
2009-12-10,12.925,13.47
2009-12-11,12.92,13.515
2009-12-14,12.885,13.289
2009-12-15,12.881,13.397
2009-12-16,12.795,13.645
2009-12-17,12.675,13.343
2009-12-18,12.827,13.12
2009-12-21,12.919,13.17
2009-12-22,12.796,13.145
2009-12-23,12.935,13.13
2009-12-24,12.87,13.185
2009-12-25,12.886,13.34
2009-12-28,12.886,13.34
2009-12-29,12.842,13.34
2009-12-30,13.03,13.445
2009-12-31,13.035,13.7
2010-01-01,13.135,13.82
2010-01-04,13.135,13.82
2010-01-05,12.972,13.827
2010-01-06,12.798,13.642
2010-01-07,12.805,13.348
2010-01-08,12.793,13.44
2010-01-11,12.749,13.516
2010-01-12,12.634,13.715
2010-01-13,12.775,13.72
2010-01-14,12.75,13.894
2010-01-15,12.76,13.87
2010-01-18,12.717,14.23
2010-01-19,12.682,13.83
2010-01-20,12.719,13.973
2010-01-21,12.692,14.07
2010-01-22,12.71,13.95
2010-01-25,12.988,13.781
2010-01-26,12.899,14.18
2010-01-27,12.913,13.95
2010-01-28,12.884,14.05
2010-01-29,12.942,14.099
2010-02-01,13.025,14.115
2010-02-02,13.038,14.375
2010-02-03,12.882,14.485
2010-02-04,12.88,14.508
2010-02-05,12.978,14.58
2010-02-08,13.174,14.44
2010-02-09,13.172,14.322
2010-02-10,13.128,14.12
2010-02-11,13.06,14.22
2010-02-12,13.075,14.575
2010-02-15,13.01,14.6
2010-02-16,12.924,14.345
2010-02-17,12.905,14.575
2010-02-18,12.825,14.601
2010-02-19,12.866,14.635
2010-02-22,12.87,14.535
2010-02-23,12.753,14.77
2010-02-24,12.83,14.737
2010-02-25,12.893,14.925
2010-02-26,12.825,14.825
2010-03-01,12.796,14.898
2010-03-02,12.753,15.139
2010-03-03,12.703,15.381
2010-03-04,12.73,15.27
2010-03-05,12.701,15.227
2010-03-08,12.675,15.285
2010-03-09,12.615,15.31
2010-03-10,12.692,15.328
2010-03-11,12.616,15.38
2010-03-12,12.591,15.185
2010-03-15,12.542,15.08
2010-03-16,12.554,14.68
2010-03-17,12.526,14.365
2010-03-18,12.488,14.213
2010-03-19,12.466,14.1
2010-03-22,12.516,13.804
2010-03-23,12.667,14.171
2010-03-24,12.517,14.14
2010-03-25,12.527,14.336
2010-03-26,12.523,14.37
2010-03-29,12.54,14.149
2010-03-30,12.444,14.378
2010-03-31,12.412,14.524
2010-04-01,12.358,14.098
2010-04-02,12.34,14.035
2010-04-05,12.34,13.76
2010-04-06,12.34,13.742
2010-04-07,12.254,13.485
2010-04-08,12.25,13.755
2010-04-09,12.323,13.455
2010-04-12,12.192,13.252
2010-04-13,12.217,13.252
2010-04-14,12.191,13.252
2010-04-15,12.148,13.08
2010-04-16,12.235,13.235
2010-04-19,12.185,13.027
2010-04-20,12.321,13.066
2010-04-21,12.209,13.29
2010-04-22,12.212,13.43
2010-04-23,12.212,13.168
2010-04-26,12.187,13.212
2010-04-27,12.141,13.102
2010-04-28,12.194,13.71
2010-04-29,12.328,14.073
2010-04-30,12.27,13.679
2010-05-03,12.201,13.782
2010-05-04,12.288,13.782
2010-05-05,12.358,13.774
2010-05-06,12.596,13.25
2010-05-07,12.76,13.284
2010-05-10,12.921,12.99
2010-05-11,12.497,13.07
2010-05-12,12.557,13.156
2010-05-13,12.428,13.175
2010-05-14,12.34,13.34
2010-05-17,12.47,13.308
2010-05-18,12.678,13.272
2010-05-19,12.528,13.216
2010-05-20,12.84,12.915
2010-05-21,13.064,12.925
2010-05-24,13.106,13.066
2010-05-25,13.005,13.153
2010-05-26,13.278,13.16
2010-05-27,12.937,13.187
2010-05-28,12.921,13.17
2010-05-31,12.775,13.22
2010-06-01,12.905,13.076
2010-06-02,12.99,13.082
2010-06-03,12.901,13.255
2010-06-04,12.736,13.207
2010-06-07,12.823,13.365
2010-06-08,12.94,13.195
2010-06-09,12.91,13.367
2010-06-10,12.84,13.394
2010-06-11,12.808,13.555
2010-06-14,12.692,13.635
2010-06-15,12.573,13.395
2010-06-16,12.656,13.5
2010-06-17,12.637,13.32
2010-06-18,12.553,13.496
2010-06-21,12.565,13.43
2010-06-22,12.469,13.33
2010-06-23,12.56,13.454
2010-06-24,12.585,13.262
2010-06-25,12.714,13.283
2010-06-28,12.704,13.242
2010-06-29,12.645,13.157
2010-06-30,12.837,13.183
2010-07-01,12.824,13.127
2010-07-02,12.945,13.141
2010-07-05,13.06,13.125
2010-07-06,13.127,13.23
2010-07-07,12.992,13.347
2010-07-08,13.032,13.204
2010-07-09,12.848,13.453
2010-07-12,12.777,13.468
2010-07-13,12.771,13.69
2010-07-14,12.785,13.709
2010-07-15,12.707,13.675
2010-07-16,12.66,13.687
2010-07-19,12.818,13.576
2010-07-20,12.897,13.61
2010-07-21,12.952,13.215
2010-07-22,12.735,13.26
2010-07-23,12.798,13.268
2010-07-26,12.743,13.19
2010-07-27,12.723,13.183
2010-07-28,12.617,13.155
2010-07-29,12.672,13.257
2010-07-30,12.67,13.27
2010-08-02,12.722,13.27
2010-08-03,12.578,13.204
2010-08-04,12.59,13.118
2010-08-05,12.59,13.159
2010-08-06,12.495,13.121
2010-08-09,12.587,13.021
2010-08-10,12.683,13.03
2010-08-11,12.689,12.895
2010-08-12,12.704,12.985
2010-08-13,12.791,13.07
2010-08-16,12.74,12.841
2010-08-17,12.712,12.84
2010-08-18,12.617,13.01
2010-08-19,12.568,12.94
2010-08-20,12.601,12.982
2010-08-23,12.759,12.829
2010-08-24,12.748,12.837
2010-08-25,12.991,12.8
2010-08-26,13.042,12.905
2010-08-27,12.974,13.025
2010-08-30,13.094,13.143
2010-08-31,13.054,13.24
2010-09-01,13.235,13.33
2010-09-02,13.135,13.437
2010-09-03,13.07,13.64
2010-09-06,13.047,13.542
2010-09-07,12.944,13.537
2010-09-08,13.038,13.387
2010-09-09,13.03,13.295
2010-09-10,12.994,13.338
2010-09-13,12.959,13.488
2010-09-14,12.862,13.415
2010-09-15,12.877,13.415
2010-09-16,12.826,13.34
2010-09-17,12.789,13.229
2010-09-20,12.793,13.199
2010-09-21,12.775,13.257
2010-09-22,12.76,13.325
2010-09-23,12.69,13.295
2010-09-24,12.668,13.384
2010-09-27,12.573,13.353
2010-09-28,12.5,13.494
2010-09-29,12.544,13.577
2010-09-30,12.449,13.58
2010-10-01,12.548,13.484
2010-10-04,12.527,13.564
2010-10-05,12.554,13.768
2010-10-06,12.551,13.615
2010-10-07,12.475,13.543
2010-10-08,12.464,13.516
2010-10-11,12.566,13.32
2010-10-12,12.404,13.26
2010-10-13,12.46,13.192
2010-10-14,12.387,13.18
2010-10-15,12.341,13.07
2010-10-18,12.391,13.112
2010-10-19,12.501,13.14
2010-10-20,12.455,13.07
2010-10-21,12.464,12.835
2010-10-22,12.352,13.04
2010-10-25,12.374,12.953
2010-10-26,12.282,12.9
2010-10-27,12.397,13.034
2010-10-28,12.45,13.255
2010-10-29,12.408,13.244
2010-11-01,12.379,13.196
2010-11-02,12.347,13.055
2010-11-03,12.3,13.198
2010-11-04,12.285,13.321
2010-11-05,12.219,13.245
2010-11-08,12.224,13.28
2010-11-09,12.248,13.315
2010-11-10,12.174,13.39
2010-11-11,12.292,13.334
2010-11-12,12.246,13.122
2010-11-15,12.247,13.188
2010-11-16,12.315,13.173
2010-11-17,12.296,12.99
2010-11-18,12.397,13.014
2010-11-19,12.3,12.967
2010-11-22,12.301,13.074
2010-11-23,12.28,13.09
2010-11-24,12.393,13.007
2010-11-25,12.433,12.909
2010-11-26,12.347,12.859
2010-11-29,12.495,12.886
2010-11-30,12.522,12.978
2010-12-01,12.555,12.912
2010-12-02,12.368,12.875
2010-12-03,12.391,12.81
2010-12-06,12.335,12.665
2010-12-07,12.384,12.568
2010-12-08,12.329,12.7
2010-12-09,12.533,12.756
2010-12-10,12.421,12.925
2010-12-13,12.455,12.92
2010-12-14,12.435,12.885
2010-12-15,12.394,12.881
2010-12-16,12.408,12.795
2010-12-17,12.424,12.675
2010-12-20,12.428,12.827
2010-12-21,12.407,12.919
2010-12-22,12.392,12.796
2010-12-23,12.35,12.935
2010-12-24,12.326,12.87
2010-12-27,12.36,12.886
2010-12-28,12.348,12.886
2010-12-29,12.328,12.842
2010-12-30,12.384,13.03
2010-12-31,12.385,13.035
2011-01-03,12.384,13.135
2011-01-04,12.31,13.135
2011-01-05,12.193,12.972
2011-01-06,12.259,12.798
2011-01-07,12.18,12.805
2011-01-10,12.219,12.793
2011-01-11,12.262,12.749
2011-01-12,12.203,12.634
2011-01-13,12.089,12.775
2011-01-14,12.068,12.75
2011-01-17,12.173,12.76
2011-01-18,12.029,12.717
2011-01-19,11.969,12.682
2011-01-20,12.015,12.719
2011-01-21,12.113,12.692
2011-01-24,12.066,12.71
2011-01-25,12.048,12.988
2011-01-26,12.106,12.899
2011-01-27,12.053,12.913
2011-01-28,11.998,12.884
2011-01-31,12.042,12.942
2011-02-01,12.155,13.025
2011-02-02,12.095,13.038
2011-02-03,12.024,12.882
2011-02-04,12.036,12.88
2011-02-07,11.998,12.978
2011-02-08,11.97,13.174
2011-02-09,12.018,13.172
2011-02-10,12.065,13.128
2011-02-11,12.138,13.06
2011-02-14,12.09,13.075
2011-02-15,12.048,13.01
2011-02-16,12.037,12.924
2011-02-17,12.125,12.905
2011-02-18,12.063,12.825
2011-02-21,12.001,12.866
2011-02-22,12.038,12.87
2011-02-23,12.115,12.753
2011-02-24,12.108,12.83
2011-02-25,12.197,12.893
2011-02-28,12.11,12.825
2011-03-01,12.097,12.796
2011-03-02,12.093,12.753
2011-03-03,12.124,12.703
2011-03-04,12.063,12.73
2011-03-07,11.983,12.701
2011-03-08,11.998,12.675
2011-03-09,12.074,12.615
2011-03-10,11.984,12.692
2011-03-11,11.938,12.616
2011-03-14,12.007,12.591
2011-03-15,11.928,12.542
2011-03-16,12.074,12.554
2011-03-17,12.03,12.526
2011-03-18,12.099,12.488
2011-03-21,12.042,12.466
2011-03-22,11.99,12.516
2011-03-23,11.977,12.667
2011-03-24,12.001,12.517
2011-03-25,11.975,12.527
2011-03-28,11.951,12.523
2011-03-29,11.993,12.54
2011-03-30,11.972,12.444
2011-03-31,11.918,12.412
2011-04-01,11.915,12.358
2011-04-04,11.878,12.34
2011-04-05,11.833,12.34
2011-04-06,11.87,12.34
2011-04-07,11.79,12.254
2011-04-08,11.793,12.25
2011-04-11,11.734,12.323
2011-04-12,11.753,12.192
2011-04-13,11.77,12.217
2011-04-14,11.8,12.191
2011-04-15,11.8,12.148
2011-04-18,11.733,12.235
2011-04-19,11.71,12.185
2011-04-20,11.705,12.321
2011-04-21,11.629,12.209
2011-04-22,11.613,12.212
2011-04-25,11.613,12.212
2011-04-26,11.613,12.187
2011-04-27,11.597,12.141
2011-04-28,11.571,12.194
2011-04-29,11.545,12.328
2011-05-02,11.52,12.27
2011-05-03,11.519,12.201
2011-05-04,11.576,12.288
2011-05-05,11.569,12.358
2011-05-06,11.69,12.596
2011-05-09,11.689,12.76
2011-05-10,11.605,12.921
2011-05-11,11.599,12.497
2011-05-12,11.562,12.557
2011-05-13,11.712,12.428
2011-05-16,11.631,12.34
2011-05-17,11.75,12.47
2011-05-18,11.753,12.678
2011-05-19,11.731,12.528
2011-05-20,11.676,12.84
2011-05-23,11.636,13.064
2011-05-24,11.725,13.106
2011-05-25,11.714,13.005
2011-05-26,11.718,13.278
2011-05-27,11.654,12.937
2011-05-30,11.642,12.921
2011-05-31,11.614,12.775
2011-06-01,11.576,12.905
2011-06-02,11.575,12.99
2011-06-03,11.675,12.901
2011-06-06,11.652,12.736
2011-06-07,11.702,12.823
2011-06-08,11.714,12.94
2011-06-09,11.825,12.91
2011-06-10,11.833,12.84
2011-06-13,11.783,12.808
2011-06-14,11.887,12.692
2011-06-15,11.836,12.573
2011-06-16,11.842,12.656
2011-06-17,11.997,12.637
2011-06-20,11.9,12.553
2011-06-21,11.936,12.565
2011-06-22,11.835,12.469
2011-06-23,11.785,12.56
2011-06-24,11.848,12.585
2011-06-27,11.876,12.714
2011-06-28,11.915,12.704
2011-06-29,11.896,12.645
2011-06-30,11.782,12.837
2011-07-01,11.746,12.824
2011-07-04,11.683,12.945
2011-07-05,11.606,13.06
2011-07-06,11.617,13.127
2011-07-07,11.673,12.992
2011-07-08,11.614,13.032
2011-07-11,11.55,12.848
2011-07-12,11.724,12.777
2011-07-13,11.821,12.771
2011-07-14,11.75,12.785
2011-07-15,11.676,12.707
2011-07-18,11.7,12.66
2011-07-19,11.781,12.818
2011-07-20,11.706,12.897
2011-07-21,11.645,12.952
2011-07-22,11.645,12.735
2011-07-25,11.609,12.798
2011-07-26,11.666,12.743
2011-07-27,11.614,12.723
2011-07-28,11.639,12.617
2011-07-29,11.654,12.672
2011-08-01,11.748,12.67
2011-08-02,11.65,12.722
2011-08-03,11.801,12.578
2011-08-04,11.82,12.59
2011-08-05,11.935,12.59
2011-08-08,12.033,12.495
2011-08-09,12.142,12.587
2011-08-10,12.433,12.683
2011-08-11,12.117,12.689
2011-08-12,12.488,12.704
2011-08-15,12.291,12.791
2011-08-16,12.256,12.74
2011-08-17,12.3,12.712
2011-08-18,12.15,12.617
2011-08-19,12.335,12.568
2011-08-22,12.247,12.601
2011-08-23,12.24,12.759
2011-08-24,12.292,12.748
2011-08-25,12.431,12.991
2011-08-26,12.438,13.042
2011-08-29,12.536,12.974
2011-08-30,12.42,13.094
2011-08-31,12.515,13.054
2011-09-01,12.47,13.235
2011-09-02,12.345,13.135
2011-09-05,12.338,13.07
2011-09-06,12.548,13.047
2011-09-07,12.537,12.944
2011-09-08,12.451,13.038
2011-09-09,12.483,13.03
2011-09-12,12.601,12.994
2011-09-13,12.753,12.959
2011-09-14,12.838,12.862
2011-09-15,12.868,12.877
2011-09-16,12.872,12.826
2011-09-19,12.993,12.789
2011-09-20,13.178,12.793
2011-09-21,13.072,12.775
2011-09-22,13.435,12.76
2011-09-23,13.886,12.69
2011-09-26,14.065,12.668
2011-09-27,13.49,12.573
2011-09-28,13.349,12.5
2011-09-29,13.397,12.544
2011-09-30,13.489,12.449
2011-10-03,13.77,12.548
2011-10-04,13.895,12.527
2011-10-05,14.024,12.554
2011-10-06,13.734,12.551
2011-10-07,13.611,12.475
2011-10-10,13.439,12.464
2011-10-11,13.295,12.566
2011-10-12,13.337,12.404
2011-10-13,13.254,12.46
2011-10-14,13.34,12.387
2011-10-17,13.335,12.341
2011-10-18,13.274,12.391
2011-10-19,13.541,12.501
2011-10-20,13.37,12.455
2011-10-21,13.412,12.464
2011-10-24,13.71,12.352
2011-10-25,13.629,12.374
2011-10-26,13.34,12.282
2011-10-27,13.465,12.397
2011-10-28,13.208,12.45
2011-10-31,13.125,12.408
2011-11-01,13.13,12.379
2011-11-02,13.713,12.347
2011-11-03,13.506,12.3
2011-11-04,13.328,12.285
2011-11-07,13.383,12.219
2011-11-08,13.5,12.224
2011-11-09,13.38,12.248
2011-11-10,13.535,12.174
2011-11-11,13.553,12.292
2011-11-14,13.494,12.246
2011-11-15,13.524,12.247
2011-11-16,13.58,12.315
2011-11-17,13.594,12.296
2011-11-18,13.695,12.397
2011-11-21,13.66,12.3
2011-11-22,13.915,12.301
2011-11-23,14.0,12.28
2011-11-24,14.07,12.393
2011-11-25,14.077,12.433
2011-11-28,14.275,12.347
2011-11-29,14.04,12.495
2011-11-30,13.958,12.522
2011-12-01,13.572,12.555
2011-12-02,13.564,12.368
2011-12-05,13.501,12.391
2011-12-06,13.481,12.335
2011-12-07,13.516,12.384
2011-12-08,13.515,12.329
2011-12-09,13.51,12.533
2011-12-12,13.687,12.421
2011-12-13,13.785,12.455
2011-12-14,13.781,12.435
2011-12-15,13.891,12.394
2011-12-16,13.8,12.408
2011-12-19,13.815,12.424
2011-12-20,13.864,12.428
2011-12-21,13.82,12.407
2011-12-22,13.84,12.392
2011-12-23,13.79,12.35
2011-12-26,13.816,12.326
2011-12-27,13.816,12.36
2011-12-28,13.853,12.348
2011-12-29,13.986,12.328
2011-12-30,13.97,12.384
2012-01-02,13.951,12.385
2012-01-03,13.932,12.384
2012-01-04,13.801,12.31
2012-01-05,13.741,12.193
2012-01-06,13.719,12.259
2012-01-09,13.734,12.18
2012-01-10,13.743,12.219
2012-01-11,13.57,12.262
2012-01-12,13.66,12.203
2012-01-13,13.582,12.089
2012-01-16,13.545,12.068
2012-01-17,13.547,12.173
2012-01-18,13.47,12.029
2012-01-19,13.368,11.969
2012-01-20,13.269,12.015
2012-01-23,13.273,12.113
2012-01-24,13.108,12.066
2012-01-25,13.225,12.048
2012-01-26,13.159,12.106
2012-01-27,12.924,12.053
2012-01-30,12.933,11.998
2012-01-31,12.999,12.042
2012-02-01,12.92,12.155
2012-02-02,12.954,12.095
2012-02-03,12.912,12.024
2012-02-06,12.835,12.036
2012-02-07,12.721,11.998
2012-02-08,12.705,11.97
2012-02-09,12.674,12.018
2012-02-10,12.7,12.065
2012-02-13,12.809,12.138
2012-02-14,12.706,12.09
2012-02-15,12.74,12.048
2012-02-16,12.748,12.037
2012-02-17,12.953,12.125
2012-02-20,12.791,12.063
2012-02-21,12.687,12.001
2012-02-22,12.728,12.038
2012-02-23,12.819,12.115
2012-02-24,12.772,12.108
2012-02-27,12.819,12.197
2012-02-28,12.929,12.11
2012-02-29,12.835,12.11
2012-03-01,12.791,12.097
2012-03-02,12.818,12.093
2012-03-05,12.762,12.063
2012-03-06,12.793,12.063
2012-03-07,12.908,11.983
2012-03-08,12.981,11.998
2012-03-09,12.801,12.074
2012-03-12,12.695,11.938
2012-03-13,12.69,11.938
2012-03-14,12.68,12.007
2012-03-15,12.598,11.928
2012-03-16,12.672,12.074
2012-03-19,12.633,12.099
2012-03-20,12.686,12.099
2012-03-21,12.705,12.042
2012-03-22,12.661,11.99
2012-03-23,12.808,11.977
2012-03-26,12.852,11.975
2012-03-27,12.695,11.975
2012-03-28,12.659,11.951
2012-03-29,12.726,11.993
2012-03-30,12.807,11.972
2012-04-02,12.745,11.915
2012-04-03,12.782,11.915
2012-04-04,12.737,11.878
2012-04-05,12.839,11.833
2012-04-06,12.874,11.87
2012-04-09,12.874,11.793
2012-04-10,12.874,11.793
2012-04-11,13.015,11.734
2012-04-12,13.141,11.753
2012-04-13,13.086,11.77
2012-04-16,13.075,11.8
2012-04-17,13.239,11.8
2012-04-18,13.157,11.733
2012-04-19,13.119,11.71
2012-04-20,13.201,11.705
2012-04-23,13.15,11.613
2012-04-24,13.186,11.613
2012-04-25,13.134,11.613
2012-04-26,13.135,11.613
2012-04-27,13.155,11.597
2012-04-30,13.15,11.545
2012-05-01,12.983,11.545
2012-05-02,12.983,11.52
2012-05-03,12.935,11.519
2012-05-04,12.96,11.576
2012-05-07,12.996,11.69
2012-05-08,13.185,11.69
2012-05-09,13.196,11.689
2012-05-10,13.512,11.605
2012-05-11,13.425,11.599
2012-05-14,13.521,11.712
2012-05-15,13.65,11.712
2012-05-16,13.676,11.631
2012-05-17,13.805,11.75
2012-05-18,13.824,11.753
2012-05-21,13.748,11.676
2012-05-22,13.796,11.676
2012-05-23,13.68,11.636
2012-05-24,13.971,11.725
2012-05-25,13.97,11.714
2012-05-28,14.001,11.654
2012-05-29,13.94,11.654
2012-05-30,13.93,11.642
2012-05-31,13.979,11.614
2012-06-01,14.163,11.576
2012-06-04,14.455,11.675
2012-06-05,14.233,11.675
2012-06-06,14.221,11.652
2012-06-07,14.185,11.702
2012-06-08,13.937,11.714
2012-06-11,14.132,11.833
2012-06-12,13.93,11.833
2012-06-13,14.066,11.783
2012-06-14,13.97,11.887
2012-06-15,14.045,11.836
2012-06-18,13.92,11.997
2012-06-19,13.921,11.997
2012-06-20,13.746,11.9
2012-06-21,13.69,11.936
2012-06-22,13.684,11.835
2012-06-25,13.87,11.848
2012-06-26,13.92,11.848
2012-06-27,13.933,11.876
2012-06-28,13.727,11.915
2012-06-29,13.626,11.896
2012-07-02,13.404,11.746
2012-07-03,13.33,11.746
2012-07-04,13.369,11.683
2012-07-05,13.37,11.606
2012-07-06,13.329,11.617
2012-07-09,13.444,11.614
2012-07-10,13.46,11.614
2012-07-11,13.312,11.55
2012-07-12,13.322,11.724
2012-07-13,13.425,11.821
2012-07-16,13.431,11.676
2012-07-17,13.335,11.676
2012-07-18,13.18,11.7
2012-07-19,13.196,11.781
2012-07-20,13.125,11.706
2012-07-23,13.306,11.645
2012-07-24,13.525,11.645
2012-07-25,13.65,11.609
2012-07-26,13.636,11.666
2012-07-27,13.476,11.614
2012-07-30,13.381,11.654
2012-07-31,13.23,11.654
2012-08-01,13.258,11.748
2012-08-02,13.296,11.65
2012-08-03,13.328,11.801
2012-08-06,13.279,11.935
2012-08-07,13.096,11.935
2012-08-08,13.138,12.033
2012-08-09,13.272,12.142
2012-08-10,13.166,12.433
2012-08-13,13.16,12.488
2012-08-14,13.099,12.488
2012-08-15,13.092,12.291
2012-08-16,13.182,12.256
2012-08-17,13.141,12.3
2012-08-20,13.235,12.335
2012-08-21,13.123,12.335
2012-08-22,13.046,12.247
2012-08-23,13.192,12.24
2012-08-24,13.114,12.292
2012-08-27,13.222,12.438
2012-08-28,13.177,12.438
2012-08-29,13.164,12.536
2012-08-30,13.254,12.42
2012-08-31,13.369,12.515
2012-09-03,13.303,12.345
2012-09-04,13.226,12.345
2012-09-05,13.158,12.338
2012-09-06,13.167,12.548
2012-09-07,13.069,12.537
2012-09-10,12.988,12.483
2012-09-11,12.995,12.483
2012-09-12,13.037,12.601
2012-09-13,13.0,12.753
2012-09-14,13.016,12.838
2012-09-17,12.768,12.872
2012-09-18,12.78,12.872
2012-09-19,12.814,12.993
2012-09-20,12.83,13.178
2012-09-21,12.896,13.072
2012-09-24,12.83,13.886
2012-09-25,12.909,13.886
2012-09-26,12.843,14.065
2012-09-27,12.92,13.49
2012-09-28,12.834,13.349
2012-10-01,12.845,13.489
2012-10-02,12.877,13.489
2012-10-03,12.824,13.77
2012-10-04,12.86,13.895
2012-10-05,12.79,14.024
2012-10-08,12.755,13.611
2012-10-09,12.838,13.611
2012-10-10,12.789,13.439
2012-10-11,12.85,13.295
2012-10-12,12.92,13.337
2012-10-15,12.872,13.34
2012-10-16,12.82,13.34
2012-10-17,12.789,13.335
2012-10-18,12.822,13.274
2012-10-19,12.798,13.541
2012-10-22,12.878,13.412
2012-10-23,12.88,13.412
2012-10-24,12.954,13.71
2012-10-25,12.967,13.629
2012-10-26,12.936,13.34
2012-10-29,13.038,13.208
2012-10-30,13.048,13.208
2012-10-31,13.05,13.125
2012-11-01,13.059,13.13
2012-11-02,13.056,13.713
2012-11-05,12.968,13.328
2012-11-06,13.055,13.328
2012-11-07,13.013,13.383
2012-11-08,13.023,13.5
2012-11-09,13.077,13.38
2012-11-12,13.233,13.553
2012-11-13,13.19,13.553
2012-11-14,13.237,13.494
2012-11-15,13.208,13.524
2012-11-16,13.262,13.58
2012-11-19,13.208,13.695
2012-11-20,13.095,13.695
2012-11-21,13.08,13.66
2012-11-22,13.025,13.915
2012-11-23,12.993,14.0
2012-11-26,13.009,14.077
2012-11-27,12.979,14.077
2012-11-28,12.973,14.275
2012-11-29,13.075,14.04
2012-11-30,12.938,13.958
2012-12-03,12.91,13.564
2012-12-04,12.894,13.564
2012-12-05,12.97,13.501
2012-12-06,12.943,13.481
2012-12-07,12.904,13.516
2012-12-10,12.874,13.51
2012-12-11,12.813,13.51
2012-12-12,12.783,13.687
2012-12-13,12.755,13.785
2012-12-14,12.742,13.781
2012-12-17,12.793,13.8
2012-12-18,12.78,13.8
2012-12-19,12.733,13.815
2012-12-20,12.704,13.864
2012-12-21,12.78,13.82
2012-12-24,12.875,13.79
2012-12-25,12.935,13.79
2012-12-26,12.935,13.816
2012-12-27,12.935,13.816
2012-12-28,12.961,13.853
2012-12-31,13.001,13.97
2013-01-01,13.024,13.97
2013-01-02,13.024,13.951
2013-01-03,12.767,13.932
2013-01-04,12.768,13.801
2013-01-07,12.803,13.719
2013-01-08,12.729,13.719
2013-01-09,12.753,13.734
2013-01-10,12.77,13.743
2013-01-11,12.668,13.57
2013-01-14,12.626,13.582
2013-01-15,12.675,13.582
2013-01-16,12.672,13.545
2013-01-17,12.659,13.547
2013-01-18,12.605,13.47
2013-01-21,12.6,13.269
2013-01-22,12.698,13.269
2013-01-23,12.702,13.273
2013-01-24,12.644,13.108
2013-01-25,12.689,13.225
2013-01-28,12.655,12.924
2013-01-29,12.768,12.924
2013-01-30,12.738,12.933
2013-01-31,12.713,12.999
2013-02-01,12.706,12.92
2013-02-04,12.731,12.912
2013-02-05,12.673,12.912
2013-02-06,12.657,12.835
2013-02-07,12.655,12.721
2013-02-08,12.68,12.705
2013-02-11,12.746,12.7
2013-02-12,12.768,12.7
2013-02-13,12.752,12.809
2013-02-14,12.67,12.706
2013-02-15,12.72,12.74
2013-02-18,12.699,12.953
2013-02-19,12.69,12.953
2013-02-20,12.674,12.791
2013-02-21,12.649,12.687
2013-02-22,12.764,12.728
2013-02-25,12.723,12.772
2013-02-26,12.662,12.772
2013-02-27,12.806,12.819
2013-02-28,12.843,12.929
2013-03-01,12.762,12.791
2013-03-04,12.849,12.818
2013-03-05,12.797,12.762
2013-03-06,12.736,12.793
2013-03-07,12.708,12.908
2013-03-08,12.801,12.981
2013-03-11,12.727,12.801
2013-03-12,12.6,12.695
2013-03-13,12.496,12.69
2013-03-14,12.39,12.68
2013-03-15,12.416,12.598
2013-03-18,12.413,12.672
2013-03-19,12.484,12.633
2013-03-20,12.396,12.686
2013-03-21,12.39,12.705
2013-03-22,12.383,12.661
2013-03-25,12.412,12.808
2013-03-26,12.348,12.852
2013-03-27,12.317,12.695
2013-03-28,12.401,12.659
2013-03-29,12.351,12.726
2013-04-01,12.351,12.807
2013-04-02,12.351,12.745
2013-04-03,12.327,12.782
2013-04-04,12.26,12.737
2013-04-05,12.295,12.839
2013-04-08,12.332,12.874
2013-04-09,12.139,12.874
2013-04-10,12.16,12.874
2013-04-11,12.146,13.015
2013-04-12,12.094,13.141
2013-04-15,12.063,13.086
2013-04-16,12.131,13.075
2013-04-17,12.167,13.239
2013-04-18,12.2,13.157
2013-04-19,12.183,13.119
2013-04-22,12.23,13.201
2013-04-23,12.274,13.15
2013-04-24,12.289,13.186
2013-04-25,12.256,13.134
2013-04-26,12.15,13.135
2013-04-29,12.195,13.155
2013-04-30,12.088,13.15
2013-05-01,12.195,12.983
2013-05-02,12.195,12.983
2013-05-03,12.17,12.935
2013-05-06,12.17,12.96
2013-05-07,12.087,12.996
2013-05-08,12.126,13.185
2013-05-09,12.034,13.196
2013-05-10,11.988,13.512
2013-05-13,12.064,13.425
2013-05-14,12.108,13.521
2013-05-15,12.157,13.65
2013-05-16,12.156,13.676
2013-05-17,12.265,13.805
2013-05-20,12.309,13.824
2013-05-21,12.316,13.748
2013-05-22,12.311,13.796
2013-05-23,12.323,13.68
2013-05-24,12.498,13.971
2013-05-27,12.445,13.97
2013-05-28,12.485,14.001
2013-05-29,12.487,13.94
2013-05-30,12.637,13.93
2013-05-31,12.75,13.979
2013-06-03,12.893,14.163
2013-06-04,12.76,14.455
2013-06-05,12.729,14.233
2013-06-06,12.743,14.221
2013-06-07,12.818,14.185
2013-06-10,12.857,13.937
2013-06-11,12.811,14.132
2013-06-12,13.0,13.93
2013-06-13,12.751,14.066
2013-06-14,12.855,13.97
2013-06-17,12.66,14.045
2013-06-18,12.677,13.92
2013-06-19,12.923,13.921
2013-06-20,12.86,13.746
2013-06-21,13.286,13.69
2013-06-24,13.32,13.684
2013-06-25,13.39,13.87
2013-06-26,13.161,13.92
2013-06-27,13.21,13.933
2013-06-28,13.054,13.727
2013-07-01,13.028,13.626
2013-07-02,12.916,13.404
2013-07-03,13.005,13.33
2013-07-04,13.122,13.369
2013-07-05,12.97,13.37
2013-07-08,12.895,13.329
2013-07-09,13.032,13.444
2013-07-10,12.849,13.46
2013-07-11,12.906,13.312
2013-07-12,12.831,13.322
2013-07-15,12.849,13.425
2013-07-16,12.795,13.431
2013-07-17,12.606,13.335
2013-07-18,12.645,13.18
2013-07-19,12.473,13.196
2013-07-22,12.49,13.125
2013-07-23,12.516,13.306
2013-07-24,12.521,13.525
2013-07-25,12.495,13.65
2013-07-26,12.653,13.636
2013-07-29,12.653,13.476
2013-07-30,12.696,13.381
2013-07-31,12.761,13.23
2013-08-01,12.813,13.258
2013-08-02,12.742,13.296
2013-08-05,12.843,13.328
2013-08-06,12.664,13.279
2013-08-07,12.655,13.096
2013-08-08,12.678,13.138
2013-08-09,12.683,13.272
2013-08-12,12.605,13.166
2013-08-13,12.632,13.16
2013-08-14,12.727,13.099
2013-08-15,12.743,13.092
2013-08-16,12.795,13.182
2013-08-19,12.849,13.141
2013-08-20,12.983,13.235
2013-08-21,13.026,13.123
2013-08-22,13.048,13.046
2013-08-23,13.226,13.192
2013-08-26,13.089,13.114
2013-08-27,13.039,13.222
2013-08-28,13.349,13.177
2013-08-29,13.342,13.164
2013-08-30,13.27,13.254
2013-09-02,13.31,13.369
2013-09-03,13.29,13.303
2013-09-04,13.425,13.226
2013-09-05,13.329,13.158
2013-09-06,13.409,13.167
2013-09-09,13.325,13.069
2013-09-10,13.182,12.988
2013-09-11,13.063,12.995
2013-09-12,13.074,13.037
2013-09-13,13.11,13.0
2013-09-16,13.101,13.016
2013-09-17,12.892,12.768
2013-09-18,12.93,12.78
2013-09-19,12.937,12.814
2013-09-20,12.614,12.83
2013-09-23,12.782,12.896
2013-09-24,12.835,12.83
2013-09-25,12.883,12.909
2013-09-26,12.981,12.843
2013-09-27,12.99,12.92
2013-09-30,13.159,12.834
2013-10-01,13.214,12.845
2013-10-02,13.137,12.877
2013-10-03,13.193,12.824
2013-10-04,13.175,12.86
2013-10-07,13.106,12.79
2013-10-08,13.172,12.755
2013-10-09,13.066,12.838
2013-10-10,13.18,12.789
2013-10-11,13.14,12.85
2013-10-14,13.061,12.92
2013-10-15,13.032,12.872
2013-10-16,13.002,12.82
2013-10-17,12.964,12.789
2013-10-18,12.833,12.822
2013-10-21,12.787,12.798
2013-10-22,12.866,12.878
2013-10-23,12.997,12.88
2013-10-24,12.936,12.954
2013-10-25,13.02,12.967
2013-10-28,12.972,12.936
2013-10-29,12.887,13.038
2013-10-30,12.917,13.048
2013-10-31,12.881,13.05
2013-11-01,12.956,13.059
2013-11-04,13.084,13.056
2013-11-05,13.014,12.968
2013-11-06,13.067,13.055
2013-11-07,13.103,13.013
2013-11-08,13.128,13.023
2013-11-11,13.191,13.077
2013-11-12,13.175,13.233
2013-11-13,13.212,13.19
2013-11-14,13.172,13.237
2013-11-15,13.066,13.208
2013-11-18,12.975,13.262
2013-11-19,12.899,13.208
2013-11-20,12.914,13.095
2013-11-21,12.96,13.08
2013-11-22,13.113,13.025
2013-11-25,13.032,12.993
2013-11-26,12.994,13.009
2013-11-27,13.081,12.979
2013-11-28,13.107,12.973
2013-11-29,13.109,13.075
2013-12-02,13.059,12.938
2013-12-03,13.141,12.91
2013-12-04,13.242,12.894
2013-12-05,13.133,12.97
2013-12-06,13.027,12.943
2013-12-09,13.055,12.904
2013-12-10,12.833,12.874
2013-12-11,12.855,12.813
2013-12-12,12.889,12.783
2013-12-13,12.978,12.755
2013-12-16,12.951,12.742
2013-12-17,12.922,12.793
2013-12-18,12.936,12.78
2013-12-19,12.962,12.733
2013-12-20,12.974,12.704
2013-12-23,13.057,12.78
2013-12-24,12.967,12.875
2013-12-25,12.983,12.935
2013-12-26,12.983,12.935
2013-12-27,12.983,12.935
2013-12-30,13.12,12.961
2013-12-31,13.067,13.001
2014-01-01,13.105,13.024
2014-01-02,13.105,13.024
2014-01-03,13.134,12.767
2014-01-06,13.071,12.768
2014-01-07,13.125,12.803
2014-01-08,13.055,12.729
2014-01-09,13.025,12.753
2014-01-10,13.124,12.77
2014-01-13,13.08,12.668
2014-01-14,13.01,12.626
2014-01-15,13.108,12.675
2014-01-16,13.115,12.672
2014-01-17,13.271,12.659
2014-01-20,13.318,12.605
2014-01-21,13.235,12.6
2014-01-22,13.312,12.698
2014-01-23,13.301,12.702
2014-01-24,13.355,12.644
2014-01-27,13.486,12.689
2014-01-28,13.395,12.655
2014-01-29,13.291,12.768
2014-01-30,13.312,12.738
2014-01-31,13.342,12.713
2014-02-03,13.437,12.706
2014-02-04,13.327,12.731
2014-02-05,13.397,12.673
2014-02-06,13.338,12.657
2014-02-07,13.249,12.655
2014-02-10,13.343,12.68
2014-02-11,13.299,12.746
2014-02-12,13.279,12.768
2014-02-13,13.309,12.752
2014-02-14,13.362,12.67
2014-02-17,13.254,12.72
2014-02-18,13.223,12.699
2014-02-19,13.209,12.69
2014-02-20,13.275,12.674
2014-02-21,13.33,12.649
2014-02-24,13.303,12.764
2014-02-25,13.26,12.723
2014-02-26,13.256,12.662
2014-02-27,13.259,12.806
2014-02-28,13.333,12.843
2014-03-03,13.255,12.762
2014-03-04,13.292,12.849
2014-03-05,13.29,12.797
2014-03-06,13.25,12.736
2014-03-07,13.191,12.708
2014-03-10,13.168,12.801
2014-03-11,13.186,12.727
2014-03-12,13.232,12.6
2014-03-13,13.277,12.496
2014-03-14,13.19,12.39
2014-03-17,13.292,12.416
2014-03-18,13.211,12.413
2014-03-19,13.19,12.484
2014-03-20,13.156,12.396
2014-03-21,13.285,12.39
2014-03-24,13.258,12.383
2014-03-25,13.192,12.412
2014-03-26,13.145,12.348
2014-03-27,13.124,12.317
2014-03-28,13.112,12.401
2014-03-31,13.077,12.351
2014-04-01,13.066,12.351
2014-04-02,13.072,12.351
2014-04-03,13.061,12.327
2014-04-04,13.114,12.26
2014-04-07,13.109,12.295
2014-04-08,13.047,12.332
2014-04-09,12.966,12.139
2014-04-10,13.051,12.16
2014-04-11,12.99,12.146
2014-04-14,13.094,12.094
2014-04-15,13.053,12.063
2014-04-16,13.041,12.131
2014-04-17,13.054,12.167
2014-04-18,13.063,12.2
2014-04-21,13.063,12.183
2014-04-22,13.063,12.23
2014-04-23,13.043,12.274
2014-04-24,13.07,12.289
2014-04-25,13.072,12.256
2014-04-28,13.126,12.15
2014-04-29,13.117,12.195
2014-04-30,13.084,12.088
2014-05-01,13.107,12.195
2014-05-02,13.107,12.195
2014-05-05,13.03,12.17
2014-05-06,13.042,12.17
2014-05-07,13.028,12.087
2014-05-08,13.019,12.126
2014-05-09,12.962,12.034
2014-05-12,12.964,11.988
2014-05-13,12.941,12.064
2014-05-14,12.929,12.108
2014-05-15,12.927,12.157
2014-05-16,12.917,12.156
2014-05-19,12.948,12.265
2014-05-20,12.917,12.309
2014-05-21,12.935,12.316
2014-05-22,12.91,12.311
2014-05-23,12.93,12.323
2014-05-26,12.894,12.498
2014-05-27,12.857,12.445
2014-05-28,12.882,12.485
2014-05-29,12.882,12.487
2014-05-30,12.858,12.637
2014-06-02,12.849,12.75
2014-06-03,12.876,12.893
2014-06-04,12.925,12.76
2014-06-05,12.948,12.729
2014-06-06,12.895,12.743
2014-06-09,12.857,12.818
2014-06-10,12.93,12.857
2014-06-11,13.043,12.811
2014-06-12,13.04,13.0
2014-06-13,12.993,12.751
2014-06-16,13.008,12.855
2014-06-17,13.043,12.66
2014-06-18,13.039,12.677
2014-06-19,13.088,12.923
2014-06-20,12.979,12.86
2014-06-23,13.011,13.286
2014-06-24,12.981,13.32
2014-06-25,13.02,13.39
2014-06-26,13.051,13.161
2014-06-27,13.021,13.21
2014-06-30,13.002,13.054
2014-07-01,12.968,13.028
2014-07-02,12.987,12.916
2014-07-03,12.945,13.005
2014-07-04,12.997,13.122
2014-07-07,12.973,12.97
2014-07-08,12.98,12.895
2014-07-09,12.995,13.032
2014-07-10,13.0,12.849
2014-07-11,13.014,12.906
2014-07-14,12.999,12.831
2014-07-15,12.986,12.849
2014-07-16,12.967,12.795
2014-07-17,12.946,12.606
2014-07-18,12.943,12.645
2014-07-21,12.953,12.473
2014-07-22,12.973,12.49
2014-07-23,12.976,12.516
2014-07-24,12.935,12.521
2014-07-25,12.943,12.495
2014-07-28,12.958,12.653
2014-07-29,12.96,12.653
2014-07-30,13.014,12.696
2014-07-31,13.081,12.761
2014-08-01,13.182,12.813
2014-08-04,13.253,12.742
2014-08-05,13.191,12.843
2014-08-06,13.214,12.664
2014-08-07,13.301,12.655
2014-08-08,13.238,12.678
2014-08-11,13.242,12.683
2014-08-12,13.229,12.605
2014-08-13,13.197,12.632
2014-08-14,13.126,12.727
2014-08-15,13.107,12.743
2014-08-18,13.047,12.795
2014-08-19,13.056,12.849
2014-08-20,13.054,12.983
2014-08-21,13.083,13.026
2014-08-22,13.108,13.048
2014-08-25,13.111,13.226
2014-08-26,13.124,13.089
2014-08-27,13.112,13.039
2014-08-28,13.07,13.349
2014-08-29,13.104,13.342
2014-09-01,13.092,13.27
2014-09-02,13.083,13.31
2014-09-03,13.131,13.29
2014-09-04,13.08,13.425
2014-09-05,13.079,13.329
2014-09-08,13.145,13.409
2014-09-09,13.062,13.325
2014-09-10,13.185,13.182
2014-09-11,13.237,13.063
2014-09-12,13.223,13.074
2014-09-15,13.245,13.11
2014-09-16,13.235,13.101
2014-09-17,13.226,12.892
2014-09-18,13.183,12.93
2014-09-19,13.269,12.937
2014-09-22,13.207,12.614
2014-09-23,13.243,12.782
2014-09-24,13.242,12.835
2014-09-25,13.286,12.883
2014-09-26,13.36,12.981
2014-09-29,13.38,12.99
2014-09-30,13.53,13.159
2014-10-01,13.509,13.214
2014-10-02,13.439,13.137
2014-10-03,13.423,13.193
2014-10-06,13.4,13.175
2014-10-07,13.374,13.106
2014-10-08,13.407,13.172
2014-10-09,13.472,13.066
2014-10-10,13.324,13.18
2014-10-13,13.464,13.14
2014-10-14,13.433,13.061
2014-10-15,13.437,13.032
2014-10-16,13.465,13.002
2014-10-17,13.629,12.964
2014-10-20,13.502,12.833
2014-10-21,13.521,12.787
2014-10-22,13.505,12.866
2014-10-23,13.535,12.997
2014-10-24,13.505,12.936
2014-10-27,13.541,13.02
2014-10-28,13.576,12.972
2014-10-29,13.502,12.887
2014-10-30,13.452,12.917
2014-10-31,13.452,12.881
2014-11-03,13.471,12.956
2014-11-04,13.499,13.084
2014-11-05,13.65,13.014
2014-11-06,13.608,13.067
2014-11-07,13.575,13.103
2014-11-10,13.632,13.128
2014-11-11,13.53,13.191
2014-11-12,13.601,13.175
2014-11-13,13.61,13.212
2014-11-14,13.587,13.172
2014-11-17,13.625,13.066
2014-11-18,13.568,12.975
2014-11-19,13.558,12.899
2014-11-20,13.585,12.914
2014-11-21,13.604,12.96
2014-11-24,13.614,13.113
2014-11-25,13.622,13.032
2014-11-26,13.659,12.994
2014-11-27,13.68,13.081
2014-11-28,13.724,13.107
2014-12-01,13.836,13.109
2014-12-02,13.912,13.059
2014-12-03,14.019,13.141
2014-12-04,14.08,13.242
2014-12-05,14.113,13.133
2014-12-08,14.155,13.027
2014-12-09,14.385,13.055
2014-12-10,14.398,12.833
2014-12-11,14.408,12.855
2014-12-12,14.525,12.889
2014-12-15,14.869,12.978
2014-12-16,14.778,12.951
2014-12-17,14.787,12.922
2014-12-18,14.741,12.936
2014-12-19,14.499,12.962
2014-12-22,14.528,12.974
2014-12-23,14.57,13.057
2014-12-24,14.65,12.967
2014-12-25,14.741,12.983
2014-12-26,14.741,12.983
2014-12-29,14.741,12.983
2014-12-30,14.699,13.12
2014-12-31,14.744,13.067
2015-01-01,14.717,13.105
2015-01-02,14.717,13.105
2015-01-05,14.825,13.134
2015-01-06,14.851,13.071
2015-01-07,14.922,13.125
2015-01-08,14.775,13.055
2015-01-09,14.709,13.025
2015-01-12,14.661,13.124
2015-01-13,14.653,13.08
2015-01-14,14.612,13.01
2015-01-15,14.62,13.108
2015-01-16,14.464,13.115
2015-01-19,14.652,13.271
2015-01-20,14.614,13.318
2015-01-21,14.622,13.235
2015-01-22,14.608,13.312
2015-01-23,14.688,13.301
2015-01-26,14.721,13.355
2015-01-27,14.647,13.486
2015-01-28,14.61,13.395
2015-01-29,14.629,13.291
2015-01-30,14.823,13.312
2015-02-02,14.894,13.342
2015-02-03,14.925,13.437
2015-02-04,14.806,13.327
2015-02-05,14.715,13.397
2015-02-06,14.799,13.338
2015-02-09,14.75,13.249
2015-02-10,14.818,13.343
2015-02-11,14.857,13.299
2015-02-12,14.995,13.279
2015-02-13,15.084,13.309
2015-02-16,14.968,13.362
2015-02-17,14.868,13.254
2015-02-18,14.834,13.223
2015-02-19,14.942,13.209
2015-02-20,14.948,13.275
2015-02-23,15.009,13.33
2015-02-24,15.107,13.303
2015-02-25,15.108,13.26
2015-02-26,14.932,13.256
2015-02-27,14.882,13.259
2015-03-02,15.011,13.333
2015-03-03,14.948,13.255
2015-03-04,15.04,13.292
2015-03-05,15.038,13.29
2015-03-06,15.048,13.25
2015-03-09,15.183,13.191
2015-03-10,15.478,13.168
2015-03-11,15.538,13.186
2015-03-12,15.607,13.232
2015-03-13,15.383,13.277
2015-03-16,15.485,13.19
2015-03-17,15.46,13.292
2015-03-18,15.423,13.211
2015-03-19,15.405,13.19
2015-03-20,15.275,13.156
2015-03-23,15.094,13.285
2015-03-24,14.98,13.258
2015-03-25,14.926,13.192
2015-03-26,14.894,13.145
2015-03-27,14.968,13.124
2015-03-30,15.132,13.112
2015-03-31,15.244,13.077
2015-04-01,15.347,13.066
2015-04-02,15.235,13.072
2015-04-03,15.113,13.061
2015-04-06,15.113,13.114
2015-04-07,15.113,13.109
2015-04-08,14.928,13.047
2015-04-09,14.857,12.966
2015-04-10,14.902,13.051
2015-04-13,15.184,12.99
2015-04-14,15.296,13.094
2015-04-15,15.36,13.053
2015-04-16,15.325,13.041
2015-04-17,15.225,13.054
2015-04-20,15.184,13.063
2015-04-21,15.359,13.063
2015-04-22,15.425,13.063
2015-04-23,15.427,13.043
2015-04-24,15.421,13.07
2015-04-27,15.358,13.072
2015-04-28,15.394,13.126
2015-04-29,15.313,13.117
2015-04-30,15.29,13.084
2015-05-01,15.238,13.107
2015-05-04,15.238,13.107
2015-05-05,15.541,13.03
2015-05-06,15.44,13.042
2015-05-07,15.32,13.028
2015-05-08,15.335,13.019
2015-05-11,15.307,12.962
2015-05-12,15.174,12.964
2015-05-13,15.412,12.941
2015-05-14,15.282,12.929
2015-05-15,15.223,12.927
2015-05-18,15.265,12.917
2015-05-19,15.031,12.948
2015-05-20,15.129,12.917
2015-05-21,15.175,12.935
2015-05-22,15.18,12.91
2015-05-25,15.232,12.93
2015-05-26,15.272,12.894
2015-05-27,15.294,12.857
2015-05-28,15.332,12.882
2015-05-29,15.334,12.882
2015-06-01,15.354,12.858
2015-06-02,15.421,12.849
2015-06-03,15.448,12.876
2015-06-04,15.478,12.925
2015-06-05,15.535,12.948
2015-06-08,15.551,12.895
2015-06-09,15.678,12.857
2015-06-10,15.597,12.93
2015-06-11,15.453,13.043
2015-06-12,15.505,13.04
2015-06-15,15.43,12.993
2015-06-16,15.446,13.008
2015-06-17,15.451,13.043
2015-06-18,15.413,13.039
2015-06-19,15.195,13.088
2015-06-22,15.324,12.979
2015-06-23,15.326,13.011
2015-06-24,15.377,12.981
2015-06-25,15.383,13.02
2015-06-26,15.488,13.051
2015-06-29,15.553,13.021
2015-06-30,15.626,13.002
2015-07-01,15.67,12.968
2015-07-02,15.72,12.987
2015-07-03,15.822,12.945
2015-07-06,15.703,12.997
2015-07-07,15.856,12.973
2015-07-08,15.83,12.98
2015-07-09,15.825,12.995
2015-07-10,15.76,13.0
2015-07-13,15.708,13.014
2015-07-14,15.755,12.999
2015-07-15,15.69,12.986
2015-07-16,15.655,12.967
2015-07-17,15.826,12.946
2015-07-20,15.809,12.943
2015-07-21,15.908,12.953
2015-07-22,15.977,12.973
2015-07-23,16.068,12.976
2015-07-24,16.078,12.935
2015-07-27,16.279,12.943
2015-07-28,16.328,12.958
2015-07-29,16.23,12.96
2015-07-30,16.292,13.014
2015-07-31,16.382,13.081
2015-08-03,16.182,13.182
2015-08-04,16.154,13.253
2015-08-05,16.11,13.191
2015-08-06,16.291,13.214
2015-08-07,16.384,13.301
2015-08-10,16.286,13.238
2015-08-11,16.206,13.242
2015-08-12,16.268,13.229
2015-08-13,16.217,13.197
2015-08-14,16.291,13.126
2015-08-17,16.405,13.107
2015-08-18,16.477,13.047
2015-08-19,16.443,13.056
2015-08-20,16.419,13.054
2015-08-21,16.74,13.083
2015-08-24,16.84,13.108
2015-08-25,17.124,13.111
2015-08-26,16.977,13.124
2015-08-27,17.013,13.112
2015-08-28,16.978,13.07
2015-08-31,16.929,13.104
2015-09-01,16.864,13.092
2015-09-02,16.865,13.083
2015-09-03,16.899,13.131
2015-09-04,16.904,13.08
2015-09-07,16.864,13.079
2015-09-08,16.947,13.145
2015-09-09,16.854,13.062
2015-09-10,16.779,13.185
2015-09-11,16.912,13.237
2015-09-14,16.748,13.223
2015-09-15,16.784,13.245
2015-09-16,16.737,13.235
2015-09-17,16.644,13.226
2015-09-18,16.575,13.183
2015-09-21,16.46,13.269
2015-09-22,16.597,13.207
2015-09-23,16.786,13.243
2015-09-24,16.86,13.242
2015-09-25,17.264,13.286
2015-09-28,16.745,13.36
2015-09-29,17.078,13.38
2015-09-30,16.973,13.53
2015-10-01,16.939,13.509
2015-10-02,16.86,13.439
2015-10-05,16.856,13.423
2015-10-06,16.656,13.4
2015-10-07,16.808,13.374
2015-10-08,16.57,13.407
2015-10-09,16.61,13.472
2015-10-12,16.394,13.324
2015-10-13,16.425,13.464
2015-10-14,16.596,13.433
2015-10-15,16.558,13.437
2015-10-16,16.398,13.465
2015-10-19,16.474,13.629
2015-10-20,16.444,13.502
2015-10-21,16.505,13.521
2015-10-22,16.65,13.505
2015-10-23,16.59,13.535
2015-10-26,16.423,13.505
2015-10-27,16.519,13.541
2015-10-28,16.59,13.576
2015-10-29,16.514,13.502
2015-10-30,16.646,13.452
2015-11-02,16.565,13.452
2015-11-03,16.507,13.471
2015-11-04,16.485,13.499
2015-11-05,16.388,13.65
2015-11-06,16.537,13.608
2015-11-09,16.653,13.575
2015-11-10,16.865,13.632
2015-11-11,16.786,13.53
2015-11-12,16.705,13.601
2015-11-13,16.782,13.61
2015-11-16,16.78,13.587
2015-11-17,16.736,13.625
2015-11-18,16.765,13.568
2015-11-19,16.755,13.558
2015-11-20,16.675,13.585
2015-11-23,16.587,13.604
2015-11-24,16.585,13.614
2015-11-25,16.537,13.622
2015-11-26,16.55,13.659
2015-11-27,16.54,13.68
2015-11-30,16.55,13.724
2015-12-01,16.596,13.836
2015-12-02,16.517,13.912
2015-12-03,16.524,14.019
2015-12-04,16.555,14.08
2015-12-07,16.74,14.113
2015-12-08,16.767,14.155
2015-12-09,17.057,14.385
2015-12-10,16.974,14.398
2015-12-11,17.064,14.408
2015-12-14,17.351,14.525
2015-12-15,17.41,14.869
2015-12-16,17.257,14.778
2015-12-17,17.125,14.787
2015-12-18,16.94,14.741
2015-12-21,17.02,14.499
2015-12-22,17.118,14.528
2015-12-23,17.111,14.57
2015-12-24,17.196,14.65
2015-12-25,17.275,14.741
2015-12-28,17.275,14.741
2015-12-29,17.273,14.741
2015-12-30,17.205,14.699
2015-12-31,17.286,14.744
2016-01-01,17.373,14.717
2016-01-04,17.373,14.717
2016-01-05,17.375,14.825
2016-01-06,17.29,14.851
2016-01-07,17.453,14.922
2016-01-08,17.683,14.775
2016-01-11,17.791,14.709
2016-01-12,17.834,14.661
2016-01-13,17.79,14.653
2016-01-14,17.824,14.612
2016-01-15,17.95,14.62
2016-01-18,18.131,14.464
2016-01-19,18.243,14.652
2016-01-20,18.118,14.614
2016-01-21,18.376,14.622
2016-01-22,18.555,14.608
2016-01-25,18.52,14.688
2016-01-26,18.49,14.721
2016-01-27,18.572,14.647
2016-01-28,18.373,14.61
2016-01-29,18.341,14.629
2016-02-01,18.32,14.823
2016-02-02,18.266,14.894
2016-02-03,18.341,14.925
2016-02-04,18.394,14.806
2016-02-05,18.124,14.715
2016-02-08,18.21,14.799
2016-02-09,18.66,14.75
2016-02-10,18.861,14.818
2016-02-11,18.713,14.857
2016-02-12,19.041,14.995
2016-02-15,19.233,15.084
2016-02-16,18.865,14.968
2016-02-17,18.848,14.868
2016-02-18,18.737,14.834
2016-02-19,18.234,14.942
2016-02-22,18.289,14.948
2016-02-23,18.08,15.009
2016-02-24,18.085,15.107
2016-02-25,18.288,15.108
2016-02-26,18.138,14.932
2016-02-29,18.102,14.882
2016-03-01,18.185,14.882
2016-03-02,18.016,15.011
2016-03-03,17.89,14.948
2016-03-04,17.899,15.04
2016-03-07,17.831,15.048
2016-03-08,17.828,15.048
2016-03-09,17.813,15.183
2016-03-10,17.817,15.478
2016-03-11,17.669,15.538
2016-03-14,17.75,15.383
2016-03-15,17.776,15.383
2016-03-16,17.866,15.485
2016-03-17,17.941,15.46
2016-03-18,17.521,15.423
2016-03-21,17.26,15.275
2016-03-22,17.383,15.275
2016-03-23,17.453,15.094
2016-03-24,17.451,14.98
2016-03-25,17.669,14.926
2016-03-28,17.669,14.968
2016-03-29,17.669,14.968
2016-03-30,17.492,15.132
2016-03-31,17.245,15.244
2016-04-01,17.207,15.347
2016-04-04,17.407,15.113
2016-04-05,17.331,15.113
2016-04-06,17.591,15.113
2016-04-07,17.773,15.113
2016-04-08,17.756,14.928
2016-04-11,17.787,14.902
2016-04-12,17.728,14.902
2016-04-13,17.572,15.184
2016-04-14,17.546,15.296
2016-04-15,17.478,15.36
2016-04-18,17.541,15.225
2016-04-19,17.605,15.225
2016-04-20,17.275,15.184
2016-04-21,17.318,15.359
2016-04-22,17.281,15.425
2016-04-25,17.475,15.421
2016-04-26,17.582,15.421
2016-04-27,17.533,15.358
2016-04-28,17.392,15.394
2016-04-29,17.319,15.313
2016-05-02,17.151,15.238
2016-05-03,17.126,15.238
2016-05-04,17.414,15.238
2016-05-05,17.781,15.541
2016-05-06,17.673,15.44
2016-05-09,17.956,15.335
2016-05-10,17.931,15.335
2016-05-11,18.13,15.307
2016-05-12,17.995,15.174
2016-05-13,17.901,15.412
2016-05-16,18.05,15.223
2016-05-17,18.207,15.223
2016-05-18,18.314,15.265
2016-05-19,18.431,15.031
2016-05-20,18.467,15.129
2016-05-23,18.41,15.18
2016-05-24,18.37,15.18
2016-05-25,18.432,15.232
2016-05-26,18.394,15.272
2016-05-27,18.369,15.294
2016-05-30,18.5,15.334
2016-05-31,18.473,15.334
2016-06-01,18.395,15.354
2016-06-02,18.483,15.421
2016-06-03,18.572,15.448
2016-06-06,18.72,15.535
2016-06-07,18.559,15.535
2016-06-08,18.568,15.551
2016-06-09,18.177,15.678
2016-06-10,18.229,15.597
2016-06-13,18.403,15.505
2016-06-14,18.696,15.505
2016-06-15,18.991,15.43
2016-06-16,18.877,15.446
2016-06-17,18.958,15.451
2016-06-20,18.88,15.195
2016-06-21,18.61,15.195
2016-06-22,18.565,15.324
2016-06-23,18.617,15.326
2016-06-24,18.29,15.377
2016-06-27,18.87,15.488
2016-06-28,19.062,15.488
2016-06-29,18.95,15.553
2016-06-30,18.695,15.626
2016-07-01,18.587,15.67
2016-07-04,18.124,15.822
2016-07-05,18.337,15.822
2016-07-06,18.668,15.703
2016-07-07,18.883,15.856
2016-07-08,18.707,15.83
2016-07-11,18.786,15.76
2016-07-12,18.443,15.76
2016-07-13,18.29,15.708
2016-07-14,18.316,15.755
2016-07-15,18.241,15.69
2016-07-18,18.37,15.826
2016-07-19,18.488,15.826
2016-07-20,18.46,15.809
2016-07-21,18.495,15.908
2016-07-22,18.65,15.977
2016-07-25,18.605,16.078
2016-07-26,18.581,16.078
2016-07-27,18.799,16.279
2016-07-28,18.822,16.328
2016-07-29,18.821,16.23
2016-08-01,18.923,16.382
2016-08-02,18.749,16.382
2016-08-03,18.856,16.182
2016-08-04,18.911,16.154
2016-08-05,18.83,16.11
2016-08-08,18.849,16.384
2016-08-09,18.62,16.384
2016-08-10,18.507,16.286
2016-08-11,18.323,16.206
2016-08-12,18.428,16.268
2016-08-15,18.272,16.291
2016-08-16,18.137,16.291
2016-08-17,17.953,16.405
2016-08-18,18.152,16.477
2016-08-19,18.156,16.443
2016-08-22,18.324,16.74
2016-08-23,18.3,16.74
2016-08-24,18.242,16.84
2016-08-25,18.543,17.124
2016-08-26,18.457,16.977
2016-08-29,18.353,16.978
2016-08-30,18.589,16.978
2016-08-31,18.583,16.929
2016-09-01,18.812,16.864
2016-09-02,18.8,16.865
2016-09-05,18.774,16.904
2016-09-06,18.509,16.904
2016-09-07,18.523,16.864
2016-09-08,18.352,16.947
2016-09-09,18.337,16.854
2016-09-12,18.803,16.912
2016-09-13,19.099,16.912
2016-09-14,19.01,16.748
2016-09-15,19.148,16.784
2016-09-16,19.232,16.737
2016-09-19,19.389,16.575
2016-09-20,19.601,16.575
2016-09-21,19.64,16.46
2016-09-22,19.736,16.597
2016-09-23,19.622,16.786
2016-09-26,19.626,17.264
2016-09-27,19.854,17.264
2016-09-28,19.541,16.745
2016-09-29,19.437,17.078
2016-09-30,19.424,16.973
2016-10-03,19.478,16.86
2016-10-04,19.237,16.86
2016-10-05,19.338,16.856
2016-10-06,19.278,16.656
2016-10-07,19.285,16.808
2016-10-10,19.354,16.61
2016-10-11,18.942,16.61
2016-10-12,18.873,16.394
2016-10-13,18.926,16.425
2016-10-14,18.983,16.596
2016-10-17,18.947,16.398
2016-10-18,18.938,16.398
2016-10-19,18.713,16.474
2016-10-20,18.658,16.444
2016-10-21,18.562,16.505
2016-10-24,18.655,16.59
2016-10-25,18.571,16.59
2016-10-26,18.49,16.423
2016-10-27,18.624,16.519
2016-10-28,18.725,16.59
2016-10-31,18.823,16.646
2016-11-01,18.925,16.646
2016-11-02,18.883,16.565
2016-11-03,19.374,16.507
2016-11-04,19.29,16.485
2016-11-07,19.136,16.537
2016-11-08,18.658,16.537
2016-11-09,18.562,16.653
2016-11-10,19.826,16.865
2016-11-11,20.227,16.786
2016-11-14,20.824,16.782
2016-11-15,20.88,16.782
2016-11-16,20.467,16.78
2016-11-17,20.47,16.736
2016-11-18,20.295,16.765
2016-11-21,20.413,16.675
2016-11-22,20.483,16.675
2016-11-23,20.33,16.587
2016-11-24,20.594,16.585
2016-11-25,20.748,16.537
2016-11-28,20.65,16.54
2016-11-29,20.549,16.54
2016-11-30,20.685,16.55
2016-12-01,20.572,16.596
2016-12-02,20.64,16.517
2016-12-05,20.782,16.555
2016-12-06,20.636,16.555
2016-12-07,20.375,16.74
2016-12-08,20.325,16.767
2016-12-09,20.342,17.057
2016-12-12,20.439,17.064
2016-12-13,20.241,17.064
2016-12-14,20.244,17.351
2016-12-15,20.262,17.41
2016-12-16,20.655,17.257
2016-12-19,20.359,16.94
2016-12-20,20.426,16.94
2016-12-21,20.373,17.02
2016-12-22,20.444,17.118
2016-12-23,20.69,17.111
2016-12-26,20.692,17.275
2016-12-27,20.692,17.275
2016-12-28,20.617,17.275
2016-12-29,20.738,17.273
2016-12-30,20.695,17.205
2017-01-02,20.655,17.373
2017-01-03,20.742,17.373
2017-01-04,20.697,17.373
2017-01-05,21.147,17.375
2017-01-06,21.279,17.29
2017-01-09,21.276,17.683
2017-01-10,21.295,17.683
2017-01-11,21.425,17.791
2017-01-12,21.864,17.834
2017-01-13,21.603,17.79
2017-01-16,21.655,17.95
2017-01-17,21.595,17.95
2017-01-18,21.579,18.131
2017-01-19,21.694,18.243
2017-01-20,21.976,18.118
2017-01-23,21.981,18.555
2017-01-24,21.413,18.555
2017-01-25,21.293,18.52
2017-01-26,21.472,18.49
2017-01-27,21.006,18.572
2017-01-30,21.108,18.341
2017-01-31,20.776,18.341
2017-02-01,20.722,18.32
2017-02-02,20.704,18.266
2017-02-03,20.598,18.341
2017-02-06,20.497,18.124
2017-02-07,20.372,18.124
2017-02-08,20.64,18.21
2017-02-09,20.544,18.66
2017-02-10,20.443,18.861
2017-02-13,20.277,19.041
2017-02-14,20.346,19.041
2017-02-15,20.237,19.233
2017-02-16,20.349,18.865
2017-02-17,20.276,18.848
2017-02-20,20.474,18.234
2017-02-21,20.466,18.234
2017-02-22,20.431,18.289
2017-02-23,20.03,18.08
2017-02-24,19.876,18.085
2017-02-27,19.694,18.138
2017-02-28,19.792,18.138
2017-03-01,19.892,18.185
2017-03-02,20.042,18.016
2017-03-03,19.926,17.89
2017-03-06,19.654,17.899
2017-03-07,19.53,17.831
2017-03-08,19.489,17.828
2017-03-09,19.622,17.813
2017-03-10,19.787,17.817
2017-03-13,19.77,17.669
2017-03-14,19.638,17.75
2017-03-15,19.61,17.776
2017-03-16,19.583,17.866
2017-03-17,19.091,17.941
2017-03-20,19.159,17.521
2017-03-21,19.114,17.26
2017-03-22,18.985,17.383
2017-03-23,19.145,17.453
2017-03-24,19.095,17.451
2017-03-27,18.906,17.669
2017-03-28,18.819,17.669
2017-03-29,18.872,17.669
2017-03-30,18.936,17.492
2017-03-31,18.742,17.245
2017-04-03,18.724,17.207
2017-04-04,18.74,17.407
2017-04-05,18.901,17.331
2017-04-06,18.747,17.591
2017-04-07,18.788,17.773
2017-04-10,18.765,17.756
2017-04-11,18.679,17.787
2017-04-12,18.692,17.728
2017-04-13,18.801,17.572
2017-04-14,18.595,17.546
2017-04-17,18.595,17.478
2017-04-18,18.595,17.541
2017-04-19,18.561,17.605
2017-04-20,18.666,17.275
2017-04-21,18.798,17.318
2017-04-24,18.832,17.281
2017-04-25,18.588,17.475
2017-04-26,18.841,17.582
2017-04-27,18.935,17.533
2017-04-28,18.989,17.392
2017-05-01,18.984,17.319
2017-05-02,18.984,17.151
2017-05-03,18.742,17.126
2017-05-04,18.808,17.414
2017-05-05,18.98,17.781
2017-05-08,19.056,17.673
2017-05-09,19.046,17.956
2017-05-10,19.174,17.931
2017-05-11,19.075,18.13
2017-05-12,18.973,17.995
2017-05-15,18.897,17.901
2017-05-16,18.686,18.05
2017-05-17,18.708,18.207
2017-05-18,18.669,18.314
2017-05-19,19.117,18.431
2017-05-22,18.73,18.467
2017-05-23,18.646,18.41
2017-05-24,18.613,18.37
2017-05-25,18.578,18.432
2017-05-26,18.398,18.394
2017-05-29,18.474,18.369
2017-05-30,18.509,18.5
2017-05-31,18.558,18.473
2017-06-01,18.765,18.395
2017-06-02,18.647,18.483
2017-06-05,18.631,18.572
2017-06-06,18.395,18.72
2017-06-07,18.382,18.559
2017-06-08,18.221,18.568
2017-06-09,18.23,18.177
2017-06-12,18.211,18.229
2017-06-13,18.159,18.403
2017-06-14,18.114,18.696
2017-06-15,18.038,18.991
2017-06-16,18.075,18.877
2017-06-19,17.99,18.958
2017-06-20,17.966,18.88
2017-06-21,18.116,18.61
2017-06-22,18.172,18.565
2017-06-23,18.161,18.617
2017-06-26,18.045,18.29
2017-06-27,17.915,18.87
2017-06-28,17.848,19.062
2017-06-29,17.964,18.95
2017-06-30,17.936,18.695
2017-07-03,18.037,18.587
2017-07-04,18.23,18.124
2017-07-05,18.212,18.337
2017-07-06,18.276,18.668
2017-07-07,18.379,18.883
2017-07-10,18.182,18.707
2017-07-11,17.992,18.786
2017-07-12,18.015,18.443
2017-07-13,17.873,18.29
2017-07-14,17.799,18.316
2017-07-17,17.643,18.241
2017-07-18,17.554,18.37
2017-07-19,17.507,18.488
2017-07-20,17.493,18.46
2017-07-21,17.592,18.495
2017-07-24,17.502,18.65
2017-07-25,17.684,18.605
2017-07-26,17.719,18.581
2017-07-27,17.746,18.799
2017-07-28,17.629,18.822
2017-07-31,17.741,18.821
2017-08-01,17.79,18.923
2017-08-02,17.78,18.749
2017-08-03,17.911,18.856
2017-08-04,17.828,18.911
2017-08-07,17.808,18.83
2017-08-08,17.932,18.849
2017-08-09,17.905,18.62
2017-08-10,17.957,18.507
2017-08-11,17.947,18.323
2017-08-14,17.995,18.428
2017-08-15,17.757,18.272
2017-08-16,17.834,18.137
2017-08-17,17.777,17.953
2017-08-18,17.714,18.152
2017-08-21,17.884,18.156
2017-08-22,17.713,18.324
2017-08-23,17.663,18.3
2017-08-24,17.806,18.242
2017-08-25,17.661,18.543
2017-08-28,17.652,18.457
2017-08-29,17.659,18.353
2017-08-30,17.862,18.589
2017-08-31,17.864,18.583
2017-09-01,17.83,18.812
2017-09-04,17.836,18.8
2017-09-05,17.858,18.774
2017-09-06,17.845,18.509
2017-09-07,17.848,18.523
2017-09-08,17.735,18.352
2017-09-11,17.693,18.337
2017-09-12,17.683,18.803
2017-09-13,17.707,19.099
2017-09-14,17.767,19.01
2017-09-15,17.773,19.148
2017-09-18,17.668,19.232
2017-09-19,17.682,19.389
2017-09-20,17.75,19.601
2017-09-21,17.752,19.64
2017-09-22,17.829,19.736
2017-09-25,17.8,19.622
2017-09-26,17.804,19.626
2017-09-27,17.971,19.854
2017-09-28,18.094,19.541
2017-09-29,18.166,19.437
2017-10-02,18.178,19.424
2017-10-03,18.318,19.478
2017-10-04,18.267,19.237
2017-10-05,18.145,19.338
2017-10-06,18.235,19.278
2017-10-09,18.497,19.285
2017-10-10,18.631,19.354
2017-10-11,18.572,18.942
2017-10-12,18.78,18.873
2017-10-13,18.733,18.926
2017-10-16,18.957,18.983
2017-10-17,19.057,18.947
2017-10-18,19.077,18.938
2017-10-19,18.836,18.713
2017-10-20,18.82,18.658
2017-10-23,18.893,18.562
2017-10-24,18.988,18.655
2017-10-25,19.117,18.571
2017-10-26,19.179,18.49
2017-10-27,19.032,18.624
2017-10-30,19.26,18.725
2017-10-31,19.097,18.823
2017-11-01,19.158,18.925
2017-11-02,19.184,18.883
2017-11-03,19.091,19.374
2017-11-06,18.995,19.29
2017-11-07,19.103,19.136
2017-11-08,19.089,18.658
2017-11-09,19.07,18.562
2017-11-10,19.125,19.826
2017-11-13,19.07,20.227
2017-11-14,19.173,20.824
2017-11-15,19.095,20.88
2017-11-16,19.163,20.467
2017-11-17,19.142,20.47
2017-11-20,19.042,20.295
2017-11-21,18.97,20.413
2017-11-22,18.948,20.483
2017-11-23,18.808,20.33
2017-11-24,18.647,20.594
2017-11-27,18.616,20.748
2017-11-28,18.513,20.65
2017-11-29,18.537,20.549
2017-11-30,18.524,20.685
2017-12-01,18.57,20.572
2017-12-04,18.674,20.64
2017-12-05,18.628,20.782
2017-12-06,18.638,20.636
2017-12-07,18.789,20.375
2017-12-08,18.936,20.325
2017-12-11,18.924,20.342
2017-12-12,18.908,20.439
2017-12-13,19.086,20.241
2017-12-14,19.208,20.244
2017-12-15,19.1,20.262
2017-12-18,19.167,20.655
2017-12-19,19.052,20.359
2017-12-20,19.041,20.426
2017-12-21,19.246,20.373
2017-12-22,19.31,20.444
2017-12-25,19.511,20.69
2017-12-26,19.511,20.692
2017-12-27,19.511,20.692
2017-12-28,19.775,20.617
2017-12-29,19.664,20.738
2018-01-01,19.729,20.695
2018-01-02,19.729,20.655
2018-01-03,19.522,20.742
2018-01-04,19.449,20.697
2018-01-05,19.33,21.147
2018-01-08,19.367,21.279
2018-01-09,19.278,21.276
2018-01-10,19.218,21.295
2018-01-11,19.288,21.425
2018-01-12,19.393,21.864
2018-01-15,19.112,21.603
2018-01-16,18.832,21.655
2018-01-17,18.773,21.595
2018-01-18,18.798,21.579
2018-01-19,18.649,21.694
2018-01-22,18.618,21.976
2018-01-23,18.634,21.981
2018-01-24,18.828,21.413
2018-01-25,18.543,21.293
2018-01-26,18.442,21.472
2018-01-29,18.549,21.006
2018-01-30,18.606,21.108
2018-01-31,18.621,20.776
2018-02-01,18.645,20.722
2018-02-02,18.566,20.704
2018-02-05,18.457,20.598
2018-02-06,18.588,20.497
2018-02-07,18.811,20.372
2018-02-08,18.68,20.64
2018-02-09,18.768,20.544
2018-02-12,18.816,20.443
2018-02-13,18.622,20.277
2018-02-14,18.631,20.346
2018-02-15,18.621,20.237
2018-02-16,18.511,20.349
2018-02-19,18.504,20.276
2018-02-20,18.544,20.474
2018-02-21,18.639,20.466
2018-02-22,18.723,20.431
2018-02-23,18.795,20.03
2018-02-26,18.569,19.876
2018-02-27,18.602,19.694
2018-02-28,18.722,19.792
2018-03-01,18.785,19.892
2018-03-02,18.927,20.042
2018-03-05,18.928,19.926
2018-03-06,18.899,19.654
2018-03-07,18.666,19.53
2018-03-08,18.85,19.489
