Date,ROL,YTD
1999-01-05,11121.0,?
1999-01-06,11169.0,?
1999-01-07,11213.0,?
1999-01-08,11255.0,?
1999-01-11,11273.0,?
1999-01-12,11220.0,?
1999-01-13,11208.0,?
1999-01-14,11196.0,?
1999-01-15,11271.0,?
1999-01-18,11323.0,?
1999-01-19,11422.0,?
1999-01-20,11480.0,?
1999-01-21,11468.0,?
1999-01-22,11478.0,?
1999-01-25,11485.0,?
1999-01-26,11497.0,?
1999-01-27,11508.0,?
1999-01-28,11538.0,?
1999-01-29,11568.0,?
1999-02-01,11665.0,?
1999-02-02,11825.0,?
1999-02-03,11993.0,?
1999-02-04,12049.0,?
1999-02-05,12124.0,?
1999-02-08,12238.0,?
1999-02-09,12198.0,?
1999-02-10,12110.0,?
1999-02-11,12143.0,?
1999-02-12,12242.0,?
1999-02-15,12152.0,?
1999-02-16,12158.0,?
1999-02-17,12253.0,?
1999-02-18,12258.0,?
1999-02-19,12337.0,?
1999-02-22,12386.0,?
1999-02-23,12445.0,?
1999-02-24,12579.0,?
1999-02-25,12746.0,?
1999-02-26,12845.0,?
1999-03-01,12775.0,?
1999-03-02,12815.0,?
1999-03-03,12967.0,?
1999-03-04,13135.0,?
1999-03-05,13399.0,?
1999-03-08,13389.0,?
1999-03-09,12981.0,?
1999-03-10,13415.0,?
1999-03-11,13540.0,?
1999-03-12,13728.0,?
1999-03-15,13555.0,?
1999-03-16,13894.0,?
1999-03-17,14614.0,?
1999-03-18,16255.0,?
1999-03-19,16247.0,?
1999-03-22,14850.0,?
1999-03-23,14900.0,?
1999-03-24,14906.0,?
1999-03-25,14500.0,?
1999-03-26,14565.0,?
1999-03-29,14750.0,?
1999-03-30,15000.0,?
1999-03-31,15330.0,?
1999-04-01,14950.0,?
1999-04-02,14810.0,?
1999-04-05,14795.0,?
1999-04-06,14870.0,?
1999-04-07,14826.0,?
1999-04-08,14500.0,?
1999-04-09,14525.0,?
1999-04-12,14275.0,?
1999-04-13,14283.0,?
1999-04-14,14789.0,?
1999-04-15,14900.0,?
1999-04-16,14950.0,?
1999-04-19,14902.0,?
1999-04-20,14898.0,?
1999-04-21,14884.0,?
1999-04-22,14783.0,?
1999-04-23,14847.0,?
1999-04-26,14797.0,?
1999-04-27,14795.0,?
1999-04-28,14845.0,?
1999-04-29,14872.0,?
1999-04-30,14988.0,?
1999-05-03,14940.0,?
1999-05-04,14927.0,?
1999-05-05,14957.0,?
1999-05-06,14938.0,?
1999-05-07,14946.0,?
1999-05-10,14970.0,?
1999-05-11,14970.0,?
1999-05-12,14986.0,?
1999-05-13,14953.0,?
1999-05-14,15020.0,?
1999-05-17,14973.0,?
1999-05-18,15250.0,?
1999-05-19,15505.0,?
1999-05-20,15470.0,?
1999-05-21,15480.0,?
1999-05-24,15522.0,?
1999-05-25,15510.0,?
1999-05-26,15508.0,?
1999-05-27,15535.0,?
1999-05-28,15585.0,?
1999-05-31,15616.0,?
1999-06-01,15615.0,?
1999-06-02,15623.0,?
1999-06-03,15652.0,?
1999-06-04,15720.0,?
1999-06-07,15754.0,?
1999-06-08,15776.0,?
1999-06-09,15779.0,?
1999-06-10,15759.0,?
1999-06-11,15790.0,?
1999-06-14,15772.0,?
1999-06-15,15740.0,?
1999-06-16,15754.0,?
1999-06-17,15761.0,?
1999-06-18,15825.0,?
1999-06-21,15825.0,?
1999-06-22,15872.0,?
1999-06-23,15713.0,?
1999-06-24,15767.0,?
1999-06-25,15683.0,?
1999-06-28,15740.0,?
1999-06-29,15838.0,?
1999-06-30,15904.0,?
1999-07-01,15868.0,?
1999-07-02,15820.0,?
1999-07-05,15891.0,?
1999-07-06,15833.0,?
1999-07-07,15892.0,?
1999-07-08,15859.0,?
1999-07-09,15865.0,?
1999-07-12,15826.0,?
1999-07-13,15983.0,?
1999-07-14,15768.0,?
1999-07-15,15792.0,?
1999-07-16,15925.0,?
1999-07-19,15903.0,?
1999-07-20,15955.0,?
1999-07-21,16003.0,?
1999-07-22,15950.0,?
1999-07-23,15899.0,?
1999-07-26,15955.0,?
1999-07-27,15915.0,?
1999-07-28,15950.0,?
1999-07-29,16046.0,?
1999-07-30,15904.0,?
1999-08-02,16053.0,?
1999-08-03,16052.0,?
1999-08-04,16087.0,?
1999-08-05,16065.0,?
1999-08-06,16092.0,?
1999-08-09,16035.0,?
1999-08-10,16029.0,?
1999-08-11,16003.0,?
1999-08-12,16065.0,?
1999-08-13,16060.0,?
1999-08-16,16047.0,?
1999-08-17,16091.0,?
1999-08-18,16082.0,?
1999-08-19,16090.0,?
1999-08-20,16095.0,?
1999-08-23,15869.0,?
1999-08-24,16112.0,?
1999-08-25,16138.0,?
1999-08-26,16150.0,?
1999-08-27,16140.0,?
1999-08-30,16195.0,?
1999-08-31,16220.0,?
1999-09-01,16209.0,?
1999-09-02,16227.0,?
1999-09-03,16190.0,?
1999-09-06,16287.0,?
1999-09-07,16446.0,?
1999-09-08,16284.0,?
1999-09-09,16334.0,?
1999-09-10,16363.0,?
1999-09-13,16447.0,?
1999-09-14,16343.0,?
1999-09-15,16347.0,?
1999-09-16,16346.0,?
1999-09-17,16367.0,?
1999-09-20,16373.0,?
1999-09-21,16377.0,?
1999-09-22,16375.0,?
1999-09-23,16377.0,?
1999-09-24,16394.0,?
1999-09-27,16391.0,?
1999-09-28,16422.0,?
1999-09-29,16451.0,?
1999-09-30,16453.0,?
1999-10-01,16465.0,?
1999-10-04,16503.0,?
1999-10-05,16516.0,?
1999-10-06,16569.0,?
1999-10-07,16588.0,?
1999-10-08,16628.0,?
1999-10-11,16658.0,?
1999-10-12,16662.0,?
1999-10-13,16604.0,?
1999-10-14,16685.0,?
1999-10-15,16738.0,?
1999-10-18,16712.0,?
1999-10-19,16721.0,?
1999-10-20,16750.0,?
1999-10-21,16763.0,?
1999-10-22,16770.0,?
1999-10-25,16792.0,?
1999-10-26,16795.0,?
1999-10-27,16804.0,?
1999-10-28,16816.0,?
1999-10-29,16845.0,?
1999-11-01,16878.0,?
1999-11-02,16921.0,?
1999-11-03,16980.0,?
1999-11-04,17065.0,?
1999-11-05,17105.0,?
1999-11-08,17243.0,?
1999-11-09,17130.0,?
1999-11-10,17170.0,?
1999-11-11,17178.0,?
1999-11-12,17236.0,?
1999-11-15,17320.0,?
1999-11-16,17350.0,?
1999-11-17,17420.0,?
1999-11-18,17500.0,?
1999-11-19,17800.0,?
1999-11-22,17917.0,?
1999-11-23,17900.0,?
1999-11-24,17918.0,?
1999-11-25,17837.0,?
1999-11-26,17947.0,?
1999-11-29,17875.0,?
1999-11-30,17880.0,?
1999-12-01,17865.0,?
1999-12-02,17880.0,?
1999-12-03,17870.0,?
1999-12-06,17870.0,?
1999-12-07,17970.0,?
1999-12-08,18070.0,?
1999-12-09,18030.0,?
1999-12-10,17960.0,?
1999-12-13,17900.0,?
1999-12-14,17905.0,?
1999-12-15,17918.0,?
1999-12-16,17905.0,?
1999-12-17,17940.0,?
1999-12-20,17910.0,?
1999-12-21,17915.0,?
1999-12-22,17911.0,?
1999-12-23,17980.0,?
1999-12-24,17995.0,?
1999-12-27,18102.0,?
1999-12-28,18205.0,?
1999-12-29,18227.0,?
1999-12-30,18325.0,?
1999-12-31,18261.0,?
2000-01-03,18261.0,?
2000-01-04,18110.0,?
2000-01-05,18300.0,11121.0
2000-01-06,18305.0,11169.0
2000-01-07,18290.0,11213.0
2000-01-10,18302.0,11255.0
2000-01-11,18310.0,11273.0
2000-01-12,18315.0,11220.0
2000-01-13,18310.0,11208.0
2000-01-14,18353.0,11196.0
2000-01-17,18363.0,11271.0
2000-01-18,18330.0,11323.0
2000-01-19,18336.0,11422.0
2000-01-20,18320.0,11480.0
2000-01-21,18348.0,11468.0
2000-01-24,18347.0,11478.0
2000-01-25,18370.0,11485.0
2000-01-26,18382.0,11497.0
2000-01-27,18410.0,11508.0
2000-01-28,18455.0,11538.0
2000-01-31,18452.0,11568.0
2000-02-01,18459.0,11665.0
2000-02-02,18459.0,11825.0
2000-02-03,18458.0,11993.0
2000-02-04,18555.0,12049.0
2000-02-07,18598.0,12124.0
2000-02-08,18610.0,12238.0
2000-02-09,18582.0,12198.0
2000-02-10,18605.0,12110.0
2000-02-11,18672.0,12143.0
2000-02-14,18679.0,12242.0
2000-02-15,18689.0,12152.0
2000-02-16,18696.0,12158.0
2000-02-17,18710.0,12253.0
2000-02-18,18780.0,12258.0
2000-02-21,18790.0,12337.0
2000-02-22,18812.0,12386.0
2000-02-23,18811.0,12445.0
2000-02-24,18803.0,12579.0
2000-02-25,18863.0,12746.0
2000-02-28,18870.0,12845.0
2000-02-29,18897.0,12845.0
2000-03-01,18890.0,12775.0
2000-03-02,18920.0,12815.0
2000-03-03,18946.0,12967.0
2000-03-06,18962.0,13399.0
2000-03-07,19016.0,13399.0
2000-03-08,19053.0,13389.0
2000-03-09,19071.0,12981.0
2000-03-10,19085.0,13415.0
2000-03-13,19086.0,13728.0
2000-03-14,19090.0,13728.0
2000-03-15,19125.0,13555.0
2000-03-16,19165.0,13894.0
2000-03-17,19228.0,14614.0
2000-03-20,19270.0,16247.0
2000-03-21,19248.0,16247.0
2000-03-22,19263.0,14850.0
2000-03-23,19318.0,14900.0
2000-03-24,19354.0,14906.0
2000-03-27,19365.0,14565.0
2000-03-28,19382.0,14565.0
2000-03-29,19410.0,14750.0
2000-03-30,19585.0,15000.0
2000-03-31,19457.0,15330.0
2000-04-03,19486.0,14810.0
2000-04-04,19500.0,14810.0
2000-04-05,19514.0,14795.0
2000-04-06,19525.0,14870.0
2000-04-07,19553.0,14826.0
2000-04-10,19590.0,14525.0
2000-04-11,19615.0,14525.0
2000-04-12,19642.0,14275.0
2000-04-13,19670.0,14283.0
2000-04-14,19716.0,14789.0
2000-04-17,19743.0,14950.0
2000-04-18,19761.0,14950.0
2000-04-19,19797.0,14902.0
2000-04-20,19816.0,14898.0
2000-04-21,19860.0,14884.0
2000-04-24,19860.0,14847.0
2000-04-25,19860.0,14847.0
2000-04-26,19957.0,14797.0
2000-04-27,19984.0,14795.0
2000-04-28,20046.0,14845.0
2000-05-01,20076.0,14988.0
2000-05-02,20076.0,14988.0
2000-05-03,20094.0,14940.0
2000-05-04,20110.0,14927.0
2000-05-05,20137.0,14957.0
2000-05-08,19959.0,14946.0
2000-05-09,20173.0,14946.0
2000-05-10,20205.0,14970.0
2000-05-11,20235.0,14970.0
2000-05-12,20276.0,14986.0
2000-05-15,20315.0,15020.0
2000-05-16,20340.0,15020.0
2000-05-17,20367.0,14973.0
2000-05-18,20399.0,15250.0
2000-05-19,20450.0,15505.0
2000-05-22,20495.0,15480.0
2000-05-23,20543.0,15480.0
2000-05-24,20555.0,15522.0
2000-05-25,20558.0,15510.0
2000-05-26,20606.0,15508.0
2000-05-29,20618.0,15585.0
2000-05-30,20651.0,15585.0
2000-05-31,20680.0,15616.0
2000-06-01,20702.0,15615.0
2000-06-02,20728.0,15623.0
2000-06-05,20750.0,15720.0
2000-06-06,20775.0,15720.0
2000-06-07,20809.0,15754.0
2000-06-08,20828.0,15776.0
2000-06-09,20930.0,15779.0
2000-06-12,20882.0,15790.0
2000-06-13,20910.0,15790.0
2000-06-14,20944.0,15772.0
2000-06-15,20980.0,15740.0
2000-06-16,21023.0,15754.0
2000-06-19,21053.0,15825.0
2000-06-20,21087.0,15825.0
2000-06-21,21108.0,15825.0
2000-06-22,21132.0,15872.0
2000-06-23,21182.0,15713.0
2000-06-26,21208.0,15683.0
2000-06-27,21225.0,15683.0
2000-06-28,21250.0,15740.0
2000-06-29,21272.0,15838.0
2000-06-30,21325.0,15904.0
2000-07-03,21365.0,15820.0
2000-07-04,21360.0,15820.0
2000-07-05,21390.0,15891.0
2000-07-06,21409.0,15833.0
2000-07-07,21456.0,15892.0
2000-07-10,21470.0,15865.0
2000-07-11,21477.0,15865.0
2000-07-12,21499.0,15826.0
2000-07-13,21515.0,15983.0
2000-07-14,21545.0,15768.0
2000-07-17,21557.0,15925.0
2000-07-18,21576.0,15925.0
2000-07-19,21599.0,15903.0
2000-07-20,21613.0,15955.0
2000-07-21,21657.0,16003.0
2000-07-24,21676.0,15899.0
2000-07-25,21708.0,15899.0
2000-07-26,21735.0,15955.0
2000-07-27,21770.0,15915.0
2000-07-28,21831.0,15950.0
2000-07-31,21867.0,15904.0
2000-08-01,21895.0,15904.0
2000-08-02,21929.0,16053.0
2000-08-03,21965.0,16052.0
2000-08-04,22012.0,16087.0
2000-08-07,22048.0,16092.0
2000-08-08,22079.0,16092.0
2000-08-09,22122.0,16035.0
2000-08-10,22160.0,16029.0
2000-08-11,22237.0,16003.0
2000-08-14,22278.0,16060.0
2000-08-15,22315.0,16060.0
2000-08-16,22343.0,16047.0
2000-08-17,22392.0,16091.0
2000-08-18,22460.0,16082.0
2000-08-21,22499.0,16095.0
2000-08-22,22555.0,16095.0
2000-08-23,22614.0,15869.0
2000-08-24,22653.0,16112.0
2000-08-25,22733.0,16138.0
2000-08-28,22745.0,16140.0
2000-08-29,22832.0,16140.0
2000-08-30,22864.0,16195.0
2000-08-31,22900.0,16220.0
2000-09-01,23000.0,16209.0
2000-09-04,23050.0,16190.0
2000-09-05,23100.0,16190.0
2000-09-06,23210.0,16287.0
2000-09-07,23232.0,16446.0
2000-09-08,23287.0,16284.0
2000-09-11,23339.0,16363.0
2000-09-12,23360.0,16363.0
2000-09-13,23427.0,16447.0
2000-09-14,23492.0,16343.0
2000-09-15,23596.0,16347.0
2000-09-18,23637.0,16367.0
2000-09-19,23659.0,16367.0
2000-09-20,23717.0,16373.0
2000-09-21,23852.0,16377.0
2000-09-22,23835.0,16375.0
2000-09-25,23873.0,16394.0
2000-09-26,23921.0,16394.0
2000-09-27,23980.0,16391.0
2000-09-28,24027.0,16422.0
2000-09-29,24115.0,16451.0
2000-10-02,24172.0,16465.0
2000-10-03,24284.0,16465.0
2000-10-04,24298.0,16503.0
2000-10-05,24301.0,16516.0
2000-10-06,24259.0,16569.0
2000-10-09,24365.0,16628.0
2000-10-10,24365.0,16628.0
2000-10-11,24399.0,16658.0
2000-10-12,24424.0,16662.0
2000-10-13,24488.0,16604.0
2000-10-16,24506.0,16738.0
2000-10-17,24547.0,16738.0
2000-10-18,24533.0,16712.0
2000-10-19,24590.0,16721.0
2000-10-20,24637.0,16750.0
2000-10-23,24682.0,16770.0
2000-10-24,24678.0,16770.0
2000-10-25,24627.0,16792.0
2000-10-26,24749.0,16795.0
2000-10-27,24845.0,16804.0
2000-10-30,24710.0,16845.0
2000-10-31,24826.0,16845.0
2000-11-01,24847.0,16878.0
2000-11-02,24855.0,16921.0
2000-11-03,24831.0,16980.0
2000-11-06,24951.0,17105.0
2000-11-07,24944.0,17105.0
2000-11-08,24988.0,17243.0
2000-11-09,24997.0,17130.0
2000-11-10,25004.0,17170.0
2000-11-13,24943.0,17236.0
2000-11-14,25056.0,17236.0
2000-11-15,25072.0,17320.0
2000-11-16,25070.0,17350.0
2000-11-17,25117.0,17420.0
2000-11-20,25145.0,17800.0
2000-11-21,25133.0,17800.0
2000-11-22,25163.0,17917.0
2000-11-23,25198.0,17900.0
2000-11-24,25232.0,17918.0
2000-11-27,25255.0,17947.0
2000-11-28,25222.0,17947.0
2000-11-29,25274.0,17875.0
2000-11-30,25271.0,17880.0
2000-12-01,25330.0,17865.0
2000-12-04,25359.0,17870.0
2000-12-05,25369.0,17870.0
2000-12-06,25432.0,17870.0
2000-12-07,25421.0,17970.0
2000-12-08,25453.0,18070.0
2000-12-11,25447.0,17960.0
2000-12-12,25480.0,17960.0
2000-12-13,25511.0,17900.0
2000-12-14,25565.0,17905.0
2000-12-15,25587.0,17918.0
2000-12-18,25555.0,17940.0
2000-12-19,25112.0,17940.0
2000-12-20,25615.0,17910.0
2000-12-21,25642.0,17915.0
2000-12-22,25701.0,17911.0
2000-12-25,25764.0,17995.0
2000-12-26,25764.0,17995.0
2000-12-27,25764.0,18102.0
2000-12-28,25815.0,18205.0
2000-12-29,25873.0,18227.0
2001-01-01,25945.0,18261.0
2001-01-02,25945.0,18261.0
2001-01-03,25965.0,18261.0
2001-01-04,25950.0,18110.0
2001-01-05,25980.0,18300.0
2001-01-08,25958.0,18290.0
2001-01-09,26043.0,18290.0
2001-01-10,26090.0,18302.0
2001-01-11,26084.0,18310.0
2001-01-12,26147.0,18315.0
2001-01-15,26163.0,18353.0
2001-01-16,26199.0,18353.0
2001-01-17,26226.0,18363.0
2001-01-18,26219.0,18330.0
2001-01-19,26312.0,18336.0
2001-01-22,26293.0,18348.0
2001-01-23,26338.0,18348.0
2001-01-24,26335.0,18347.0
2001-01-25,26379.0,18370.0
2001-01-26,26429.0,18382.0
2001-01-29,26265.0,18455.0
2001-01-30,26456.0,18455.0
2001-01-31,26493.0,18452.0
2001-02-01,26305.0,18459.0
2001-02-02,26609.0,18459.0
2001-02-05,26584.0,18555.0
2001-02-06,26550.0,18555.0
2001-02-07,26550.0,18598.0
2001-02-08,26770.0,18610.0
2001-02-09,26634.0,18582.0
2001-02-12,26723.0,18672.0
2001-02-13,26707.0,18672.0
2001-02-14,26757.0,18679.0
2001-02-15,26759.0,18689.0
2001-02-16,26812.0,18696.0
2001-02-19,26854.0,18780.0
2001-02-20,26864.0,18780.0
2001-02-21,26920.0,18790.0
2001-02-22,26901.0,18812.0
2001-02-23,26975.0,18811.0
2001-02-26,26980.0,18863.0
2001-02-27,27032.0,18863.0
2001-02-28,27015.0,18870.0
2001-03-01,27052.0,18890.0
2001-03-02,27112.0,18920.0
2001-03-05,27117.0,18946.0
2001-03-06,27139.0,18962.0
2001-03-07,27146.0,19016.0
2001-03-08,27155.0,19053.0
2001-03-09,27169.0,19071.0
2001-03-12,27135.0,19085.0
2001-03-13,27233.0,19086.0
2001-03-14,27201.0,19090.0
2001-03-15,27230.0,19125.0
2001-03-16,27268.0,19165.0
2001-03-19,27294.0,19228.0
2001-03-20,27303.0,19270.0
2001-03-21,27325.0,19248.0
2001-03-22,27341.0,19263.0
2001-03-23,27450.0,19318.0
2001-03-26,27457.0,19354.0
2001-03-27,27454.0,19365.0
2001-03-28,27470.0,19382.0
2001-03-29,27511.0,19410.0
2001-03-30,27491.0,19585.0
2001-04-02,27548.0,19457.0
2001-04-03,27591.0,19486.0
2001-04-04,27584.0,19500.0
2001-04-05,27615.0,19514.0
2001-04-06,27675.0,19525.0
2001-04-09,27694.0,19553.0
2001-04-10,27728.0,19590.0
2001-04-11,27742.0,19615.0
2001-04-12,27766.0,19642.0
2001-04-13,27800.0,19670.0
2001-04-16,27800.0,19716.0
2001-04-17,27800.0,19743.0
2001-04-18,27904.0,19761.0
2001-04-19,27936.0,19797.0
2001-04-20,28007.0,19816.0
2001-04-23,27998.0,19860.0
2001-04-24,28013.0,19860.0
2001-04-25,28027.0,19860.0
2001-04-26,28106.0,19957.0
2001-04-27,28124.0,19984.0
2001-04-30,28198.0,20046.0
2001-05-01,28233.0,20076.0
2001-05-02,28233.0,20076.0
2001-05-03,28255.0,20094.0
2001-05-04,28285.0,20110.0
2001-05-07,28286.0,20137.0
2001-05-08,28319.0,19959.0
2001-05-09,28333.0,20173.0
2001-05-10,28335.0,20205.0
2001-05-11,28565.0,20235.0
2001-05-14,28405.0,20276.0
2001-05-15,28439.0,20315.0
2001-05-16,28471.0,20340.0
2001-05-17,28509.0,20367.0
2001-05-18,28505.0,20399.0
2001-05-21,28506.0,20450.0
2001-05-22,28647.0,20495.0
2001-05-23,28554.0,20543.0
2001-05-24,28581.0,20555.0
2001-05-25,28660.0,20558.0
2001-05-28,28656.0,20606.0
2001-05-29,28705.0,20618.0
2001-05-30,28695.0,20651.0
2001-05-31,28689.0,20680.0
2001-06-01,28764.0,20702.0
2001-06-04,28746.0,20728.0
2001-06-05,28785.0,20750.0
2001-06-06,28795.0,20775.0
2001-06-07,28815.0,20809.0
2001-06-08,28859.0,20828.0
2001-06-11,28885.0,20930.0
2001-06-12,28909.0,20882.0
2001-06-13,28874.0,20910.0
2001-06-14,28898.0,20944.0
2001-06-15,28945.0,20980.0
2001-06-18,28929.0,21023.0
2001-06-19,28974.0,21053.0
2001-06-20,28966.0,21087.0
2001-06-21,29011.0,21108.0
2001-06-22,29060.0,21132.0
2001-06-25,29016.0,21182.0
2001-06-26,29075.0,21208.0
2001-06-27,29097.0,21225.0
2001-06-28,29129.0,21250.0
2001-06-29,29159.0,21272.0
2001-07-02,29150.0,21325.0
2001-07-03,29209.0,21365.0
2001-07-04,29175.0,21360.0
2001-07-05,29171.0,21390.0
2001-07-06,29181.0,21409.0
2001-07-09,29251.0,21456.0
2001-07-10,29227.0,21470.0
2001-07-11,29260.0,21477.0
2001-07-12,29238.0,21499.0
2001-07-13,29283.0,21515.0
2001-07-16,29277.0,21545.0
2001-07-17,29293.0,21557.0
2001-07-18,29376.0,21576.0
2001-07-19,29340.0,21599.0
2001-07-20,29451.0,21613.0
2001-07-23,29427.0,21657.0
2001-07-24,29467.0,21676.0
2001-07-25,29505.0,21708.0
2001-07-26,29501.0,21735.0
2001-07-27,29569.0,21770.0
2001-07-30,29571.0,21831.0
2001-07-31,29585.0,21867.0
2001-08-01,29614.0,21895.0
2001-08-02,29661.0,21929.0
2001-08-03,29735.0,21965.0
2001-08-06,29693.0,22012.0
2001-08-07,29709.0,22048.0
2001-08-08,29765.0,22079.0
2001-08-09,29759.0,22122.0
2001-08-10,29798.0,22160.0
2001-08-13,29793.0,22237.0
2001-08-14,29786.0,22278.0
2001-08-15,29819.0,22315.0
2001-08-16,29830.0,22343.0
2001-08-17,29804.0,22392.0
2001-08-20,29768.0,22460.0
2001-08-21,29775.0,22499.0
2001-08-22,29804.0,22555.0
2001-08-23,29788.0,22614.0
2001-08-24,29818.0,22653.0
2001-08-27,29833.0,22733.0
2001-08-28,29867.0,22745.0
2001-08-29,29891.0,22832.0
2001-08-30,29961.0,22864.0
2001-08-31,29970.0,22900.0
2001-09-03,30038.0,23000.0
2001-09-04,30046.0,23050.0
2001-09-05,30066.0,23100.0
2001-09-06,30047.0,23210.0
2001-09-07,30156.0,23232.0
2001-09-10,30176.0,23287.0
2001-09-11,30150.0,23339.0
2001-09-12,30213.0,23360.0
2001-09-13,30202.0,23427.0
2001-09-14,30227.0,23492.0
2001-09-17,30231.0,23596.0
2001-09-18,30230.0,23637.0
2001-09-19,30267.0,23659.0
2001-09-20,30260.0,23717.0
2001-09-21,30282.0,23852.0
2001-09-24,30301.0,23835.0
2001-09-25,30344.0,23873.0
2001-09-26,30349.0,23921.0
2001-09-27,30367.0,23980.0
2001-09-28,30432.0,24027.0
2001-10-01,30529.0,24115.0
2001-10-02,30586.0,24172.0
2001-10-03,30654.0,24284.0
2001-10-04,30576.0,24298.0
2001-10-05,30679.0,24301.0
2001-10-08,30666.0,24259.0
2001-10-09,30663.0,24365.0
2001-10-10,30733.0,24365.0
2001-10-11,30730.0,24399.0
2001-10-12,30780.0,24424.0
2001-10-15,30772.0,24488.0
2001-10-16,30798.0,24506.0
2001-10-17,30774.0,24547.0
2001-10-18,30784.0,24533.0
2001-10-19,30805.0,24590.0
2001-10-22,30830.0,24637.0
2001-10-23,30914.0,24682.0
2001-10-24,30933.0,24678.0
2001-10-25,30926.0,24627.0
2001-10-26,30884.0,24749.0
2001-10-29,30874.0,24845.0
2001-10-30,30835.0,24710.0
2001-10-31,30942.0,24826.0
2001-11-01,30996.0,24847.0
2001-11-02,31034.0,24855.0
2001-11-05,31046.0,24831.0
2001-11-06,31085.0,24951.0
2001-11-07,31110.0,24944.0
2001-11-08,31077.0,24988.0
2001-11-09,31160.0,24997.0
2001-11-12,31140.0,25004.0
2001-11-13,31248.0,24943.0
2001-11-14,31269.0,25056.0
2001-11-15,31265.0,25072.0
2001-11-16,31334.0,25070.0
2001-11-19,31354.0,25117.0
2001-11-20,31337.0,25145.0
2001-11-21,31383.0,25133.0
2001-11-22,31388.0,25163.0
2001-11-23,31405.0,25198.0
2001-11-26,31401.0,25232.0
2001-11-27,31441.0,25255.0
2001-11-28,31463.0,25222.0
2001-11-29,31478.0,25274.0
2001-11-30,31510.0,25271.0
2001-12-03,31524.0,25330.0
2001-12-04,31548.0,25359.0
2001-12-05,31555.0,25369.0
2001-12-06,31551.0,25432.0
2001-12-07,31604.0,25421.0
2001-12-10,31714.0,25453.0
2001-12-11,31831.0,25447.0
2001-12-12,31744.0,25480.0
2001-12-13,31663.0,25511.0
2001-12-14,31643.0,25565.0
2001-12-17,31610.0,25587.0
2001-12-18,31531.0,25555.0
2001-12-19,31417.0,25112.0
2001-12-20,31294.0,25615.0
2001-12-21,31437.0,25642.0
2001-12-24,31336.0,25701.0
2001-12-25,31371.0,25764.0
2001-12-26,31371.0,25764.0
2001-12-27,31371.0,25764.0
2001-12-28,31409.0,25815.0
2001-12-31,31564.0,25873.0
2002-01-01,31564.0,25945.0
2002-01-02,31564.0,25945.0
2002-01-03,31740.0,25965.0
2002-01-04,31920.0,25950.0
2002-01-07,32072.0,25980.0
2002-01-08,32341.0,25958.0
2002-01-09,32089.0,26043.0
2002-01-10,32029.0,26090.0
2002-01-11,32155.0,26084.0
2002-01-14,32436.0,26147.0
2002-01-15,32004.0,26163.0
2002-01-16,32097.0,26199.0
2002-01-17,32097.0,26226.0
2002-01-18,32337.0,26219.0
2002-01-21,32040.0,26312.0
2002-01-22,32136.0,26293.0
2002-01-23,31973.0,26338.0
2002-01-24,31769.0,26335.0
2002-01-25,31794.0,26379.0
2002-01-28,31753.0,26429.0
2002-01-29,31926.0,26265.0
2002-01-30,32233.0,26456.0
2002-01-31,32265.0,26493.0
2002-02-01,32129.0,26305.0
2002-02-04,32090.0,26609.0
2002-02-05,32158.0,26584.0
2002-02-06,32192.0,26550.0
2002-02-07,32058.0,26550.0
2002-02-08,32075.0,26770.0
2002-02-11,32100.0,26634.0
2002-02-12,32075.0,26723.0
2002-02-13,32103.0,26707.0
2002-02-14,32070.0,26757.0
2002-02-15,32103.0,26759.0
2002-02-18,32094.0,26812.0
2002-02-19,32138.0,26854.0
2002-02-20,32121.0,26864.0
2002-02-21,32269.0,26920.0
2002-02-22,32470.0,26901.0
2002-02-25,32409.0,26975.0
2002-02-26,32396.0,26980.0
2002-02-27,32337.0,27032.0
2002-02-28,32516.0,27015.0
2002-03-01,32594.0,27052.0
2002-03-04,32607.0,27112.0
2002-03-05,32579.0,27117.0
2002-03-06,32589.0,27139.0
2002-03-07,32600.0,27146.0
2002-03-08,32647.0,27155.0
2002-03-11,32659.0,27169.0
2002-03-12,32693.0,27135.0
2002-03-13,32689.0,27233.0
2002-03-14,32685.0,27201.0
2002-03-15,32752.0,27230.0
2002-03-18,32691.0,27268.0
2002-03-19,32650.0,27294.0
2002-03-20,32696.0,27303.0
2002-03-21,32714.0,27325.0
2002-03-22,32936.0,27341.0
2002-03-25,33027.0,27450.0
2002-03-26,33029.0,27457.0
2002-03-27,32940.0,27454.0
2002-03-28,32884.0,27470.0
2002-03-29,32956.0,27511.0
2002-04-01,32956.0,27491.0
2002-04-02,32956.0,27548.0
2002-04-03,32863.0,27591.0
2002-04-04,32787.0,27584.0
2002-04-05,32870.0,27615.0
2002-04-08,33007.0,27675.0
2002-04-09,32889.0,27694.0
2002-04-10,32918.0,27728.0
2002-04-11,32921.0,27742.0
2002-04-12,32941.0,27766.0
2002-04-15,32932.0,27800.0
2002-04-16,33055.0,27800.0
2002-04-17,33082.0,27800.0
2002-04-18,33110.0,27904.0
2002-04-19,33122.0,27936.0
2002-04-22,33189.0,28007.0
2002-04-23,33345.0,27998.0
2002-04-24,33335.0,28013.0
2002-04-25,33324.0,28027.0
2002-04-26,33337.0,28106.0
2002-04-29,33374.0,28124.0
2002-04-30,33396.0,28198.0
2002-05-01,33428.0,28233.0
2002-05-02,33428.0,28233.0
2002-05-03,33417.0,28255.0
2002-05-06,33405.0,28285.0
2002-05-07,33418.0,28286.0
2002-05-08,33351.0,28319.0
2002-05-09,33287.0,28333.0
2002-05-10,33396.0,28335.0
2002-05-13,33397.0,28565.0
2002-05-14,33429.0,28405.0
2002-05-15,33456.0,28439.0
2002-05-16,33528.0,28471.0
2002-05-17,33528.0,28509.0
2002-05-20,33477.0,28505.0
2002-05-21,33507.0,28506.0
2002-05-22,33522.0,28647.0
2002-05-23,33529.0,28554.0
2002-05-24,33595.0,28581.0
2002-05-27,33568.0,28660.0
2002-05-28,33582.0,28656.0
2002-05-29,33575.0,28705.0
2002-05-30,33505.0,28695.0
2002-05-31,33521.0,28689.0
2002-06-03,33501.0,28764.0
2002-06-04,33536.0,28746.0
2002-06-05,33426.0,28785.0
2002-06-06,33310.0,28795.0
2002-06-07,33357.0,28815.0
2002-06-10,33329.0,28859.0
2002-06-11,33388.0,28885.0
2002-06-12,33373.0,28909.0
2002-06-13,33337.0,28874.0
2002-06-14,33407.0,28898.0
2002-06-17,33455.0,28945.0
2002-06-18,33397.0,28929.0
2002-06-19,33470.0,28974.0
2002-06-20,33366.0,28966.0
2002-06-21,33312.0,29011.0
2002-06-24,33328.0,29060.0
2002-06-25,33318.0,29016.0
2002-06-26,33411.0,29075.0
2002-06-27,33384.0,29097.0
2002-06-28,33520.0,29129.0
2002-07-01,33492.0,29159.0
2002-07-02,33331.0,29150.0
2002-07-03,33322.0,29209.0
2002-07-04,33319.0,29175.0
2002-07-05,33196.0,29171.0
2002-07-08,33226.0,29181.0
2002-07-09,33167.0,29251.0
2002-07-10,33085.0,29227.0
2002-07-11,32997.0,29260.0
2002-07-12,33080.0,29238.0
2002-07-15,33085.0,29283.0
2002-07-16,32994.0,29277.0
2002-07-17,33028.0,29293.0
2002-07-18,32860.0,29376.0
2002-07-19,32976.0,29340.0
2002-07-22,32722.0,29451.0
2002-07-23,32709.0,29427.0
2002-07-24,33242.0,29467.0
2002-07-25,32766.0,29505.0
2002-07-26,32797.0,29501.0
2002-07-29,32689.0,29569.0
2002-07-30,32814.0,29571.0
2002-07-31,32877.0,29585.0
2002-08-01,32822.0,29614.0
2002-08-02,32920.0,29661.0
2002-08-05,32943.0,29735.0
2002-08-06,32976.0,29693.0
2002-08-07,33157.0,29709.0
2002-08-08,33100.0,29765.0
2002-08-09,33071.0,29759.0
2002-08-12,33062.0,29798.0
2002-08-13,32906.0,29793.0
2002-08-14,32971.0,29786.0
2002-08-15,33057.0,29819.0
2002-08-16,33104.0,29830.0
2002-08-19,32994.0,29804.0
2002-08-20,32873.0,29768.0
2002-08-21,33094.0,29775.0
2002-08-22,33033.0,29804.0
2002-08-23,33110.0,29788.0
2002-08-26,33206.0,29818.0
2002-08-27,33155.0,29833.0
2002-08-28,33228.0,29867.0
2002-08-29,33229.0,29891.0
2002-08-30,33311.0,29961.0
2002-09-02,33244.0,29970.0
2002-09-03,33100.0,30038.0
2002-09-04,33091.0,30046.0
2002-09-05,33047.0,30066.0
2002-09-06,32984.0,30047.0
2002-09-09,33014.0,30156.0
2002-09-10,33112.0,30176.0
2002-09-11,33110.0,30150.0
2002-09-12,33031.0,30213.0
2002-09-13,33086.0,30202.0
2002-09-16,33035.0,30227.0
2002-09-17,33113.0,30231.0
2002-09-18,33231.0,30230.0
2002-09-19,33195.0,30267.0
2002-09-20,33211.0,30260.0
2002-09-23,33401.0,30282.0
2002-09-24,33219.0,30301.0
2002-09-25,33127.0,30344.0
2002-09-26,33037.0,30349.0
2002-09-27,33058.0,30367.0
2002-09-30,33047.0,30432.0
2002-10-01,33041.0,30529.0
2002-10-02,33079.0,30586.0
2002-10-03,33101.0,30654.0
2002-10-04,33076.0,30576.0
2002-10-07,33031.0,30679.0
2002-10-08,33012.0,30666.0
2002-10-09,33018.0,30663.0
2002-10-10,33077.0,30733.0
2002-10-11,33117.0,30730.0
2002-10-14,33185.0,30780.0
2002-10-15,33131.0,30772.0
2002-10-16,33221.0,30798.0
2002-10-17,33201.0,30774.0
2002-10-18,33230.0,30784.0
2002-10-21,33297.0,30805.0
2002-10-22,33260.0,30830.0
2002-10-23,33367.0,30914.0
2002-10-24,33304.0,30933.0
2002-10-25,33398.0,30926.0
2002-10-28,33402.0,30884.0
2002-10-29,33405.0,30874.0
2002-10-30,33510.0,30835.0
2002-10-31,33450.0,30942.0
2002-11-01,33526.0,30996.0
2002-11-04,33439.0,31034.0
2002-11-05,33570.0,31046.0
2002-11-06,33561.0,31085.0
2002-11-07,33538.0,31110.0
2002-11-08,33573.0,31077.0
2002-11-11,33553.0,31160.0
2002-11-12,33494.0,31140.0
2002-11-13,33594.0,31248.0
2002-11-14,33611.0,31269.0
2002-11-15,33536.0,31265.0
2002-11-18,33542.0,31334.0
2002-11-19,33507.0,31354.0
2002-11-20,33467.0,31337.0
2002-11-21,33501.0,31383.0
2002-11-22,33552.0,31388.0
2002-11-25,33566.0,31405.0
2002-11-26,33697.0,31401.0
2002-11-27,33568.0,31441.0
2002-11-28,33510.0,31463.0
2002-11-29,33551.0,31478.0
2002-12-02,33545.0,31510.0
2002-12-03,33611.0,31524.0
2002-12-04,33576.0,31548.0
2002-12-05,33614.0,31555.0
2002-12-06,33743.0,31551.0
2002-12-09,33690.0,31604.0
2002-12-10,33700.0,31714.0
2002-12-11,33678.0,31831.0
2002-12-12,33823.0,31744.0
2002-12-13,33786.0,31663.0
2002-12-16,33774.0,31643.0
2002-12-17,33801.0,31610.0
2002-12-18,33849.0,31531.0
2002-12-19,33774.0,31417.0
2002-12-20,33515.0,31294.0
2002-12-23,33447.0,31437.0
2002-12-24,33457.0,31336.0
2002-12-25,33385.0,31371.0
2002-12-26,33385.0,31371.0
2002-12-27,33385.0,31371.0
2002-12-30,33524.0,31409.0
2002-12-31,33511.0,31564.0
2003-01-01,33503.0,31564.0
2003-01-02,33503.0,31564.0
2003-01-03,33517.0,31740.0
2003-01-06,33461.0,31920.0
2003-01-07,33424.0,32072.0
2003-01-08,33610.0,32341.0
2003-01-09,33673.0,32089.0
2003-01-10,33678.0,32029.0
2003-01-13,33778.0,32155.0
2003-01-14,33692.0,32436.0
2003-01-15,33665.0,32004.0
2003-01-16,33641.0,32097.0
2003-01-17,33766.0,32097.0
2003-01-20,33522.0,32337.0
2003-01-21,33535.0,32040.0
2003-01-22,33421.0,32136.0
2003-01-23,33330.0,31973.0
2003-01-24,33357.0,31769.0
2003-01-27,33299.0,31794.0
2003-01-28,33144.0,31753.0
2003-01-29,33184.0,31926.0
2003-01-30,33109.0,32233.0
2003-01-31,33194.0,32265.0
2003-02-03,33143.0,32129.0
2003-02-04,33193.0,32090.0
2003-02-05,33124.0,32158.0
2003-02-06,32963.0,32192.0
2003-02-07,33007.0,32058.0
2003-02-10,33012.0,32075.0
2003-02-11,32858.0,32100.0
2003-02-12,32848.0,32075.0
2003-02-13,32574.0,32103.0
2003-02-14,32754.0,32070.0
2003-02-17,32629.0,32103.0
2003-02-18,32708.0,32094.0
2003-02-19,32621.0,32138.0
2003-02-20,32574.0,32121.0
2003-02-21,32658.0,32269.0
2003-02-24,32806.0,32470.0
2003-02-25,32845.0,32409.0
2003-02-26,32885.0,32396.0
2003-02-27,33021.0,32337.0
2003-02-28,33041.0,32516.0
2003-03-03,33127.0,32594.0
2003-03-04,33058.0,32607.0
2003-03-05,32890.0,32579.0
2003-03-06,32872.0,32589.0
2003-03-07,32806.0,32600.0
2003-03-10,32690.0,32647.0
2003-03-11,32679.0,32659.0
2003-03-12,32539.0,32693.0
2003-03-13,32534.0,32689.0
2003-03-14,32801.0,32685.0
2003-03-17,32879.0,32752.0
2003-03-18,32778.0,32691.0
2003-03-19,33466.0,32650.0
2003-03-20,33486.0,32696.0
2003-03-21,33610.0,32714.0
2003-03-24,33849.0,32936.0
2003-03-25,33833.0,33027.0
2003-03-26,33673.0,33029.0
2003-03-27,33671.0,32940.0
2003-03-28,33517.0,32884.0
2003-03-31,33525.0,32956.0
2003-04-01,33272.0,32956.0
2003-04-02,33248.0,32956.0
2003-04-03,33495.0,32863.0
2003-04-04,33928.0,32787.0
2003-04-07,33983.0,32870.0
2003-04-08,34322.0,33007.0
2003-04-09,34181.0,32889.0
2003-04-10,34011.0,32918.0
2003-04-11,33919.0,32921.0
2003-04-14,34080.0,32941.0
2003-04-15,34116.0,32932.0
2003-04-16,33902.0,33055.0
2003-04-17,33841.0,33082.0
2003-04-18,33739.0,33110.0
2003-04-21,33739.0,33122.0
2003-04-22,33739.0,33189.0
2003-04-23,33486.0,33345.0
2003-04-24,33404.0,33335.0
2003-04-25,33280.0,33324.0
2003-04-28,33409.0,33337.0
2003-04-29,33274.0,33374.0
2003-04-30,33443.0,33396.0
2003-05-01,33254.0,33428.0
2003-05-02,33254.0,33428.0
2003-05-05,33197.0,33417.0
2003-05-06,33259.0,33405.0
2003-05-07,33077.0,33418.0
2003-05-08,32911.0,33351.0
2003-05-09,32847.0,33287.0
2003-05-12,32708.0,33396.0
2003-05-13,32420.0,33397.0
2003-05-14,32588.0,33429.0
2003-05-15,32627.0,33456.0
2003-05-16,32746.0,33528.0
2003-05-19,32646.0,33528.0
2003-05-20,32387.0,33477.0
2003-05-21,32366.0,33507.0
2003-05-22,32271.0,33522.0
2003-05-23,32167.0,33529.0
2003-05-26,31947.0,33595.0
2003-05-27,31917.0,33568.0
2003-05-28,31795.0,33582.0
2003-05-29,32196.0,33575.0
2003-05-30,32175.0,33505.0
2003-06-02,32234.0,33521.0
2003-06-03,32527.0,33501.0
2003-06-04,32468.0,33536.0
2003-06-05,32499.0,33426.0
2003-06-06,32272.0,33310.0
2003-06-09,32405.0,33357.0
2003-06-10,32587.0,33329.0
2003-06-11,32665.0,33388.0
2003-06-12,32542.0,33373.0
2003-06-13,32598.0,33337.0
2003-06-16,32567.0,33407.0
2003-06-17,32367.0,33455.0
2003-06-18,32453.0,33397.0
2003-06-19,32699.0,33470.0
2003-06-20,32690.0,33366.0
2003-06-23,32724.0,33312.0
2003-06-24,32854.0,33328.0
2003-06-25,32754.0,33318.0
2003-06-26,32690.0,33411.0
2003-06-27,32978.0,33384.0
2003-06-30,33033.0,33520.0
2003-07-01,32957.0,33492.0
2003-07-02,32799.0,33331.0
2003-07-03,32744.0,33322.0
2003-07-04,32840.0,33319.0
2003-07-07,32802.0,33196.0
2003-07-08,32909.0,33226.0
2003-07-09,32885.0,33167.0
2003-07-10,32771.0,33085.0
2003-07-11,32798.0,32997.0
2003-07-14,32824.0,33080.0
2003-07-15,32708.0,33085.0
2003-07-16,32718.0,32994.0
2003-07-17,32812.0,33028.0
2003-07-18,32609.0,32860.0
2003-07-21,32807.0,32976.0
2003-07-22,32568.0,32722.0
2003-07-23,32424.0,32709.0
2003-07-24,32330.0,33242.0
2003-07-25,32332.0,32766.0
2003-07-28,32343.0,32797.0
2003-07-29,32361.0,32689.0
2003-07-30,32564.0,32814.0
2003-07-31,32616.0,32877.0
2003-08-01,32792.0,32822.0
2003-08-04,33309.0,32920.0
2003-08-05,33050.0,32943.0
2003-08-06,32930.0,32976.0
2003-08-07,32821.0,33157.0
2003-08-08,32903.0,33100.0
2003-08-11,32933.0,33071.0
2003-08-12,33090.0,33062.0
2003-08-13,32956.0,32906.0
2003-08-14,33098.0,32971.0
2003-08-15,33123.0,33057.0
2003-08-18,33191.0,33104.0
2003-08-19,33241.0,32994.0
2003-08-20,33511.0,32873.0
2003-08-21,33378.0,33094.0
2003-08-22,33609.0,33033.0
2003-08-25,33872.0,33110.0
2003-08-26,33845.0,33206.0
2003-08-27,33885.0,33155.0
2003-08-28,33859.0,33228.0
2003-08-29,34189.0,33229.0
2003-09-01,34044.0,33311.0
2003-09-02,34019.0,33244.0
2003-09-03,34379.0,33100.0
2003-09-04,34576.0,33091.0
2003-09-05,34515.0,33047.0
2003-09-08,34297.0,32984.0
2003-09-09,34014.0,33014.0
2003-09-10,33838.0,33112.0
2003-09-11,33916.0,33110.0
2003-09-12,33906.0,33031.0
2003-09-15,33978.0,33086.0
2003-09-16,33774.0,33035.0
2003-09-17,33787.0,33113.0
2003-09-18,33916.0,33231.0
2003-09-19,33747.0,33195.0
2003-09-22,33705.0,33211.0
2003-09-23,33406.0,33401.0
2003-09-24,33387.0,33219.0
2003-09-25,33379.0,33127.0
2003-09-26,33255.0,33037.0
2003-09-29,33328.0,33058.0
2003-09-30,33456.0,33047.0
2003-10-01,32986.0,33041.0
2003-10-02,32928.0,33079.0
2003-10-03,32937.0,33101.0
2003-10-06,32950.0,33076.0
2003-10-07,33143.0,33031.0
2003-10-08,32803.0,33012.0
2003-10-09,32777.0,33018.0
2003-10-10,32832.0,33077.0
2003-10-13,32738.0,33117.0
2003-10-14,33194.0,33185.0
2003-10-15,33338.0,33131.0
2003-10-16,33219.0,33221.0
2003-10-17,33304.0,33201.0
2003-10-20,33530.0,33230.0
2003-10-21,33408.0,33297.0
2003-10-22,33418.0,33260.0
2003-10-23,33214.0,33367.0
2003-10-24,32937.0,33304.0
2003-10-27,32976.0,33398.0
2003-10-28,33065.0,33402.0
2003-10-29,33404.0,33405.0
2003-10-30,33589.0,33510.0
2003-10-31,33667.0,33450.0
2003-11-03,33976.0,33526.0
2003-11-04,34045.0,33439.0
2003-11-05,34413.0,33570.0
2003-11-06,34517.0,33561.0
2003-11-07,34617.0,33538.0
2003-11-10,34761.0,33573.0
2003-11-11,34792.0,33553.0
2003-11-12,34744.0,33494.0
2003-11-13,34388.0,33594.0
2003-11-14,34193.0,33611.0
2003-11-17,34003.0,33536.0
2003-11-18,33822.0,33542.0
2003-11-19,33872.0,33507.0
2003-11-20,33616.0,33467.0
2003-11-21,33726.0,33501.0
2003-11-24,33757.0,33552.0
2003-11-25,33865.0,33566.0
2003-11-26,34046.0,33697.0
2003-11-27,33934.0,33568.0
2003-11-28,33878.0,33510.0
2003-12-01,33517.0,33551.0
2003-12-02,33472.0,33545.0
2003-12-03,33547.0,33611.0
2003-12-04,33314.0,33576.0
2003-12-05,33409.0,33614.0
2003-12-08,33416.0,33743.0
2003-12-09,33156.0,33690.0
2003-12-10,33116.0,33700.0
2003-12-11,33065.0,33678.0
2003-12-12,33244.0,33823.0
2003-12-15,33183.0,33786.0
2003-12-16,33183.0,33774.0
2003-12-17,33003.0,33801.0
2003-12-18,32920.0,33849.0
2003-12-19,32830.0,33774.0
2003-12-22,32801.0,33515.0
2003-12-23,32673.0,33447.0
2003-12-24,32599.0,33457.0
2003-12-25,32631.0,33385.0
2003-12-26,32631.0,33385.0
2003-12-29,32631.0,33385.0
2003-12-30,32581.0,33524.0
2003-12-31,32868.0,33511.0
2004-01-01,32587.0,33503.0
2004-01-02,32587.0,33503.0
2004-01-05,32657.0,33517.0
2004-01-06,32608.0,33461.0
2004-01-07,32478.0,33424.0
2004-01-08,32541.0,33610.0
2004-01-09,32679.0,33673.0
2004-01-12,32377.0,33678.0
2004-01-13,32234.0,33778.0
2004-01-14,32443.0,33692.0
2004-01-15,32512.0,33665.0
2004-01-16,32618.0,33641.0
2004-01-19,32930.0,33766.0
2004-01-20,33125.0,33522.0
2004-01-21,32775.0,33535.0
2004-01-22,32560.0,33421.0
2004-01-23,32533.0,33330.0
2004-01-26,32345.0,33357.0
2004-01-27,32566.0,33299.0
2004-01-28,32599.0,33144.0
2004-01-29,32397.0,33184.0
2004-01-30,32640.0,33109.0
2004-02-02,32813.0,33194.0
2004-02-03,32503.0,33143.0
2004-02-04,32139.0,33193.0
2004-02-05,32339.0,33124.0
2004-02-06,32430.0,32963.0
2004-02-09,32647.0,33007.0
2004-02-10,32221.0,33012.0
2004-02-11,32043.0,32858.0
2004-02-12,32072.0,32848.0
2004-02-13,31808.0,32574.0
2004-02-16,31806.0,32754.0
2004-02-17,31881.0,32629.0
2004-02-18,31669.0,32708.0
2004-02-19,31710.0,32621.0
2004-02-20,31786.0,32574.0
2004-02-23,32014.0,32658.0
2004-02-24,32179.0,32806.0
2004-02-25,32009.0,32845.0
2004-02-26,31894.0,32885.0
2004-02-27,32220.0,33021.0
2004-03-01,32157.0,33041.0
2004-03-02,31827.0,33041.0
2004-03-03,32065.0,33127.0
2004-03-04,32755.0,33058.0
2004-03-05,32847.0,32890.0
2004-03-08,32711.0,32806.0
2004-03-09,32252.0,32806.0
2004-03-10,32321.0,32690.0
2004-03-11,32415.0,32679.0
2004-03-12,32540.0,32539.0
2004-03-15,32627.0,32801.0
2004-03-16,32493.0,32801.0
2004-03-17,32352.0,32879.0
2004-03-18,32591.0,32778.0
2004-03-19,32587.0,33466.0
2004-03-22,32429.0,33610.0
2004-03-23,32448.0,33610.0
2004-03-24,32565.0,33849.0
2004-03-25,32858.0,33833.0
2004-03-26,33047.0,33673.0
2004-03-29,33090.0,33517.0
2004-03-30,33403.0,33517.0
2004-03-31,33185.0,33525.0
2004-04-01,33510.0,33272.0
2004-04-02,33381.0,33248.0
2004-04-05,33157.0,33928.0
2004-04-06,33778.0,33928.0
2004-04-07,33848.0,33983.0
2004-04-08,33770.0,34322.0
2004-04-09,33749.0,34181.0
2004-04-12,33749.0,33919.0
2004-04-13,33749.0,33919.0
2004-04-14,34061.0,34080.0
2004-04-15,34168.0,34116.0
2004-04-16,34234.0,33902.0
2004-04-19,34178.0,33739.0
2004-04-20,33915.0,33739.0
2004-04-21,34115.0,33739.0
2004-04-22,34228.0,33739.0
2004-04-23,34161.0,33486.0
2004-04-26,34047.0,33280.0
2004-04-27,34056.0,33280.0
2004-04-28,34073.0,33409.0
2004-04-29,34004.0,33274.0
2004-04-30,34171.0,33443.0
2004-05-03,33836.0,33254.0
2004-05-04,33737.0,33254.0
2004-05-05,33384.0,33197.0
2004-05-06,33249.0,33259.0
2004-05-07,33384.0,33077.0
2004-05-10,33403.0,32847.0
2004-05-11,34141.0,32847.0
2004-05-12,34334.0,32708.0
2004-05-13,34133.0,32420.0
2004-05-14,34164.0,32588.0
2004-05-17,34311.0,32746.0
2004-05-18,33693.0,32746.0
2004-05-19,33898.0,32646.0
2004-05-20,33892.0,32387.0
2004-05-21,34071.0,32366.0
2004-05-24,33818.0,32167.0
2004-05-25,34032.0,32167.0
2004-05-26,33824.0,31947.0
2004-05-27,33643.0,31917.0
2004-05-28,33482.0,31795.0
2004-05-31,33323.0,32175.0
2004-06-01,33420.0,32175.0
2004-06-02,33338.0,32234.0
2004-06-03,33233.0,32527.0
2004-06-04,33376.0,32468.0
2004-06-07,33411.0,32272.0
2004-06-08,33122.0,32272.0
2004-06-09,33153.0,32405.0
2004-06-10,33606.0,32587.0
2004-06-11,33907.0,32665.0
2004-06-14,33956.0,32598.0
2004-06-15,33948.0,32598.0
2004-06-16,33755.0,32567.0
2004-06-17,33831.0,32367.0
2004-06-18,33825.0,32453.0
2004-06-21,33838.0,32690.0
2004-06-22,33629.0,32690.0
2004-06-23,33590.0,32724.0
2004-06-24,33601.0,32854.0
2004-06-25,33701.0,32754.0
2004-06-28,33585.0,32978.0
2004-06-29,33365.0,32978.0
2004-06-30,33466.0,33033.0
2004-07-01,33423.0,32957.0
2004-07-02,33390.0,32799.0
2004-07-05,33435.0,32840.0
2004-07-06,33153.0,32840.0
2004-07-07,33181.0,32802.0
2004-07-08,33066.0,32909.0
2004-07-09,33132.0,32885.0
2004-07-12,33073.0,32798.0
2004-07-13,32952.0,32798.0
2004-07-14,33075.0,32824.0
2004-07-15,33128.0,32708.0
2004-07-16,33093.0,32718.0
2004-07-19,33228.0,32609.0
2004-07-20,32991.0,32609.0
2004-07-21,33040.0,32807.0
2004-07-22,33431.0,32568.0
2004-07-23,33485.0,32424.0
2004-07-26,33736.0,32332.0
2004-07-27,33830.0,32332.0
2004-07-28,33834.0,32343.0
2004-07-29,34150.0,32361.0
2004-07-30,34204.0,32564.0
2004-08-02,34160.0,32792.0
2004-08-03,34031.0,32792.0
2004-08-04,34187.0,33309.0
2004-08-05,34177.0,33050.0
2004-08-06,33984.0,32930.0
2004-08-09,33902.0,32903.0
2004-08-10,33347.0,32903.0
2004-08-11,33172.0,32933.0
2004-08-12,33247.0,33090.0
2004-08-13,33368.0,32956.0
2004-08-16,33356.0,33123.0
2004-08-17,33269.0,33123.0
2004-08-18,33129.0,33191.0
2004-08-19,33104.0,33241.0
2004-08-20,33231.0,33511.0
2004-08-23,33389.0,33609.0
2004-08-24,33563.0,33609.0
2004-08-25,33834.0,33872.0
2004-08-26,33919.0,33845.0
2004-08-27,33894.0,33885.0
2004-08-30,33947.0,34189.0
2004-08-31,34007.0,34189.0
2004-09-01,33840.0,34044.0
2004-09-02,33621.0,34019.0
2004-09-03,33640.0,34379.0
2004-09-06,33607.0,34515.0
2004-09-07,33831.0,34515.0
2004-09-08,34005.0,34297.0
2004-09-09,33973.0,34014.0
2004-09-10,33792.0,33838.0
2004-09-13,33680.0,33906.0
2004-09-14,33589.0,33906.0
2004-09-15,33534.0,33978.0
2004-09-16,33652.0,33774.0
2004-09-17,33800.0,33787.0
2004-09-20,33672.0,33747.0
2004-09-21,33890.0,33747.0
2004-09-22,33513.0,33705.0
2004-09-23,33524.0,33406.0
2004-09-24,33485.0,33387.0
2004-09-27,33443.0,33255.0
2004-09-28,33559.0,33255.0
2004-09-29,33338.0,33328.0
2004-09-30,33340.0,33456.0
2004-10-01,33149.0,32986.0
2004-10-04,33181.0,32937.0
2004-10-05,33454.0,32937.0
2004-10-06,33419.0,32950.0
2004-10-07,33439.0,33143.0
2004-10-08,33375.0,32803.0
2004-10-11,33333.0,32832.0
2004-10-12,33138.0,32832.0
2004-10-13,33277.0,32738.0
2004-10-14,33340.0,33194.0
2004-10-15,33323.0,33338.0
2004-10-18,33212.0,33304.0
2004-10-19,33074.0,33304.0
2004-10-20,32916.0,33530.0
2004-10-21,32669.0,33408.0
2004-10-22,32609.0,33418.0
2004-10-25,32603.0,32937.0
2004-10-26,32126.0,32937.0
2004-10-27,32144.0,32976.0
2004-10-28,31984.0,33065.0
2004-10-29,32197.0,33404.0
2004-11-01,32090.0,33667.0
2004-11-02,31976.0,33667.0
2004-11-03,31830.0,33976.0
2004-11-04,31215.0,34045.0
2004-11-05,30825.0,34413.0
2004-11-08,31101.0,34617.0
2004-11-09,31485.0,34617.0
2004-11-10,31511.0,34761.0
2004-11-11,31224.0,34792.0
2004-11-12,31324.0,34744.0
2004-11-15,31154.0,34193.0
2004-11-16,30656.0,34193.0
2004-11-17,30530.0,34003.0
2004-11-18,30631.0,33822.0
2004-11-19,30510.0,33872.0
2004-11-22,30618.0,33726.0
2004-11-23,30444.0,33726.0
2004-11-24,30108.0,33757.0
2004-11-25,30027.0,33865.0
2004-11-26,29851.0,34046.0
2004-11-29,29710.0,33878.0
2004-11-30,29382.0,33878.0
2004-12-01,28887.0,33517.0
2004-12-02,28869.0,33472.0
2004-12-03,28659.0,33547.0
2004-12-06,27977.0,33409.0
2004-12-07,28301.0,33409.0
2004-12-08,28458.0,33416.0
2004-12-09,28791.0,33156.0
2004-12-10,28855.0,33116.0
2004-12-13,29448.0,33244.0
2004-12-14,29616.0,33244.0
2004-12-15,29522.0,33183.0
2004-12-16,29289.0,33183.0
2004-12-17,28657.0,33003.0
2004-12-20,29204.0,32830.0
2004-12-21,28907.0,32830.0
2004-12-22,28782.0,32801.0
2004-12-23,28352.0,32673.0
2004-12-24,28359.0,32599.0
2004-12-27,28578.0,32631.0
2004-12-28,29310.0,32631.0
2004-12-29,28942.0,32631.0
2004-12-30,29013.0,32581.0
2004-12-31,29010.0,32868.0
2005-01-03,28919.0,32587.0
2005-01-04,29044.0,32587.0
2005-01-05,29137.0,32657.0
2005-01-06,29239.0,32608.0
2005-01-07,29413.0,32478.0
2005-01-10,29548.0,32679.0
2005-01-11,29513.0,32679.0
2005-01-12,29144.0,32377.0
2005-01-13,28942.0,32234.0
2005-01-14,28818.0,32443.0
2005-01-17,28869.0,32618.0
2005-01-18,28608.0,32618.0
2005-01-19,28675.0,32930.0
2005-01-20,28613.0,33125.0
2005-01-21,29753.0,32775.0
2005-01-24,29749.0,32533.0
2005-01-25,29232.0,32533.0
2005-01-26,28988.0,32345.0
2005-01-27,28939.0,32566.0
2005-01-28,29019.0,32599.0
2005-01-31,28926.0,32640.0
2005-02-01,28783.0,32640.0
2005-02-02,28796.0,32813.0
2005-02-03,28570.0,32503.0
2005-02-04,28689.0,32139.0
2005-02-07,28851.0,32430.0
2005-02-08,29055.0,32430.0
2005-02-09,28950.0,32647.0
2005-02-10,28810.0,32221.0
2005-02-11,28547.0,32043.0
2005-02-14,28023.0,31808.0
2005-02-15,27003.0,31808.0
2005-02-16,28019.0,31806.0
2005-02-17,29401.0,31881.0
2005-02-18,28639.0,31669.0
2005-02-21,27738.0,31786.0
2005-02-22,27602.0,31786.0
2005-02-23,27779.0,32014.0
2005-02-24,27718.0,32179.0
2005-02-25,27399.0,32009.0
2005-02-28,27517.0,32220.0
2005-03-01,27482.0,32157.0
2005-03-02,27452.0,31827.0
2005-03-03,27817.0,32065.0
2005-03-04,27726.0,32755.0
2005-03-07,27828.0,32847.0
2005-03-08,27298.0,32711.0
2005-03-09,27078.0,32252.0
2005-03-10,26938.0,32321.0
2005-03-11,26886.0,32415.0
2005-03-14,26748.0,32540.0
2005-03-15,26913.0,32627.0
2005-03-16,26901.0,32493.0
2005-03-17,27034.0,32352.0
2005-03-18,27411.0,32591.0
2005-03-21,27318.0,32587.0
2005-03-22,27553.0,32429.0
2005-03-23,27665.0,32448.0
2005-03-24,27825.0,32565.0
2005-03-25,28193.0,32858.0
2005-03-28,28193.0,33047.0
2005-03-29,28193.0,33090.0
2005-03-30,28183.0,33403.0
2005-03-31,28337.0,33185.0
2005-04-01,28361.0,33510.0
2005-04-04,28264.0,33381.0
2005-04-05,28330.0,33157.0
2005-04-06,28454.0,33778.0
2005-04-07,28376.0,33848.0
2005-04-08,28203.0,33770.0
2005-04-11,28432.0,33749.0
2005-04-12,28031.0,33749.0
2005-04-13,27860.0,33749.0
2005-04-14,27925.0,34061.0
2005-04-15,28278.0,34168.0
2005-04-18,28169.0,34234.0
2005-04-19,27869.0,34178.0
2005-04-20,27936.0,33915.0
2005-04-21,27841.0,34115.0
2005-04-22,27668.0,34228.0
2005-04-25,27529.0,34161.0
2005-04-26,27879.0,34047.0
2005-04-27,27874.0,34056.0
2005-04-28,27988.0,34073.0
2005-04-29,28031.0,34004.0
2005-05-02,27923.0,34171.0
2005-05-03,28163.0,33836.0
2005-05-04,28181.0,33737.0
2005-05-05,27971.0,33384.0
2005-05-06,28042.0,33249.0
2005-05-09,27944.0,33384.0
2005-05-10,28134.0,33403.0
2005-05-11,28103.0,34141.0
2005-05-12,28098.0,34334.0
2005-05-13,28278.0,34133.0
2005-05-16,28625.0,34164.0
2005-05-17,28659.0,34311.0
2005-05-18,28585.0,33693.0
2005-05-19,28644.0,33898.0
2005-05-20,28590.0,33892.0
2005-05-23,28693.0,34071.0
2005-05-24,28821.0,33818.0
2005-05-25,28662.0,34032.0
2005-05-26,28793.0,33824.0
2005-05-27,28862.0,33643.0
2005-05-30,28817.0,33482.0
2005-05-31,29021.0,33323.0
2005-06-01,29369.0,33420.0
2005-06-02,29603.0,33338.0
2005-06-03,29490.0,33233.0
2005-06-06,29417.0,33376.0
2005-06-07,29505.0,33411.0
2005-06-08,29449.0,33122.0
2005-06-09,29328.0,33153.0
2005-06-10,29557.0,33606.0
2005-06-13,29547.0,33907.0
2005-06-14,29978.0,33956.0
2005-06-15,29861.0,33948.0
2005-06-16,29959.0,33755.0
2005-06-17,29849.0,33831.0
2005-06-20,29690.0,33825.0
2005-06-21,29611.0,33838.0
2005-06-22,29916.0,33629.0
2005-06-23,29832.0,33590.0
2005-06-24,29902.0,33601.0
2005-06-27,29906.0,33701.0
2005-06-28,29641.0,33585.0
2005-06-29,29811.0,33365.0
2005-06-30,29900.0,33466.0
2005-07-01,29797.0,33423.0
2005-07-04,?,33390.0
2005-07-05,?,33435.0
2005-07-06,?,33153.0
2005-07-07,?,33181.0
2005-07-08,?,33066.0
2005-07-11,?,33132.0
2005-07-12,?,33073.0
2005-07-13,?,32952.0
2005-07-14,?,33075.0
2005-07-15,?,33128.0
2005-07-18,?,33093.0
2005-07-19,?,33228.0
2005-07-20,?,32991.0
2005-07-21,?,33040.0
2005-07-22,?,33431.0
2005-07-25,?,33485.0
2005-07-26,?,33736.0
2005-07-27,?,33830.0
2005-07-28,?,33834.0
2005-07-29,?,34150.0
2005-08-01,?,34204.0
2005-08-02,?,34160.0
2005-08-03,?,34031.0
2005-08-04,?,34187.0
2005-08-05,?,34177.0
2005-08-08,?,33984.0
2005-08-09,?,33902.0
2005-08-10,?,33347.0
2005-08-11,?,33172.0
2005-08-12,?,33247.0
2005-08-15,?,33368.0
2005-08-16,?,33356.0
2005-08-17,?,33269.0
2005-08-18,?,33129.0
2005-08-19,?,33104.0
2005-08-22,?,33231.0
2005-08-23,?,33389.0
2005-08-24,?,33563.0
2005-08-25,?,33834.0
2005-08-26,?,33919.0
2005-08-29,?,33894.0
2005-08-30,?,33947.0
2005-08-31,?,34007.0
2005-09-01,?,33840.0
2005-09-02,?,33621.0
2005-09-05,?,33640.0
2005-09-06,?,33607.0
2005-09-07,?,33831.0
2005-09-08,?,34005.0
2005-09-09,?,33973.0
2005-09-12,?,33792.0
2005-09-13,?,33680.0
2005-09-14,?,33589.0
2005-09-15,?,33534.0
2005-09-16,?,33652.0
2005-09-19,?,33800.0
2005-09-20,?,33672.0
2005-09-21,?,33890.0
2005-09-22,?,33513.0
2005-09-23,?,33524.0
2005-09-26,?,33485.0
2005-09-27,?,33443.0
2005-09-28,?,33559.0
2005-09-29,?,33338.0
2005-09-30,?,33340.0
2005-10-03,?,33149.0
2005-10-04,?,33181.0
2005-10-05,?,33454.0
2005-10-06,?,33419.0
2005-10-07,?,33439.0
2005-10-10,?,33375.0
2005-10-11,?,33333.0
2005-10-12,?,33138.0
2005-10-13,?,33277.0
2005-10-14,?,33340.0
2005-10-17,?,33323.0
2005-10-18,?,33212.0
2005-10-19,?,33074.0
2005-10-20,?,32916.0
2005-10-21,?,32669.0
2005-10-24,?,32609.0
2005-10-25,?,32603.0
2005-10-26,?,32126.0
2005-10-27,?,32144.0
2005-10-28,?,31984.0
2005-10-31,?,32197.0
2005-11-01,?,32090.0
2005-11-02,?,31976.0
2005-11-03,?,31830.0
2005-11-04,?,31215.0
2005-11-07,?,30825.0
2005-11-08,?,31101.0
2005-11-09,?,31485.0
2005-11-10,?,31511.0
2005-11-11,?,31224.0
2005-11-14,?,31324.0
2005-11-15,?,31154.0
2005-11-16,?,30656.0
2005-11-17,?,30530.0
2005-11-18,?,30631.0
2005-11-21,?,30510.0
2005-11-22,?,30618.0
2005-11-23,?,30444.0
2005-11-24,?,30108.0
2005-11-25,?,30027.0
2005-11-28,?,29851.0
2005-11-29,?,29710.0
2005-11-30,?,29382.0
2005-12-01,?,28887.0
2005-12-02,?,28869.0
2005-12-05,?,28659.0
2005-12-06,?,27977.0
2005-12-07,?,28301.0
2005-12-08,?,28458.0
2005-12-09,?,28791.0
2005-12-12,?,28855.0
2005-12-13,?,29448.0
2005-12-14,?,29616.0
2005-12-15,?,29522.0
2005-12-16,?,29289.0
2005-12-19,?,28657.0
2005-12-20,?,29204.0
2005-12-21,?,28907.0
2005-12-22,?,28782.0
2005-12-23,?,28352.0
2005-12-26,?,28359.0
2005-12-27,?,28578.0
2005-12-28,?,29310.0
2005-12-29,?,28942.0
2005-12-30,?,29013.0
2006-01-02,?,29010.0
2006-01-03,?,28919.0
2006-01-04,?,29044.0
2006-01-05,?,29137.0
2006-01-06,?,29239.0
2006-01-09,?,29413.0
2006-01-10,?,29548.0
2006-01-11,?,29513.0
2006-01-12,?,29144.0
2006-01-13,?,28942.0
2006-01-16,?,28818.0
2006-01-17,?,28869.0
2006-01-18,?,28608.0
2006-01-19,?,28675.0
2006-01-20,?,28613.0
2006-01-23,?,29753.0
2006-01-24,?,29749.0
2006-01-25,?,29232.0
2006-01-26,?,28988.0
2006-01-27,?,28939.0
2006-01-30,?,29019.0
2006-01-31,?,28926.0
2006-02-01,?,28783.0
2006-02-02,?,28796.0
2006-02-03,?,28570.0
2006-02-06,?,28689.0
2006-02-07,?,28851.0
2006-02-08,?,29055.0
2006-02-09,?,28950.0
2006-02-10,?,28810.0
2006-02-13,?,28547.0
2006-02-14,?,28023.0
2006-02-15,?,27003.0
2006-02-16,?,28019.0
2006-02-17,?,29401.0
2006-02-20,?,28639.0
2006-02-21,?,27738.0
2006-02-22,?,27602.0
2006-02-23,?,27779.0
2006-02-24,?,27718.0
2006-02-27,?,27399.0
2006-02-28,?,27517.0
2006-03-01,?,27482.0
2006-03-02,?,27452.0
2006-03-03,?,27817.0
2006-03-06,?,27726.0
2006-03-07,?,27828.0
2006-03-08,?,27298.0
2006-03-09,?,27078.0
2006-03-10,?,26938.0
2006-03-13,?,26886.0
2006-03-14,?,26748.0
2006-03-15,?,26913.0
2006-03-16,?,26901.0
2006-03-17,?,27034.0
2006-03-20,?,27411.0
2006-03-21,?,27318.0
2006-03-22,?,27553.0
2006-03-23,?,27665.0
2006-03-24,?,27825.0
2006-03-27,?,28193.0
2006-03-28,?,28193.0
2006-03-29,?,28193.0
2006-03-30,?,28183.0
2006-03-31,?,28337.0
2006-04-03,?,28361.0
2006-04-04,?,28264.0
2006-04-05,?,28330.0
2006-04-06,?,28454.0
2006-04-07,?,28376.0
2006-04-10,?,28203.0
2006-04-11,?,28432.0
2006-04-12,?,28031.0
2006-04-13,?,27860.0
2006-04-14,?,27925.0
2006-04-17,?,28278.0
2006-04-18,?,28169.0
2006-04-19,?,27869.0
2006-04-20,?,27936.0
2006-04-21,?,27841.0
2006-04-24,?,27668.0
2006-04-25,?,27529.0
2006-04-26,?,27879.0
2006-04-27,?,27874.0
2006-04-28,?,27988.0
2006-05-01,?,28031.0
2006-05-02,?,27923.0
2006-05-03,?,28163.0
2006-05-04,?,28181.0
2006-05-05,?,27971.0
2006-05-08,?,28042.0
2006-05-09,?,27944.0
2006-05-10,?,28134.0
2006-05-11,?,28103.0
2006-05-12,?,28098.0
2006-05-15,?,28278.0
2006-05-16,?,28625.0
2006-05-17,?,28659.0
2006-05-18,?,28585.0
2006-05-19,?,28644.0
2006-05-22,?,28590.0
2006-05-23,?,28693.0
2006-05-24,?,28821.0
2006-05-25,?,28662.0
2006-05-26,?,28793.0
2006-05-29,?,28862.0
2006-05-30,?,28817.0
2006-05-31,?,29021.0
2006-06-01,?,29369.0
2006-06-02,?,29603.0
2006-06-05,?,29490.0
2006-06-06,?,29417.0
2006-06-07,?,29505.0
2006-06-08,?,29449.0
2006-06-09,?,29328.0
2006-06-12,?,29557.0
2006-06-13,?,29547.0
2006-06-14,?,29978.0
2006-06-15,?,29861.0
2006-06-16,?,29959.0
2006-06-19,?,29849.0
2006-06-20,?,29690.0
2006-06-21,?,29611.0
2006-06-22,?,29916.0
2006-06-23,?,29832.0
2006-06-26,?,29902.0
2006-06-27,?,29906.0
2006-06-28,?,29641.0
2006-06-29,?,29811.0
2006-06-30,?,29900.0
2006-07-03,?,29797.0
2006-07-04,?,?
2006-07-05,?,?
2006-07-06,?,?
2006-07-07,?,?
2006-07-10,?,?
2006-07-11,?,?
2006-07-12,?,?
2006-07-13,?,?
2006-07-14,?,?
2006-07-17,?,?
2006-07-18,?,?
2006-07-19,?,?
2006-07-20,?,?
2006-07-21,?,?
2006-07-24,?,?
2006-07-25,?,?
2006-07-26,?,?
2006-07-27,?,?
2006-07-28,?,?
2006-07-31,?,?
2006-08-01,?,?
2006-08-02,?,?
2006-08-03,?,?
2006-08-04,?,?
2006-08-07,?,?
2006-08-08,?,?
2006-08-09,?,?
2006-08-10,?,?
2006-08-11,?,?
2006-08-14,?,?
2006-08-15,?,?
2006-08-16,?,?
2006-08-17,?,?
2006-08-18,?,?
2006-08-21,?,?
2006-08-22,?,?
2006-08-23,?,?
2006-08-24,?,?
2006-08-25,?,?
2006-08-28,?,?
2006-08-29,?,?
2006-08-30,?,?
2006-08-31,?,?
2006-09-01,?,?
2006-09-04,?,?
2006-09-05,?,?
2006-09-06,?,?
2006-09-07,?,?
2006-09-08,?,?
2006-09-11,?,?
2006-09-12,?,?
2006-09-13,?,?
2006-09-14,?,?
2006-09-15,?,?
2006-09-18,?,?
2006-09-19,?,?
2006-09-20,?,?
2006-09-21,?,?
2006-09-22,?,?
2006-09-25,?,?
2006-09-26,?,?
2006-09-27,?,?
2006-09-28,?,?
2006-09-29,?,?
2006-10-02,?,?
2006-10-03,?,?
2006-10-04,?,?
2006-10-05,?,?
2006-10-06,?,?
2006-10-09,?,?
2006-10-10,?,?
2006-10-11,?,?
2006-10-12,?,?
2006-10-13,?,?
2006-10-16,?,?
2006-10-17,?,?
2006-10-18,?,?
2006-10-19,?,?
2006-10-20,?,?
2006-10-23,?,?
2006-10-24,?,?
2006-10-25,?,?
2006-10-26,?,?
2006-10-27,?,?
2006-10-30,?,?
2006-10-31,?,?
2006-11-01,?,?
2006-11-02,?,?
2006-11-03,?,?
2006-11-06,?,?
2006-11-07,?,?
2006-11-08,?,?
2006-11-09,?,?
2006-11-10,?,?
2006-11-13,?,?
2006-11-14,?,?
2006-11-15,?,?
2006-11-16,?,?
2006-11-17,?,?
2006-11-20,?,?
2006-11-21,?,?
2006-11-22,?,?
2006-11-23,?,?
2006-11-24,?,?
2006-11-27,?,?
2006-11-28,?,?
2006-11-29,?,?
2006-11-30,?,?
2006-12-01,?,?
2006-12-04,?,?
2006-12-05,?,?
2006-12-06,?,?
2006-12-07,?,?
2006-12-08,?,?
2006-12-11,?,?
2006-12-12,?,?
2006-12-13,?,?
2006-12-14,?,?
2006-12-15,?,?
2006-12-18,?,?
2006-12-19,?,?
2006-12-20,?,?
2006-12-21,?,?
2006-12-22,?,?
2006-12-25,?,?
2006-12-26,?,?
2006-12-27,?,?
2006-12-28,?,?
2006-12-29,?,?
2007-01-01,?,?
2007-01-02,?,?
2007-01-03,?,?
2007-01-04,?,?
2007-01-05,?,?
2007-01-08,?,?
2007-01-09,?,?
2007-01-10,?,?
2007-01-11,?,?
2007-01-12,?,?
2007-01-15,?,?
2007-01-16,?,?
2007-01-17,?,?
2007-01-18,?,?
2007-01-19,?,?
2007-01-22,?,?
2007-01-23,?,?
2007-01-24,?,?
2007-01-25,?,?
2007-01-26,?,?
2007-01-29,?,?
2007-01-30,?,?
2007-01-31,?,?
2007-02-01,?,?
2007-02-02,?,?
2007-02-05,?,?
2007-02-06,?,?
2007-02-07,?,?
2007-02-08,?,?
2007-02-09,?,?
2007-02-12,?,?
2007-02-13,?,?
2007-02-14,?,?
2007-02-15,?,?
2007-02-16,?,?
2007-02-19,?,?
2007-02-20,?,?
2007-02-21,?,?
2007-02-22,?,?
2007-02-23,?,?
2007-02-26,?,?
2007-02-27,?,?
2007-02-28,?,?
2007-03-01,?,?
2007-03-02,?,?
2007-03-05,?,?
2007-03-06,?,?
2007-03-07,?,?
2007-03-08,?,?
2007-03-09,?,?
2007-03-12,?,?
2007-03-13,?,?
2007-03-14,?,?
2007-03-15,?,?
2007-03-16,?,?
2007-03-19,?,?
2007-03-20,?,?
2007-03-21,?,?
2007-03-22,?,?
2007-03-23,?,?
2007-03-26,?,?
2007-03-27,?,?
2007-03-28,?,?
2007-03-29,?,?
2007-03-30,?,?
2007-04-02,?,?
2007-04-03,?,?
2007-04-04,?,?
2007-04-05,?,?
2007-04-06,?,?
2007-04-09,?,?
2007-04-10,?,?
2007-04-11,?,?
2007-04-12,?,?
2007-04-13,?,?
2007-04-16,?,?
2007-04-17,?,?
2007-04-18,?,?
2007-04-19,?,?
2007-04-20,?,?
2007-04-23,?,?
2007-04-24,?,?
2007-04-25,?,?
2007-04-26,?,?
2007-04-27,?,?
2007-04-30,?,?
2007-05-01,?,?
2007-05-02,?,?
2007-05-03,?,?
2007-05-04,?,?
2007-05-07,?,?
2007-05-08,?,?
2007-05-09,?,?
2007-05-10,?,?
2007-05-11,?,?
2007-05-14,?,?
2007-05-15,?,?
2007-05-16,?,?
2007-05-17,?,?
2007-05-18,?,?
2007-05-21,?,?
2007-05-22,?,?
2007-05-23,?,?
2007-05-24,?,?
2007-05-25,?,?
2007-05-28,?,?
2007-05-29,?,?
2007-05-30,?,?
2007-05-31,?,?
2007-06-01,?,?
2007-06-04,?,?
2007-06-05,?,?
2007-06-06,?,?
2007-06-07,?,?
2007-06-08,?,?
2007-06-11,?,?
2007-06-12,?,?
2007-06-13,?,?
2007-06-14,?,?
2007-06-15,?,?
2007-06-18,?,?
2007-06-19,?,?
2007-06-20,?,?
2007-06-21,?,?
2007-06-22,?,?
2007-06-25,?,?
2007-06-26,?,?
2007-06-27,?,?
2007-06-28,?,?
2007-06-29,?,?
2007-07-02,?,?
2007-07-03,?,?
2007-07-04,?,?
2007-07-05,?,?
2007-07-06,?,?
2007-07-09,?,?
2007-07-10,?,?
2007-07-11,?,?
2007-07-12,?,?
2007-07-13,?,?
2007-07-16,?,?
2007-07-17,?,?
2007-07-18,?,?
2007-07-19,?,?
2007-07-20,?,?
2007-07-23,?,?
2007-07-24,?,?
2007-07-25,?,?
2007-07-26,?,?
2007-07-27,?,?
2007-07-30,?,?
2007-07-31,?,?
2007-08-01,?,?
2007-08-02,?,?
2007-08-03,?,?
2007-08-06,?,?
2007-08-07,?,?
2007-08-08,?,?
2007-08-09,?,?
2007-08-10,?,?
2007-08-13,?,?
2007-08-14,?,?
2007-08-15,?,?
2007-08-16,?,?
2007-08-17,?,?
2007-08-20,?,?
2007-08-21,?,?
2007-08-22,?,?
2007-08-23,?,?
2007-08-24,?,?
2007-08-27,?,?
2007-08-28,?,?
2007-08-29,?,?
2007-08-30,?,?
2007-08-31,?,?
2007-09-03,?,?
2007-09-04,?,?
2007-09-05,?,?
2007-09-06,?,?
2007-09-07,?,?
2007-09-10,?,?
2007-09-11,?,?
2007-09-12,?,?
2007-09-13,?,?
2007-09-14,?,?
2007-09-17,?,?
2007-09-18,?,?
2007-09-19,?,?
2007-09-20,?,?
2007-09-21,?,?
2007-09-24,?,?
2007-09-25,?,?
2007-09-26,?,?
2007-09-27,?,?
2007-09-28,?,?
2007-10-01,?,?
2007-10-02,?,?
2007-10-03,?,?
2007-10-04,?,?
2007-10-05,?,?
2007-10-08,?,?
2007-10-09,?,?
2007-10-10,?,?
2007-10-11,?,?
2007-10-12,?,?
2007-10-15,?,?
2007-10-16,?,?
2007-10-17,?,?
2007-10-18,?,?
2007-10-19,?,?
2007-10-22,?,?
2007-10-23,?,?
2007-10-24,?,?
2007-10-25,?,?
2007-10-26,?,?
2007-10-29,?,?
2007-10-30,?,?
2007-10-31,?,?
2007-11-01,?,?
2007-11-02,?,?
2007-11-05,?,?
2007-11-06,?,?
2007-11-07,?,?
2007-11-08,?,?
2007-11-09,?,?
2007-11-12,?,?
2007-11-13,?,?
2007-11-14,?,?
2007-11-15,?,?
2007-11-16,?,?
2007-11-19,?,?
2007-11-20,?,?
2007-11-21,?,?
2007-11-22,?,?
2007-11-23,?,?
2007-11-26,?,?
2007-11-27,?,?
2007-11-28,?,?
2007-11-29,?,?
2007-11-30,?,?
2007-12-03,?,?
2007-12-04,?,?
2007-12-05,?,?
2007-12-06,?,?
2007-12-07,?,?
2007-12-10,?,?
2007-12-11,?,?
2007-12-12,?,?
2007-12-13,?,?
2007-12-14,?,?
2007-12-17,?,?
2007-12-18,?,?
2007-12-19,?,?
2007-12-20,?,?
2007-12-21,?,?
2007-12-24,?,?
2007-12-25,?,?
2007-12-26,?,?
2007-12-27,?,?
2007-12-28,?,?
2007-12-31,?,?
2008-01-01,?,?
2008-01-02,?,?
2008-01-03,?,?
2008-01-04,?,?
2008-01-07,?,?
2008-01-08,?,?
2008-01-09,?,?
2008-01-10,?,?
2008-01-11,?,?
2008-01-14,?,?
2008-01-15,?,?
2008-01-16,?,?
2008-01-17,?,?
2008-01-18,?,?
2008-01-21,?,?
2008-01-22,?,?
2008-01-23,?,?
2008-01-24,?,?
2008-01-25,?,?
2008-01-28,?,?
2008-01-29,?,?
2008-01-30,?,?
2008-01-31,?,?
2008-02-01,?,?
2008-02-04,?,?
2008-02-05,?,?
2008-02-06,?,?
2008-02-07,?,?
2008-02-08,?,?
2008-02-11,?,?
2008-02-12,?,?
2008-02-13,?,?
2008-02-14,?,?
2008-02-15,?,?
2008-02-18,?,?
2008-02-19,?,?
2008-02-20,?,?
2008-02-21,?,?
2008-02-22,?,?
2008-02-25,?,?
2008-02-26,?,?
2008-02-27,?,?
2008-02-28,?,?
2008-02-29,?,?
2008-03-03,?,?
2008-03-04,?,?
2008-03-05,?,?
2008-03-06,?,?
2008-03-07,?,?
2008-03-10,?,?
2008-03-11,?,?
2008-03-12,?,?
2008-03-13,?,?
2008-03-14,?,?
2008-03-17,?,?
2008-03-18,?,?
2008-03-19,?,?
2008-03-20,?,?
2008-03-21,?,?
2008-03-24,?,?
2008-03-25,?,?
2008-03-26,?,?
2008-03-27,?,?
2008-03-28,?,?
2008-03-31,?,?
2008-04-01,?,?
2008-04-02,?,?
2008-04-03,?,?
2008-04-04,?,?
2008-04-07,?,?
2008-04-08,?,?
2008-04-09,?,?
2008-04-10,?,?
2008-04-11,?,?
2008-04-14,?,?
2008-04-15,?,?
2008-04-16,?,?
2008-04-17,?,?
2008-04-18,?,?
2008-04-21,?,?
2008-04-22,?,?
2008-04-23,?,?
2008-04-24,?,?
2008-04-25,?,?
2008-04-28,?,?
2008-04-29,?,?
2008-04-30,?,?
2008-05-01,?,?
2008-05-02,?,?
2008-05-05,?,?
2008-05-06,?,?
2008-05-07,?,?
2008-05-08,?,?
2008-05-09,?,?
2008-05-12,?,?
2008-05-13,?,?
2008-05-14,?,?
2008-05-15,?,?
2008-05-16,?,?
2008-05-19,?,?
2008-05-20,?,?
2008-05-21,?,?
2008-05-22,?,?
2008-05-23,?,?
2008-05-26,?,?
2008-05-27,?,?
2008-05-28,?,?
2008-05-29,?,?
2008-05-30,?,?
2008-06-02,?,?
2008-06-03,?,?
2008-06-04,?,?
2008-06-05,?,?
2008-06-06,?,?
2008-06-09,?,?
2008-06-10,?,?
2008-06-11,?,?
2008-06-12,?,?
2008-06-13,?,?
2008-06-16,?,?
2008-06-17,?,?
2008-06-18,?,?
2008-06-19,?,?
2008-06-20,?,?
2008-06-23,?,?
2008-06-24,?,?
2008-06-25,?,?
2008-06-26,?,?
2008-06-27,?,?
2008-06-30,?,?
2008-07-01,?,?
2008-07-02,?,?
2008-07-03,?,?
2008-07-04,?,?
2008-07-07,?,?
2008-07-08,?,?
2008-07-09,?,?
2008-07-10,?,?
2008-07-11,?,?
2008-07-14,?,?
2008-07-15,?,?
2008-07-16,?,?
2008-07-17,?,?
2008-07-18,?,?
2008-07-21,?,?
2008-07-22,?,?
2008-07-23,?,?
2008-07-24,?,?
2008-07-25,?,?
2008-07-28,?,?
2008-07-29,?,?
2008-07-30,?,?
2008-07-31,?,?
2008-08-01,?,?
2008-08-04,?,?
2008-08-05,?,?
2008-08-06,?,?
2008-08-07,?,?
2008-08-08,?,?
2008-08-11,?,?
2008-08-12,?,?
2008-08-13,?,?
2008-08-14,?,?
2008-08-15,?,?
2008-08-18,?,?
2008-08-19,?,?
2008-08-20,?,?
2008-08-21,?,?
2008-08-22,?,?
2008-08-25,?,?
2008-08-26,?,?
2008-08-27,?,?
2008-08-28,?,?
2008-08-29,?,?
2008-09-01,?,?
2008-09-02,?,?
2008-09-03,?,?
2008-09-04,?,?
2008-09-05,?,?
2008-09-08,?,?
2008-09-09,?,?
2008-09-10,?,?
2008-09-11,?,?
2008-09-12,?,?
2008-09-15,?,?
2008-09-16,?,?
2008-09-17,?,?
2008-09-18,?,?
2008-09-19,?,?
2008-09-22,?,?
2008-09-23,?,?
2008-09-24,?,?
2008-09-25,?,?
2008-09-26,?,?
2008-09-29,?,?
2008-09-30,?,?
2008-10-01,?,?
2008-10-02,?,?
2008-10-03,?,?
2008-10-06,?,?
2008-10-07,?,?
2008-10-08,?,?
2008-10-09,?,?
2008-10-10,?,?
2008-10-13,?,?
2008-10-14,?,?
2008-10-15,?,?
2008-10-16,?,?
2008-10-17,?,?
2008-10-20,?,?
2008-10-21,?,?
2008-10-22,?,?
2008-10-23,?,?
2008-10-24,?,?
2008-10-27,?,?
2008-10-28,?,?
2008-10-29,?,?
2008-10-30,?,?
2008-10-31,?,?
2008-11-03,?,?
2008-11-04,?,?
2008-11-05,?,?
2008-11-06,?,?
2008-11-07,?,?
2008-11-10,?,?
2008-11-11,?,?
2008-11-12,?,?
2008-11-13,?,?
2008-11-14,?,?
2008-11-17,?,?
2008-11-18,?,?
2008-11-19,?,?
2008-11-20,?,?
2008-11-21,?,?
2008-11-24,?,?
2008-11-25,?,?
2008-11-26,?,?
2008-11-27,?,?
2008-11-28,?,?
2008-12-01,?,?
2008-12-02,?,?
2008-12-03,?,?
2008-12-04,?,?
2008-12-05,?,?
2008-12-08,?,?
2008-12-09,?,?
2008-12-10,?,?
2008-12-11,?,?
2008-12-12,?,?
2008-12-15,?,?
2008-12-16,?,?
2008-12-17,?,?
2008-12-18,?,?
2008-12-19,?,?
2008-12-22,?,?
2008-12-23,?,?
2008-12-24,?,?
2008-12-25,?,?
2008-12-26,?,?
2008-12-29,?,?
2008-12-30,?,?
2008-12-31,?,?
2009-01-01,?,?
2009-01-02,?,?
2009-01-05,?,?
2009-01-06,?,?
2009-01-07,?,?
2009-01-08,?,?
2009-01-09,?,?
2009-01-12,?,?
2009-01-13,?,?
2009-01-14,?,?
2009-01-15,?,?
2009-01-16,?,?
2009-01-19,?,?
2009-01-20,?,?
2009-01-21,?,?
2009-01-22,?,?
2009-01-23,?,?
2009-01-26,?,?
2009-01-27,?,?
2009-01-28,?,?
2009-01-29,?,?
2009-01-30,?,?
2009-02-02,?,?
2009-02-03,?,?
2009-02-04,?,?
2009-02-05,?,?
2009-02-06,?,?
2009-02-09,?,?
2009-02-10,?,?
2009-02-11,?,?
2009-02-12,?,?
2009-02-13,?,?
2009-02-16,?,?
2009-02-17,?,?
2009-02-18,?,?
2009-02-19,?,?
2009-02-20,?,?
2009-02-23,?,?
2009-02-24,?,?
2009-02-25,?,?
2009-02-26,?,?
2009-02-27,?,?
2009-03-02,?,?
2009-03-03,?,?
2009-03-04,?,?
2009-03-05,?,?
2009-03-06,?,?
2009-03-09,?,?
2009-03-10,?,?
2009-03-11,?,?
2009-03-12,?,?
2009-03-13,?,?
2009-03-16,?,?
2009-03-17,?,?
2009-03-18,?,?
2009-03-19,?,?
2009-03-20,?,?
2009-03-23,?,?
2009-03-24,?,?
2009-03-25,?,?
2009-03-26,?,?
2009-03-27,?,?
2009-03-30,?,?
2009-03-31,?,?
2009-04-01,?,?
2009-04-02,?,?
2009-04-03,?,?
2009-04-06,?,?
2009-04-07,?,?
2009-04-08,?,?
2009-04-09,?,?
2009-04-10,?,?
2009-04-13,?,?
2009-04-14,?,?
2009-04-15,?,?
2009-04-16,?,?
2009-04-17,?,?
2009-04-20,?,?
2009-04-21,?,?
2009-04-22,?,?
2009-04-23,?,?
2009-04-24,?,?
2009-04-27,?,?
2009-04-28,?,?
2009-04-29,?,?
2009-04-30,?,?
2009-05-01,?,?
2009-05-04,?,?
2009-05-05,?,?
2009-05-06,?,?
2009-05-07,?,?
2009-05-08,?,?
2009-05-11,?,?
2009-05-12,?,?
2009-05-13,?,?
2009-05-14,?,?
2009-05-15,?,?
2009-05-18,?,?
2009-05-19,?,?
2009-05-20,?,?
2009-05-21,?,?
2009-05-22,?,?
2009-05-25,?,?
2009-05-26,?,?
2009-05-27,?,?
2009-05-28,?,?
2009-05-29,?,?
2009-06-01,?,?
2009-06-02,?,?
2009-06-03,?,?
2009-06-04,?,?
2009-06-05,?,?
2009-06-08,?,?
2009-06-09,?,?
2009-06-10,?,?
2009-06-11,?,?
2009-06-12,?,?
2009-06-15,?,?
2009-06-16,?,?
2009-06-17,?,?
2009-06-18,?,?
2009-06-19,?,?
2009-06-22,?,?
2009-06-23,?,?
2009-06-24,?,?
2009-06-25,?,?
2009-06-26,?,?
2009-06-29,?,?
2009-06-30,?,?
2009-07-01,?,?
2009-07-02,?,?
2009-07-03,?,?
2009-07-06,?,?
2009-07-07,?,?
2009-07-08,?,?
2009-07-09,?,?
2009-07-10,?,?
2009-07-13,?,?
2009-07-14,?,?
2009-07-15,?,?
2009-07-16,?,?
2009-07-17,?,?
2009-07-20,?,?
2009-07-21,?,?
2009-07-22,?,?
2009-07-23,?,?
2009-07-24,?,?
2009-07-27,?,?
2009-07-28,?,?
2009-07-29,?,?
2009-07-30,?,?
2009-07-31,?,?
2009-08-03,?,?
2009-08-04,?,?
2009-08-05,?,?
2009-08-06,?,?
2009-08-07,?,?
2009-08-10,?,?
2009-08-11,?,?
2009-08-12,?,?
2009-08-13,?,?
2009-08-14,?,?
2009-08-17,?,?
2009-08-18,?,?
2009-08-19,?,?
2009-08-20,?,?
2009-08-21,?,?
2009-08-24,?,?
2009-08-25,?,?
2009-08-26,?,?
2009-08-27,?,?
2009-08-28,?,?
2009-08-31,?,?
2009-09-01,?,?
2009-09-02,?,?
2009-09-03,?,?
2009-09-04,?,?
2009-09-07,?,?
2009-09-08,?,?
2009-09-09,?,?
2009-09-10,?,?
2009-09-11,?,?
2009-09-14,?,?
2009-09-15,?,?
2009-09-16,?,?
2009-09-17,?,?
2009-09-18,?,?
2009-09-21,?,?
2009-09-22,?,?
2009-09-23,?,?
2009-09-24,?,?
2009-09-25,?,?
2009-09-28,?,?
2009-09-29,?,?
2009-09-30,?,?
2009-10-01,?,?
2009-10-02,?,?
2009-10-05,?,?
2009-10-06,?,?
2009-10-07,?,?
2009-10-08,?,?
2009-10-09,?,?
2009-10-12,?,?
2009-10-13,?,?
2009-10-14,?,?
2009-10-15,?,?
2009-10-16,?,?
2009-10-19,?,?
2009-10-20,?,?
2009-10-21,?,?
2009-10-22,?,?
2009-10-23,?,?
2009-10-26,?,?
2009-10-27,?,?
2009-10-28,?,?
2009-10-29,?,?
2009-10-30,?,?
2009-11-02,?,?
2009-11-03,?,?
2009-11-04,?,?
2009-11-05,?,?
2009-11-06,?,?
2009-11-09,?,?
2009-11-10,?,?
2009-11-11,?,?
2009-11-12,?,?
2009-11-13,?,?
2009-11-16,?,?
2009-11-17,?,?
2009-11-18,?,?
2009-11-19,?,?
2009-11-20,?,?
2009-11-23,?,?
2009-11-24,?,?
2009-11-25,?,?
2009-11-26,?,?
2009-11-27,?,?
2009-11-30,?,?
2009-12-01,?,?
2009-12-02,?,?
2009-12-03,?,?
2009-12-04,?,?
2009-12-07,?,?
2009-12-08,?,?
2009-12-09,?,?
2009-12-10,?,?
2009-12-11,?,?
2009-12-14,?,?
2009-12-15,?,?
2009-12-16,?,?
2009-12-17,?,?
2009-12-18,?,?
2009-12-21,?,?
2009-12-22,?,?
2009-12-23,?,?
2009-12-24,?,?
2009-12-25,?,?
2009-12-28,?,?
2009-12-29,?,?
2009-12-30,?,?
2009-12-31,?,?
2010-01-01,?,?
2010-01-04,?,?
2010-01-05,?,?
2010-01-06,?,?
2010-01-07,?,?
2010-01-08,?,?
2010-01-11,?,?
2010-01-12,?,?
2010-01-13,?,?
2010-01-14,?,?
2010-01-15,?,?
2010-01-18,?,?
2010-01-19,?,?
2010-01-20,?,?
2010-01-21,?,?
2010-01-22,?,?
2010-01-25,?,?
2010-01-26,?,?
2010-01-27,?,?
2010-01-28,?,?
2010-01-29,?,?
2010-02-01,?,?
2010-02-02,?,?
2010-02-03,?,?
2010-02-04,?,?
2010-02-05,?,?
2010-02-08,?,?
2010-02-09,?,?
2010-02-10,?,?
2010-02-11,?,?
2010-02-12,?,?
2010-02-15,?,?
2010-02-16,?,?
2010-02-17,?,?
2010-02-18,?,?
2010-02-19,?,?
2010-02-22,?,?
2010-02-23,?,?
2010-02-24,?,?
2010-02-25,?,?
2010-02-26,?,?
2010-03-01,?,?
2010-03-02,?,?
2010-03-03,?,?
2010-03-04,?,?
2010-03-05,?,?
2010-03-08,?,?
2010-03-09,?,?
2010-03-10,?,?
2010-03-11,?,?
2010-03-12,?,?
2010-03-15,?,?
2010-03-16,?,?
2010-03-17,?,?
2010-03-18,?,?
2010-03-19,?,?
2010-03-22,?,?
2010-03-23,?,?
2010-03-24,?,?
2010-03-25,?,?
2010-03-26,?,?
2010-03-29,?,?
2010-03-30,?,?
2010-03-31,?,?
2010-04-01,?,?
2010-04-02,?,?
2010-04-05,?,?
2010-04-06,?,?
2010-04-07,?,?
2010-04-08,?,?
2010-04-09,?,?
2010-04-12,?,?
2010-04-13,?,?
2010-04-14,?,?
2010-04-15,?,?
2010-04-16,?,?
2010-04-19,?,?
2010-04-20,?,?
2010-04-21,?,?
2010-04-22,?,?
2010-04-23,?,?
2010-04-26,?,?
2010-04-27,?,?
2010-04-28,?,?
2010-04-29,?,?
2010-04-30,?,?
2010-05-03,?,?
2010-05-04,?,?
2010-05-05,?,?
2010-05-06,?,?
2010-05-07,?,?
2010-05-10,?,?
2010-05-11,?,?
2010-05-12,?,?
2010-05-13,?,?
2010-05-14,?,?
2010-05-17,?,?
2010-05-18,?,?
2010-05-19,?,?
2010-05-20,?,?
2010-05-21,?,?
2010-05-24,?,?
2010-05-25,?,?
2010-05-26,?,?
2010-05-27,?,?
2010-05-28,?,?
2010-05-31,?,?
2010-06-01,?,?
2010-06-02,?,?
2010-06-03,?,?
2010-06-04,?,?
2010-06-07,?,?
2010-06-08,?,?
2010-06-09,?,?
2010-06-10,?,?
2010-06-11,?,?
2010-06-14,?,?
2010-06-15,?,?
2010-06-16,?,?
2010-06-17,?,?
2010-06-18,?,?
2010-06-21,?,?
2010-06-22,?,?
2010-06-23,?,?
2010-06-24,?,?
2010-06-25,?,?
2010-06-28,?,?
2010-06-29,?,?
2010-06-30,?,?
2010-07-01,?,?
2010-07-02,?,?
2010-07-05,?,?
2010-07-06,?,?
2010-07-07,?,?
2010-07-08,?,?
2010-07-09,?,?
2010-07-12,?,?
2010-07-13,?,?
2010-07-14,?,?
2010-07-15,?,?
2010-07-16,?,?
2010-07-19,?,?
2010-07-20,?,?
2010-07-21,?,?
2010-07-22,?,?
2010-07-23,?,?
2010-07-26,?,?
2010-07-27,?,?
2010-07-28,?,?
2010-07-29,?,?
2010-07-30,?,?
2010-08-02,?,?
2010-08-03,?,?
2010-08-04,?,?
2010-08-05,?,?
2010-08-06,?,?
2010-08-09,?,?
2010-08-10,?,?
2010-08-11,?,?
2010-08-12,?,?
2010-08-13,?,?
2010-08-16,?,?
2010-08-17,?,?
2010-08-18,?,?
2010-08-19,?,?
2010-08-20,?,?
2010-08-23,?,?
2010-08-24,?,?
2010-08-25,?,?
2010-08-26,?,?
2010-08-27,?,?
2010-08-30,?,?
2010-08-31,?,?
2010-09-01,?,?
2010-09-02,?,?
2010-09-03,?,?
2010-09-06,?,?
2010-09-07,?,?
2010-09-08,?,?
2010-09-09,?,?
2010-09-10,?,?
2010-09-13,?,?
2010-09-14,?,?
2010-09-15,?,?
2010-09-16,?,?
2010-09-17,?,?
2010-09-20,?,?
2010-09-21,?,?
2010-09-22,?,?
2010-09-23,?,?
2010-09-24,?,?
2010-09-27,?,?
2010-09-28,?,?
2010-09-29,?,?
2010-09-30,?,?
2010-10-01,?,?
2010-10-04,?,?
2010-10-05,?,?
2010-10-06,?,?
2010-10-07,?,?
2010-10-08,?,?
2010-10-11,?,?
2010-10-12,?,?
2010-10-13,?,?
2010-10-14,?,?
2010-10-15,?,?
2010-10-18,?,?
2010-10-19,?,?
2010-10-20,?,?
2010-10-21,?,?
2010-10-22,?,?
2010-10-25,?,?
2010-10-26,?,?
2010-10-27,?,?
2010-10-28,?,?
2010-10-29,?,?
2010-11-01,?,?
2010-11-02,?,?
2010-11-03,?,?
2010-11-04,?,?
2010-11-05,?,?
2010-11-08,?,?
2010-11-09,?,?
2010-11-10,?,?
2010-11-11,?,?
2010-11-12,?,?
2010-11-15,?,?
2010-11-16,?,?
2010-11-17,?,?
2010-11-18,?,?
2010-11-19,?,?
2010-11-22,?,?
2010-11-23,?,?
2010-11-24,?,?
2010-11-25,?,?
2010-11-26,?,?
2010-11-29,?,?
2010-11-30,?,?
2010-12-01,?,?
2010-12-02,?,?
2010-12-03,?,?
2010-12-06,?,?
2010-12-07,?,?
2010-12-08,?,?
2010-12-09,?,?
2010-12-10,?,?
2010-12-13,?,?
2010-12-14,?,?
2010-12-15,?,?
2010-12-16,?,?
2010-12-17,?,?
2010-12-20,?,?
2010-12-21,?,?
2010-12-22,?,?
2010-12-23,?,?
2010-12-24,?,?
2010-12-27,?,?
2010-12-28,?,?
2010-12-29,?,?
2010-12-30,?,?
2010-12-31,?,?
2011-01-03,?,?
2011-01-04,?,?
2011-01-05,?,?
2011-01-06,?,?
2011-01-07,?,?
2011-01-10,?,?
2011-01-11,?,?
2011-01-12,?,?
2011-01-13,?,?
2011-01-14,?,?
2011-01-17,?,?
2011-01-18,?,?
2011-01-19,?,?
2011-01-20,?,?
2011-01-21,?,?
2011-01-24,?,?
2011-01-25,?,?
2011-01-26,?,?
2011-01-27,?,?
2011-01-28,?,?
2011-01-31,?,?
2011-02-01,?,?
2011-02-02,?,?
2011-02-03,?,?
2011-02-04,?,?
2011-02-07,?,?
2011-02-08,?,?
2011-02-09,?,?
2011-02-10,?,?
2011-02-11,?,?
2011-02-14,?,?
2011-02-15,?,?
2011-02-16,?,?
2011-02-17,?,?
2011-02-18,?,?
2011-02-21,?,?
2011-02-22,?,?
2011-02-23,?,?
2011-02-24,?,?
2011-02-25,?,?
2011-02-28,?,?
2011-03-01,?,?
2011-03-02,?,?
2011-03-03,?,?
2011-03-04,?,?
2011-03-07,?,?
2011-03-08,?,?
2011-03-09,?,?
2011-03-10,?,?
2011-03-11,?,?
2011-03-14,?,?
2011-03-15,?,?
2011-03-16,?,?
2011-03-17,?,?
2011-03-18,?,?
2011-03-21,?,?
2011-03-22,?,?
2011-03-23,?,?
2011-03-24,?,?
2011-03-25,?,?
2011-03-28,?,?
2011-03-29,?,?
2011-03-30,?,?
2011-03-31,?,?
2011-04-01,?,?
2011-04-04,?,?
2011-04-05,?,?
2011-04-06,?,?
2011-04-07,?,?
2011-04-08,?,?
2011-04-11,?,?
2011-04-12,?,?
2011-04-13,?,?
2011-04-14,?,?
2011-04-15,?,?
2011-04-18,?,?
2011-04-19,?,?
2011-04-20,?,?
2011-04-21,?,?
2011-04-22,?,?
2011-04-25,?,?
2011-04-26,?,?
2011-04-27,?,?
2011-04-28,?,?
2011-04-29,?,?
2011-05-02,?,?
2011-05-03,?,?
2011-05-04,?,?
2011-05-05,?,?
2011-05-06,?,?
2011-05-09,?,?
2011-05-10,?,?
2011-05-11,?,?
2011-05-12,?,?
2011-05-13,?,?
2011-05-16,?,?
2011-05-17,?,?
2011-05-18,?,?
2011-05-19,?,?
2011-05-20,?,?
2011-05-23,?,?
2011-05-24,?,?
2011-05-25,?,?
2011-05-26,?,?
2011-05-27,?,?
2011-05-30,?,?
2011-05-31,?,?
2011-06-01,?,?
2011-06-02,?,?
2011-06-03,?,?
2011-06-06,?,?
2011-06-07,?,?
2011-06-08,?,?
2011-06-09,?,?
2011-06-10,?,?
2011-06-13,?,?
2011-06-14,?,?
2011-06-15,?,?
2011-06-16,?,?
2011-06-17,?,?
2011-06-20,?,?
2011-06-21,?,?
2011-06-22,?,?
2011-06-23,?,?
2011-06-24,?,?
2011-06-27,?,?
2011-06-28,?,?
2011-06-29,?,?
2011-06-30,?,?
2011-07-01,?,?
2011-07-04,?,?
2011-07-05,?,?
2011-07-06,?,?
2011-07-07,?,?
2011-07-08,?,?
2011-07-11,?,?
2011-07-12,?,?
2011-07-13,?,?
2011-07-14,?,?
2011-07-15,?,?
2011-07-18,?,?
2011-07-19,?,?
2011-07-20,?,?
2011-07-21,?,?
2011-07-22,?,?
2011-07-25,?,?
2011-07-26,?,?
2011-07-27,?,?
2011-07-28,?,?
2011-07-29,?,?
2011-08-01,?,?
2011-08-02,?,?
2011-08-03,?,?
2011-08-04,?,?
2011-08-05,?,?
2011-08-08,?,?
2011-08-09,?,?
2011-08-10,?,?
2011-08-11,?,?
2011-08-12,?,?
2011-08-15,?,?
2011-08-16,?,?
2011-08-17,?,?
2011-08-18,?,?
2011-08-19,?,?
2011-08-22,?,?
2011-08-23,?,?
2011-08-24,?,?
2011-08-25,?,?
2011-08-26,?,?
2011-08-29,?,?
2011-08-30,?,?
2011-08-31,?,?
2011-09-01,?,?
2011-09-02,?,?
2011-09-05,?,?
2011-09-06,?,?
2011-09-07,?,?
2011-09-08,?,?
2011-09-09,?,?
2011-09-12,?,?
2011-09-13,?,?
2011-09-14,?,?
2011-09-15,?,?
2011-09-16,?,?
2011-09-19,?,?
2011-09-20,?,?
2011-09-21,?,?
2011-09-22,?,?
2011-09-23,?,?
2011-09-26,?,?
2011-09-27,?,?
2011-09-28,?,?
2011-09-29,?,?
2011-09-30,?,?
2011-10-03,?,?
2011-10-04,?,?
2011-10-05,?,?
2011-10-06,?,?
2011-10-07,?,?
2011-10-10,?,?
2011-10-11,?,?
2011-10-12,?,?
2011-10-13,?,?
2011-10-14,?,?
2011-10-17,?,?
2011-10-18,?,?
2011-10-19,?,?
2011-10-20,?,?
2011-10-21,?,?
2011-10-24,?,?
2011-10-25,?,?
2011-10-26,?,?
2011-10-27,?,?
2011-10-28,?,?
2011-10-31,?,?
2011-11-01,?,?
2011-11-02,?,?
2011-11-03,?,?
2011-11-04,?,?
2011-11-07,?,?
2011-11-08,?,?
2011-11-09,?,?
2011-11-10,?,?
2011-11-11,?,?
2011-11-14,?,?
2011-11-15,?,?
2011-11-16,?,?
2011-11-17,?,?
2011-11-18,?,?
2011-11-21,?,?
2011-11-22,?,?
2011-11-23,?,?
2011-11-24,?,?
2011-11-25,?,?
2011-11-28,?,?
2011-11-29,?,?
2011-11-30,?,?
2011-12-01,?,?
2011-12-02,?,?
2011-12-05,?,?
2011-12-06,?,?
2011-12-07,?,?
2011-12-08,?,?
2011-12-09,?,?
2011-12-12,?,?
2011-12-13,?,?
2011-12-14,?,?
2011-12-15,?,?
2011-12-16,?,?
2011-12-19,?,?
2011-12-20,?,?
2011-12-21,?,?
2011-12-22,?,?
2011-12-23,?,?
2011-12-26,?,?
2011-12-27,?,?
2011-12-28,?,?
2011-12-29,?,?
2011-12-30,?,?
2012-01-02,?,?
2012-01-03,?,?
2012-01-04,?,?
2012-01-05,?,?
2012-01-06,?,?
2012-01-09,?,?
2012-01-10,?,?
2012-01-11,?,?
2012-01-12,?,?
2012-01-13,?,?
2012-01-16,?,?
2012-01-17,?,?
2012-01-18,?,?
2012-01-19,?,?
2012-01-20,?,?
2012-01-23,?,?
2012-01-24,?,?
2012-01-25,?,?
2012-01-26,?,?
2012-01-27,?,?
2012-01-30,?,?
2012-01-31,?,?
2012-02-01,?,?
2012-02-02,?,?
2012-02-03,?,?
2012-02-06,?,?
2012-02-07,?,?
2012-02-08,?,?
2012-02-09,?,?
2012-02-10,?,?
2012-02-13,?,?
2012-02-14,?,?
2012-02-15,?,?
2012-02-16,?,?
2012-02-17,?,?
2012-02-20,?,?
2012-02-21,?,?
2012-02-22,?,?
2012-02-23,?,?
2012-02-24,?,?
2012-02-27,?,?
2012-02-28,?,?
2012-02-29,?,?
2012-03-01,?,?
2012-03-02,?,?
2012-03-05,?,?
2012-03-06,?,?
2012-03-07,?,?
2012-03-08,?,?
2012-03-09,?,?
2012-03-12,?,?
2012-03-13,?,?
2012-03-14,?,?
2012-03-15,?,?
2012-03-16,?,?
2012-03-19,?,?
2012-03-20,?,?
2012-03-21,?,?
2012-03-22,?,?
2012-03-23,?,?
2012-03-26,?,?
2012-03-27,?,?
2012-03-28,?,?
2012-03-29,?,?
2012-03-30,?,?
2012-04-02,?,?
2012-04-03,?,?
2012-04-04,?,?
2012-04-05,?,?
2012-04-06,?,?
2012-04-09,?,?
2012-04-10,?,?
2012-04-11,?,?
2012-04-12,?,?
2012-04-13,?,?
2012-04-16,?,?
2012-04-17,?,?
2012-04-18,?,?
2012-04-19,?,?
2012-04-20,?,?
2012-04-23,?,?
2012-04-24,?,?
2012-04-25,?,?
2012-04-26,?,?
2012-04-27,?,?
2012-04-30,?,?
2012-05-01,?,?
2012-05-02,?,?
2012-05-03,?,?
2012-05-04,?,?
2012-05-07,?,?
2012-05-08,?,?
2012-05-09,?,?
2012-05-10,?,?
2012-05-11,?,?
2012-05-14,?,?
2012-05-15,?,?
2012-05-16,?,?
2012-05-17,?,?
2012-05-18,?,?
2012-05-21,?,?
2012-05-22,?,?
2012-05-23,?,?
2012-05-24,?,?
2012-05-25,?,?
2012-05-28,?,?
2012-05-29,?,?
2012-05-30,?,?
2012-05-31,?,?
2012-06-01,?,?
2012-06-04,?,?
2012-06-05,?,?
2012-06-06,?,?
2012-06-07,?,?
2012-06-08,?,?
2012-06-11,?,?
2012-06-12,?,?
2012-06-13,?,?
2012-06-14,?,?
2012-06-15,?,?
2012-06-18,?,?
2012-06-19,?,?
2012-06-20,?,?
2012-06-21,?,?
2012-06-22,?,?
2012-06-25,?,?
2012-06-26,?,?
2012-06-27,?,?
2012-06-28,?,?
2012-06-29,?,?
2012-07-02,?,?
2012-07-03,?,?
2012-07-04,?,?
2012-07-05,?,?
2012-07-06,?,?
2012-07-09,?,?
2012-07-10,?,?
2012-07-11,?,?
2012-07-12,?,?
2012-07-13,?,?
2012-07-16,?,?
2012-07-17,?,?
2012-07-18,?,?
2012-07-19,?,?
2012-07-20,?,?
2012-07-23,?,?
2012-07-24,?,?
2012-07-25,?,?
2012-07-26,?,?
2012-07-27,?,?
2012-07-30,?,?
2012-07-31,?,?
2012-08-01,?,?
2012-08-02,?,?
2012-08-03,?,?
2012-08-06,?,?
2012-08-07,?,?
2012-08-08,?,?
2012-08-09,?,?
2012-08-10,?,?
2012-08-13,?,?
2012-08-14,?,?
2012-08-15,?,?
2012-08-16,?,?
2012-08-17,?,?
2012-08-20,?,?
2012-08-21,?,?
2012-08-22,?,?
2012-08-23,?,?
2012-08-24,?,?
2012-08-27,?,?
2012-08-28,?,?
2012-08-29,?,?
2012-08-30,?,?
2012-08-31,?,?
2012-09-03,?,?
2012-09-04,?,?
2012-09-05,?,?
2012-09-06,?,?
2012-09-07,?,?
2012-09-10,?,?
2012-09-11,?,?
2012-09-12,?,?
2012-09-13,?,?
2012-09-14,?,?
2012-09-17,?,?
2012-09-18,?,?
2012-09-19,?,?
2012-09-20,?,?
2012-09-21,?,?
2012-09-24,?,?
2012-09-25,?,?
2012-09-26,?,?
2012-09-27,?,?
2012-09-28,?,?
2012-10-01,?,?
2012-10-02,?,?
2012-10-03,?,?
2012-10-04,?,?
2012-10-05,?,?
2012-10-08,?,?
2012-10-09,?,?
2012-10-10,?,?
2012-10-11,?,?
2012-10-12,?,?
2012-10-15,?,?
2012-10-16,?,?
2012-10-17,?,?
2012-10-18,?,?
2012-10-19,?,?
2012-10-22,?,?
2012-10-23,?,?
2012-10-24,?,?
2012-10-25,?,?
2012-10-26,?,?
2012-10-29,?,?
2012-10-30,?,?
2012-10-31,?,?
2012-11-01,?,?
2012-11-02,?,?
2012-11-05,?,?
2012-11-06,?,?
2012-11-07,?,?
2012-11-08,?,?
2012-11-09,?,?
2012-11-12,?,?
2012-11-13,?,?
2012-11-14,?,?
2012-11-15,?,?
2012-11-16,?,?
2012-11-19,?,?
2012-11-20,?,?
2012-11-21,?,?
2012-11-22,?,?
2012-11-23,?,?
2012-11-26,?,?
2012-11-27,?,?
2012-11-28,?,?
2012-11-29,?,?
2012-11-30,?,?
2012-12-03,?,?
2012-12-04,?,?
2012-12-05,?,?
2012-12-06,?,?
2012-12-07,?,?
2012-12-10,?,?
2012-12-11,?,?
2012-12-12,?,?
2012-12-13,?,?
2012-12-14,?,?
2012-12-17,?,?
2012-12-18,?,?
2012-12-19,?,?
2012-12-20,?,?
2012-12-21,?,?
2012-12-24,?,?
2012-12-25,?,?
2012-12-26,?,?
2012-12-27,?,?
2012-12-28,?,?
2012-12-31,?,?
2013-01-01,?,?
2013-01-02,?,?
2013-01-03,?,?
2013-01-04,?,?
2013-01-07,?,?
2013-01-08,?,?
2013-01-09,?,?
2013-01-10,?,?
2013-01-11,?,?
2013-01-14,?,?
2013-01-15,?,?
2013-01-16,?,?
2013-01-17,?,?
2013-01-18,?,?
2013-01-21,?,?
2013-01-22,?,?
2013-01-23,?,?
2013-01-24,?,?
2013-01-25,?,?
2013-01-28,?,?
2013-01-29,?,?
2013-01-30,?,?
2013-01-31,?,?
2013-02-01,?,?
2013-02-04,?,?
2013-02-05,?,?
2013-02-06,?,?
2013-02-07,?,?
2013-02-08,?,?
2013-02-11,?,?
2013-02-12,?,?
2013-02-13,?,?
2013-02-14,?,?
2013-02-15,?,?
2013-02-18,?,?
2013-02-19,?,?
2013-02-20,?,?
2013-02-21,?,?
2013-02-22,?,?
2013-02-25,?,?
2013-02-26,?,?
2013-02-27,?,?
2013-02-28,?,?
2013-03-01,?,?
2013-03-04,?,?
2013-03-05,?,?
2013-03-06,?,?
2013-03-07,?,?
2013-03-08,?,?
2013-03-11,?,?
2013-03-12,?,?
2013-03-13,?,?
2013-03-14,?,?
2013-03-15,?,?
2013-03-18,?,?
2013-03-19,?,?
2013-03-20,?,?
2013-03-21,?,?
2013-03-22,?,?
2013-03-25,?,?
2013-03-26,?,?
2013-03-27,?,?
2013-03-28,?,?
2013-03-29,?,?
2013-04-01,?,?
2013-04-02,?,?
2013-04-03,?,?
2013-04-04,?,?
2013-04-05,?,?
2013-04-08,?,?
2013-04-09,?,?
2013-04-10,?,?
2013-04-11,?,?
2013-04-12,?,?
2013-04-15,?,?
2013-04-16,?,?
2013-04-17,?,?
2013-04-18,?,?
2013-04-19,?,?
2013-04-22,?,?
2013-04-23,?,?
2013-04-24,?,?
2013-04-25,?,?
2013-04-26,?,?
2013-04-29,?,?
2013-04-30,?,?
2013-05-01,?,?
2013-05-02,?,?
2013-05-03,?,?
2013-05-06,?,?
2013-05-07,?,?
2013-05-08,?,?
2013-05-09,?,?
2013-05-10,?,?
2013-05-13,?,?
2013-05-14,?,?
2013-05-15,?,?
2013-05-16,?,?
2013-05-17,?,?
2013-05-20,?,?
2013-05-21,?,?
2013-05-22,?,?
2013-05-23,?,?
2013-05-24,?,?
2013-05-27,?,?
2013-05-28,?,?
2013-05-29,?,?
2013-05-30,?,?
2013-05-31,?,?
2013-06-03,?,?
2013-06-04,?,?
2013-06-05,?,?
2013-06-06,?,?
2013-06-07,?,?
2013-06-10,?,?
2013-06-11,?,?
2013-06-12,?,?
2013-06-13,?,?
2013-06-14,?,?
2013-06-17,?,?
2013-06-18,?,?
2013-06-19,?,?
2013-06-20,?,?
2013-06-21,?,?
2013-06-24,?,?
2013-06-25,?,?
2013-06-26,?,?
2013-06-27,?,?
2013-06-28,?,?
2013-07-01,?,?
2013-07-02,?,?
2013-07-03,?,?
2013-07-04,?,?
2013-07-05,?,?
2013-07-08,?,?
2013-07-09,?,?
2013-07-10,?,?
2013-07-11,?,?
2013-07-12,?,?
2013-07-15,?,?
2013-07-16,?,?
2013-07-17,?,?
2013-07-18,?,?
2013-07-19,?,?
2013-07-22,?,?
2013-07-23,?,?
2013-07-24,?,?
2013-07-25,?,?
2013-07-26,?,?
2013-07-29,?,?
2013-07-30,?,?
2013-07-31,?,?
2013-08-01,?,?
2013-08-02,?,?
2013-08-05,?,?
2013-08-06,?,?
2013-08-07,?,?
2013-08-08,?,?
2013-08-09,?,?
2013-08-12,?,?
2013-08-13,?,?
2013-08-14,?,?
2013-08-15,?,?
2013-08-16,?,?
2013-08-19,?,?
2013-08-20,?,?
2013-08-21,?,?
2013-08-22,?,?
2013-08-23,?,?
2013-08-26,?,?
2013-08-27,?,?
2013-08-28,?,?
2013-08-29,?,?
2013-08-30,?,?
2013-09-02,?,?
2013-09-03,?,?
2013-09-04,?,?
2013-09-05,?,?
2013-09-06,?,?
2013-09-09,?,?
2013-09-10,?,?
2013-09-11,?,?
2013-09-12,?,?
2013-09-13,?,?
2013-09-16,?,?
2013-09-17,?,?
2013-09-18,?,?
2013-09-19,?,?
2013-09-20,?,?
2013-09-23,?,?
2013-09-24,?,?
2013-09-25,?,?
2013-09-26,?,?
2013-09-27,?,?
2013-09-30,?,?
2013-10-01,?,?
2013-10-02,?,?
2013-10-03,?,?
2013-10-04,?,?
2013-10-07,?,?
2013-10-08,?,?
2013-10-09,?,?
2013-10-10,?,?
2013-10-11,?,?
2013-10-14,?,?
2013-10-15,?,?
2013-10-16,?,?
2013-10-17,?,?
2013-10-18,?,?
2013-10-21,?,?
2013-10-22,?,?
2013-10-23,?,?
2013-10-24,?,?
2013-10-25,?,?
2013-10-28,?,?
2013-10-29,?,?
2013-10-30,?,?
2013-10-31,?,?
2013-11-01,?,?
2013-11-04,?,?
2013-11-05,?,?
2013-11-06,?,?
2013-11-07,?,?
2013-11-08,?,?
2013-11-11,?,?
2013-11-12,?,?
2013-11-13,?,?
2013-11-14,?,?
2013-11-15,?,?
2013-11-18,?,?
2013-11-19,?,?
2013-11-20,?,?
2013-11-21,?,?
2013-11-22,?,?
2013-11-25,?,?
2013-11-26,?,?
2013-11-27,?,?
2013-11-28,?,?
2013-11-29,?,?
2013-12-02,?,?
2013-12-03,?,?
2013-12-04,?,?
2013-12-05,?,?
2013-12-06,?,?
2013-12-09,?,?
2013-12-10,?,?
2013-12-11,?,?
2013-12-12,?,?
2013-12-13,?,?
2013-12-16,?,?
2013-12-17,?,?
2013-12-18,?,?
2013-12-19,?,?
2013-12-20,?,?
2013-12-23,?,?
2013-12-24,?,?
2013-12-25,?,?
2013-12-26,?,?
2013-12-27,?,?
2013-12-30,?,?
2013-12-31,?,?
2014-01-01,?,?
2014-01-02,?,?
2014-01-03,?,?
2014-01-06,?,?
2014-01-07,?,?
2014-01-08,?,?
2014-01-09,?,?
2014-01-10,?,?
2014-01-13,?,?
2014-01-14,?,?
2014-01-15,?,?
2014-01-16,?,?
2014-01-17,?,?
2014-01-20,?,?
2014-01-21,?,?
2014-01-22,?,?
2014-01-23,?,?
2014-01-24,?,?
2014-01-27,?,?
2014-01-28,?,?
2014-01-29,?,?
2014-01-30,?,?
2014-01-31,?,?
2014-02-03,?,?
2014-02-04,?,?
2014-02-05,?,?
2014-02-06,?,?
2014-02-07,?,?
2014-02-10,?,?
2014-02-11,?,?
2014-02-12,?,?
2014-02-13,?,?
2014-02-14,?,?
2014-02-17,?,?
2014-02-18,?,?
2014-02-19,?,?
2014-02-20,?,?
2014-02-21,?,?
2014-02-24,?,?
2014-02-25,?,?
2014-02-26,?,?
2014-02-27,?,?
2014-02-28,?,?
2014-03-03,?,?
2014-03-04,?,?
2014-03-05,?,?
2014-03-06,?,?
2014-03-07,?,?
2014-03-10,?,?
2014-03-11,?,?
2014-03-12,?,?
2014-03-13,?,?
2014-03-14,?,?
2014-03-17,?,?
2014-03-18,?,?
2014-03-19,?,?
2014-03-20,?,?
2014-03-21,?,?
2014-03-24,?,?
2014-03-25,?,?
2014-03-26,?,?
2014-03-27,?,?
2014-03-28,?,?
2014-03-31,?,?
2014-04-01,?,?
2014-04-02,?,?
2014-04-03,?,?
2014-04-04,?,?
2014-04-07,?,?
2014-04-08,?,?
2014-04-09,?,?
2014-04-10,?,?
2014-04-11,?,?
2014-04-14,?,?
2014-04-15,?,?
2014-04-16,?,?
2014-04-17,?,?
2014-04-18,?,?
2014-04-21,?,?
2014-04-22,?,?
2014-04-23,?,?
2014-04-24,?,?
2014-04-25,?,?
2014-04-28,?,?
2014-04-29,?,?
2014-04-30,?,?
2014-05-01,?,?
2014-05-02,?,?
2014-05-05,?,?
2014-05-06,?,?
2014-05-07,?,?
2014-05-08,?,?
2014-05-09,?,?
2014-05-12,?,?
2014-05-13,?,?
2014-05-14,?,?
2014-05-15,?,?
2014-05-16,?,?
2014-05-19,?,?
2014-05-20,?,?
2014-05-21,?,?
2014-05-22,?,?
2014-05-23,?,?
2014-05-26,?,?
2014-05-27,?,?
2014-05-28,?,?
2014-05-29,?,?
2014-05-30,?,?
2014-06-02,?,?
2014-06-03,?,?
2014-06-04,?,?
2014-06-05,?,?
2014-06-06,?,?
2014-06-09,?,?
2014-06-10,?,?
2014-06-11,?,?
2014-06-12,?,?
2014-06-13,?,?
2014-06-16,?,?
2014-06-17,?,?
2014-06-18,?,?
2014-06-19,?,?
2014-06-20,?,?
2014-06-23,?,?
2014-06-24,?,?
2014-06-25,?,?
2014-06-26,?,?
2014-06-27,?,?
2014-06-30,?,?
2014-07-01,?,?
2014-07-02,?,?
2014-07-03,?,?
2014-07-04,?,?
2014-07-07,?,?
2014-07-08,?,?
2014-07-09,?,?
2014-07-10,?,?
2014-07-11,?,?
2014-07-14,?,?
2014-07-15,?,?
2014-07-16,?,?
2014-07-17,?,?
2014-07-18,?,?
2014-07-21,?,?
2014-07-22,?,?
2014-07-23,?,?
2014-07-24,?,?
2014-07-25,?,?
2014-07-28,?,?
2014-07-29,?,?
2014-07-30,?,?
2014-07-31,?,?
2014-08-01,?,?
2014-08-04,?,?
2014-08-05,?,?
2014-08-06,?,?
2014-08-07,?,?
2014-08-08,?,?
2014-08-11,?,?
2014-08-12,?,?
2014-08-13,?,?
2014-08-14,?,?
2014-08-15,?,?
2014-08-18,?,?
2014-08-19,?,?
2014-08-20,?,?
2014-08-21,?,?
2014-08-22,?,?
2014-08-25,?,?
2014-08-26,?,?
2014-08-27,?,?
2014-08-28,?,?
2014-08-29,?,?
2014-09-01,?,?
2014-09-02,?,?
2014-09-03,?,?
2014-09-04,?,?
2014-09-05,?,?
2014-09-08,?,?
2014-09-09,?,?
2014-09-10,?,?
2014-09-11,?,?
2014-09-12,?,?
2014-09-15,?,?
2014-09-16,?,?
2014-09-17,?,?
2014-09-18,?,?
2014-09-19,?,?
2014-09-22,?,?
2014-09-23,?,?
2014-09-24,?,?
2014-09-25,?,?
2014-09-26,?,?
2014-09-29,?,?
2014-09-30,?,?
2014-10-01,?,?
2014-10-02,?,?
2014-10-03,?,?
2014-10-06,?,?
2014-10-07,?,?
2014-10-08,?,?
2014-10-09,?,?
2014-10-10,?,?
2014-10-13,?,?
2014-10-14,?,?
2014-10-15,?,?
2014-10-16,?,?
2014-10-17,?,?
2014-10-20,?,?
2014-10-21,?,?
2014-10-22,?,?
2014-10-23,?,?
2014-10-24,?,?
2014-10-27,?,?
2014-10-28,?,?
2014-10-29,?,?
2014-10-30,?,?
2014-10-31,?,?
2014-11-03,?,?
2014-11-04,?,?
2014-11-05,?,?
2014-11-06,?,?
2014-11-07,?,?
2014-11-10,?,?
2014-11-11,?,?
2014-11-12,?,?
2014-11-13,?,?
2014-11-14,?,?
2014-11-17,?,?
2014-11-18,?,?
2014-11-19,?,?
2014-11-20,?,?
2014-11-21,?,?
2014-11-24,?,?
2014-11-25,?,?
2014-11-26,?,?
2014-11-27,?,?
2014-11-28,?,?
2014-12-01,?,?
2014-12-02,?,?
2014-12-03,?,?
2014-12-04,?,?
2014-12-05,?,?
2014-12-08,?,?
2014-12-09,?,?
2014-12-10,?,?
2014-12-11,?,?
2014-12-12,?,?
2014-12-15,?,?
2014-12-16,?,?
2014-12-17,?,?
2014-12-18,?,?
2014-12-19,?,?
2014-12-22,?,?
2014-12-23,?,?
2014-12-24,?,?
2014-12-25,?,?
2014-12-26,?,?
2014-12-29,?,?
2014-12-30,?,?
2014-12-31,?,?
2015-01-01,?,?
2015-01-02,?,?
2015-01-05,?,?
2015-01-06,?,?
2015-01-07,?,?
2015-01-08,?,?
2015-01-09,?,?
2015-01-12,?,?
2015-01-13,?,?
2015-01-14,?,?
2015-01-15,?,?
2015-01-16,?,?
2015-01-19,?,?
2015-01-20,?,?
2015-01-21,?,?
2015-01-22,?,?
2015-01-23,?,?
2015-01-26,?,?
2015-01-27,?,?
2015-01-28,?,?
2015-01-29,?,?
2015-01-30,?,?
2015-02-02,?,?
2015-02-03,?,?
2015-02-04,?,?
2015-02-05,?,?
2015-02-06,?,?
2015-02-09,?,?
2015-02-10,?,?
2015-02-11,?,?
2015-02-12,?,?
2015-02-13,?,?
2015-02-16,?,?
2015-02-17,?,?
2015-02-18,?,?
2015-02-19,?,?
2015-02-20,?,?
2015-02-23,?,?
2015-02-24,?,?
2015-02-25,?,?
2015-02-26,?,?
2015-02-27,?,?
2015-03-02,?,?
2015-03-03,?,?
2015-03-04,?,?
2015-03-05,?,?
2015-03-06,?,?
2015-03-09,?,?
2015-03-10,?,?
2015-03-11,?,?
2015-03-12,?,?
2015-03-13,?,?
2015-03-16,?,?
2015-03-17,?,?
2015-03-18,?,?
2015-03-19,?,?
2015-03-20,?,?
2015-03-23,?,?
2015-03-24,?,?
2015-03-25,?,?
2015-03-26,?,?
2015-03-27,?,?
2015-03-30,?,?
2015-03-31,?,?
2015-04-01,?,?
2015-04-02,?,?
2015-04-03,?,?
2015-04-06,?,?
2015-04-07,?,?
2015-04-08,?,?
2015-04-09,?,?
2015-04-10,?,?
2015-04-13,?,?
2015-04-14,?,?
2015-04-15,?,?
2015-04-16,?,?
2015-04-17,?,?
2015-04-20,?,?
2015-04-21,?,?
2015-04-22,?,?
2015-04-23,?,?
2015-04-24,?,?
2015-04-27,?,?
2015-04-28,?,?
2015-04-29,?,?
2015-04-30,?,?
2015-05-01,?,?
2015-05-04,?,?
2015-05-05,?,?
2015-05-06,?,?
2015-05-07,?,?
2015-05-08,?,?
2015-05-11,?,?
2015-05-12,?,?
2015-05-13,?,?
2015-05-14,?,?
2015-05-15,?,?
2015-05-18,?,?
2015-05-19,?,?
2015-05-20,?,?
2015-05-21,?,?
2015-05-22,?,?
2015-05-25,?,?
2015-05-26,?,?
2015-05-27,?,?
2015-05-28,?,?
2015-05-29,?,?
2015-06-01,?,?
2015-06-02,?,?
2015-06-03,?,?
2015-06-04,?,?
2015-06-05,?,?
2015-06-08,?,?
2015-06-09,?,?
2015-06-10,?,?
2015-06-11,?,?
2015-06-12,?,?
2015-06-15,?,?
2015-06-16,?,?
2015-06-17,?,?
2015-06-18,?,?
2015-06-19,?,?
2015-06-22,?,?
2015-06-23,?,?
2015-06-24,?,?
2015-06-25,?,?
2015-06-26,?,?
2015-06-29,?,?
2015-06-30,?,?
2015-07-01,?,?
2015-07-02,?,?
2015-07-03,?,?
2015-07-06,?,?
2015-07-07,?,?
2015-07-08,?,?
2015-07-09,?,?
2015-07-10,?,?
2015-07-13,?,?
2015-07-14,?,?
2015-07-15,?,?
2015-07-16,?,?
2015-07-17,?,?
2015-07-20,?,?
2015-07-21,?,?
2015-07-22,?,?
2015-07-23,?,?
2015-07-24,?,?
2015-07-27,?,?
2015-07-28,?,?
2015-07-29,?,?
2015-07-30,?,?
2015-07-31,?,?
2015-08-03,?,?
2015-08-04,?,?
2015-08-05,?,?
2015-08-06,?,?
2015-08-07,?,?
2015-08-10,?,?
2015-08-11,?,?
2015-08-12,?,?
2015-08-13,?,?
2015-08-14,?,?
2015-08-17,?,?
2015-08-18,?,?
2015-08-19,?,?
2015-08-20,?,?
2015-08-21,?,?
2015-08-24,?,?
2015-08-25,?,?
2015-08-26,?,?
2015-08-27,?,?
2015-08-28,?,?
2015-08-31,?,?
2015-09-01,?,?
2015-09-02,?,?
2015-09-03,?,?
2015-09-04,?,?
2015-09-07,?,?
2015-09-08,?,?
2015-09-09,?,?
2015-09-10,?,?
2015-09-11,?,?
2015-09-14,?,?
2015-09-15,?,?
2015-09-16,?,?
2015-09-17,?,?
2015-09-18,?,?
2015-09-21,?,?
2015-09-22,?,?
2015-09-23,?,?
2015-09-24,?,?
2015-09-25,?,?
2015-09-28,?,?
2015-09-29,?,?
2015-09-30,?,?
2015-10-01,?,?
2015-10-02,?,?
2015-10-05,?,?
2015-10-06,?,?
2015-10-07,?,?
2015-10-08,?,?
2015-10-09,?,?
2015-10-12,?,?
2015-10-13,?,?
2015-10-14,?,?
2015-10-15,?,?
2015-10-16,?,?
2015-10-19,?,?
2015-10-20,?,?
2015-10-21,?,?
2015-10-22,?,?
2015-10-23,?,?
2015-10-26,?,?
2015-10-27,?,?
2015-10-28,?,?
2015-10-29,?,?
2015-10-30,?,?
2015-11-02,?,?
2015-11-03,?,?
2015-11-04,?,?
2015-11-05,?,?
2015-11-06,?,?
2015-11-09,?,?
2015-11-10,?,?
2015-11-11,?,?
2015-11-12,?,?
2015-11-13,?,?
2015-11-16,?,?
2015-11-17,?,?
2015-11-18,?,?
2015-11-19,?,?
2015-11-20,?,?
2015-11-23,?,?
2015-11-24,?,?
2015-11-25,?,?
2015-11-26,?,?
2015-11-27,?,?
2015-11-30,?,?
2015-12-01,?,?
2015-12-02,?,?
2015-12-03,?,?
2015-12-04,?,?
2015-12-07,?,?
2015-12-08,?,?
2015-12-09,?,?
2015-12-10,?,?
2015-12-11,?,?
2015-12-14,?,?
2015-12-15,?,?
2015-12-16,?,?
2015-12-17,?,?
2015-12-18,?,?
2015-12-21,?,?
2015-12-22,?,?
2015-12-23,?,?
2015-12-24,?,?
2015-12-25,?,?
2015-12-28,?,?
2015-12-29,?,?
2015-12-30,?,?
2015-12-31,?,?
2016-01-01,?,?
2016-01-04,?,?
2016-01-05,?,?
2016-01-06,?,?
2016-01-07,?,?
2016-01-08,?,?
2016-01-11,?,?
2016-01-12,?,?
2016-01-13,?,?
2016-01-14,?,?
2016-01-15,?,?
2016-01-18,?,?
2016-01-19,?,?
2016-01-20,?,?
2016-01-21,?,?
2016-01-22,?,?
2016-01-25,?,?
2016-01-26,?,?
2016-01-27,?,?
2016-01-28,?,?
2016-01-29,?,?
2016-02-01,?,?
2016-02-02,?,?
2016-02-03,?,?
2016-02-04,?,?
2016-02-05,?,?
2016-02-08,?,?
2016-02-09,?,?
2016-02-10,?,?
2016-02-11,?,?
2016-02-12,?,?
2016-02-15,?,?
2016-02-16,?,?
2016-02-17,?,?
2016-02-18,?,?
2016-02-19,?,?
2016-02-22,?,?
2016-02-23,?,?
2016-02-24,?,?
2016-02-25,?,?
2016-02-26,?,?
2016-02-29,?,?
2016-03-01,?,?
2016-03-02,?,?
2016-03-03,?,?
2016-03-04,?,?
2016-03-07,?,?
2016-03-08,?,?
2016-03-09,?,?
2016-03-10,?,?
2016-03-11,?,?
2016-03-14,?,?
2016-03-15,?,?
2016-03-16,?,?
2016-03-17,?,?
2016-03-18,?,?
2016-03-21,?,?
2016-03-22,?,?
2016-03-23,?,?
2016-03-24,?,?
2016-03-25,?,?
2016-03-28,?,?
2016-03-29,?,?
2016-03-30,?,?
2016-03-31,?,?
2016-04-01,?,?
2016-04-04,?,?
2016-04-05,?,?
2016-04-06,?,?
2016-04-07,?,?
2016-04-08,?,?
2016-04-11,?,?
2016-04-12,?,?
2016-04-13,?,?
2016-04-14,?,?
2016-04-15,?,?
2016-04-18,?,?
2016-04-19,?,?
2016-04-20,?,?
2016-04-21,?,?
2016-04-22,?,?
2016-04-25,?,?
2016-04-26,?,?
2016-04-27,?,?
2016-04-28,?,?
2016-04-29,?,?
2016-05-02,?,?
2016-05-03,?,?
2016-05-04,?,?
2016-05-05,?,?
2016-05-06,?,?
2016-05-09,?,?
2016-05-10,?,?
2016-05-11,?,?
2016-05-12,?,?
2016-05-13,?,?
2016-05-16,?,?
2016-05-17,?,?
2016-05-18,?,?
2016-05-19,?,?
2016-05-20,?,?
2016-05-23,?,?
2016-05-24,?,?
2016-05-25,?,?
2016-05-26,?,?
2016-05-27,?,?
2016-05-30,?,?
2016-05-31,?,?
2016-06-01,?,?
2016-06-02,?,?
2016-06-03,?,?
2016-06-06,?,?
2016-06-07,?,?
2016-06-08,?,?
2016-06-09,?,?
2016-06-10,?,?
2016-06-13,?,?
2016-06-14,?,?
2016-06-15,?,?
2016-06-16,?,?
2016-06-17,?,?
2016-06-20,?,?
2016-06-21,?,?
2016-06-22,?,?
2016-06-23,?,?
2016-06-24,?,?
2016-06-27,?,?
2016-06-28,?,?
2016-06-29,?,?
2016-06-30,?,?
2016-07-01,?,?
2016-07-04,?,?
2016-07-05,?,?
2016-07-06,?,?
2016-07-07,?,?
2016-07-08,?,?
2016-07-11,?,?
2016-07-12,?,?
2016-07-13,?,?
2016-07-14,?,?
2016-07-15,?,?
2016-07-18,?,?
2016-07-19,?,?
2016-07-20,?,?
2016-07-21,?,?
2016-07-22,?,?
2016-07-25,?,?
2016-07-26,?,?
2016-07-27,?,?
2016-07-28,?,?
2016-07-29,?,?
2016-08-01,?,?
2016-08-02,?,?
2016-08-03,?,?
2016-08-04,?,?
2016-08-05,?,?
2016-08-08,?,?
2016-08-09,?,?
2016-08-10,?,?
2016-08-11,?,?
2016-08-12,?,?
2016-08-15,?,?
2016-08-16,?,?
2016-08-17,?,?
2016-08-18,?,?
2016-08-19,?,?
2016-08-22,?,?
2016-08-23,?,?
2016-08-24,?,?
2016-08-25,?,?
2016-08-26,?,?
2016-08-29,?,?
2016-08-30,?,?
2016-08-31,?,?
2016-09-01,?,?
2016-09-02,?,?
2016-09-05,?,?
2016-09-06,?,?
2016-09-07,?,?
2016-09-08,?,?
2016-09-09,?,?
2016-09-12,?,?
2016-09-13,?,?
2016-09-14,?,?
2016-09-15,?,?
2016-09-16,?,?
2016-09-19,?,?
2016-09-20,?,?
2016-09-21,?,?
2016-09-22,?,?
2016-09-23,?,?
2016-09-26,?,?
2016-09-27,?,?
2016-09-28,?,?
2016-09-29,?,?
2016-09-30,?,?
2016-10-03,?,?
2016-10-04,?,?
2016-10-05,?,?
2016-10-06,?,?
2016-10-07,?,?
2016-10-10,?,?
2016-10-11,?,?
2016-10-12,?,?
2016-10-13,?,?
2016-10-14,?,?
2016-10-17,?,?
2016-10-18,?,?
2016-10-19,?,?
2016-10-20,?,?
2016-10-21,?,?
2016-10-24,?,?
2016-10-25,?,?
2016-10-26,?,?
2016-10-27,?,?
2016-10-28,?,?
2016-10-31,?,?
2016-11-01,?,?
2016-11-02,?,?
2016-11-03,?,?
2016-11-04,?,?
2016-11-07,?,?
2016-11-08,?,?
2016-11-09,?,?
2016-11-10,?,?
2016-11-11,?,?
2016-11-14,?,?
2016-11-15,?,?
2016-11-16,?,?
2016-11-17,?,?
2016-11-18,?,?
2016-11-21,?,?
2016-11-22,?,?
2016-11-23,?,?
2016-11-24,?,?
2016-11-25,?,?
2016-11-28,?,?
2016-11-29,?,?
2016-11-30,?,?
2016-12-01,?,?
2016-12-02,?,?
2016-12-05,?,?
2016-12-06,?,?
2016-12-07,?,?
2016-12-08,?,?
2016-12-09,?,?
2016-12-12,?,?
2016-12-13,?,?
2016-12-14,?,?
2016-12-15,?,?
2016-12-16,?,?
2016-12-19,?,?
2016-12-20,?,?
2016-12-21,?,?
2016-12-22,?,?
2016-12-23,?,?
2016-12-26,?,?
2016-12-27,?,?
2016-12-28,?,?
2016-12-29,?,?
2016-12-30,?,?
2017-01-02,?,?
2017-01-03,?,?
2017-01-04,?,?
2017-01-05,?,?
2017-01-06,?,?
2017-01-09,?,?
2017-01-10,?,?
2017-01-11,?,?
2017-01-12,?,?
2017-01-13,?,?
2017-01-16,?,?
2017-01-17,?,?
2017-01-18,?,?
2017-01-19,?,?
2017-01-20,?,?
2017-01-23,?,?
2017-01-24,?,?
2017-01-25,?,?
2017-01-26,?,?
2017-01-27,?,?
2017-01-30,?,?
2017-01-31,?,?
2017-02-01,?,?
2017-02-02,?,?
2017-02-03,?,?
2017-02-06,?,?
2017-02-07,?,?
2017-02-08,?,?
2017-02-09,?,?
2017-02-10,?,?
2017-02-13,?,?
2017-02-14,?,?
2017-02-15,?,?
2017-02-16,?,?
2017-02-17,?,?
2017-02-20,?,?
2017-02-21,?,?
2017-02-22,?,?
2017-02-23,?,?
2017-02-24,?,?
2017-02-27,?,?
2017-02-28,?,?
2017-03-01,?,?
2017-03-02,?,?
2017-03-03,?,?
2017-03-06,?,?
2017-03-07,?,?
2017-03-08,?,?
2017-03-09,?,?
2017-03-10,?,?
2017-03-13,?,?
2017-03-14,?,?
2017-03-15,?,?
2017-03-16,?,?
2017-03-17,?,?
2017-03-20,?,?
2017-03-21,?,?
2017-03-22,?,?
2017-03-23,?,?
2017-03-24,?,?
2017-03-27,?,?
2017-03-28,?,?
2017-03-29,?,?
2017-03-30,?,?
2017-03-31,?,?
2017-04-03,?,?
2017-04-04,?,?
2017-04-05,?,?
2017-04-06,?,?
2017-04-07,?,?
2017-04-10,?,?
2017-04-11,?,?
2017-04-12,?,?
2017-04-13,?,?
2017-04-14,?,?
2017-04-17,?,?
2017-04-18,?,?
2017-04-19,?,?
2017-04-20,?,?
2017-04-21,?,?
2017-04-24,?,?
2017-04-25,?,?
2017-04-26,?,?
2017-04-27,?,?
2017-04-28,?,?
2017-05-01,?,?
2017-05-02,?,?
2017-05-03,?,?
2017-05-04,?,?
2017-05-05,?,?
2017-05-08,?,?
2017-05-09,?,?
2017-05-10,?,?
2017-05-11,?,?
2017-05-12,?,?
2017-05-15,?,?
2017-05-16,?,?
2017-05-17,?,?
2017-05-18,?,?
2017-05-19,?,?
2017-05-22,?,?
2017-05-23,?,?
2017-05-24,?,?
2017-05-25,?,?
2017-05-26,?,?
2017-05-29,?,?
2017-05-30,?,?
2017-05-31,?,?
2017-06-01,?,?
2017-06-02,?,?
2017-06-05,?,?
2017-06-06,?,?
2017-06-07,?,?
2017-06-08,?,?
2017-06-09,?,?
2017-06-12,?,?
2017-06-13,?,?
2017-06-14,?,?
2017-06-15,?,?
2017-06-16,?,?
2017-06-19,?,?
2017-06-20,?,?
2017-06-21,?,?
2017-06-22,?,?
2017-06-23,?,?
2017-06-26,?,?
2017-06-27,?,?
2017-06-28,?,?
2017-06-29,?,?
2017-06-30,?,?
2017-07-03,?,?
2017-07-04,?,?
2017-07-05,?,?
2017-07-06,?,?
2017-07-07,?,?
2017-07-10,?,?
2017-07-11,?,?
2017-07-12,?,?
2017-07-13,?,?
2017-07-14,?,?
2017-07-17,?,?
2017-07-18,?,?
2017-07-19,?,?
2017-07-20,?,?
2017-07-21,?,?
2017-07-24,?,?
2017-07-25,?,?
2017-07-26,?,?
2017-07-27,?,?
2017-07-28,?,?
2017-07-31,?,?
2017-08-01,?,?
2017-08-02,?,?
2017-08-03,?,?
2017-08-04,?,?
2017-08-07,?,?
2017-08-08,?,?
2017-08-09,?,?
2017-08-10,?,?
2017-08-11,?,?
2017-08-14,?,?
2017-08-15,?,?
2017-08-16,?,?
2017-08-17,?,?
2017-08-18,?,?
2017-08-21,?,?
2017-08-22,?,?
2017-08-23,?,?
2017-08-24,?,?
2017-08-25,?,?
2017-08-28,?,?
2017-08-29,?,?
2017-08-30,?,?
2017-08-31,?,?
2017-09-01,?,?
2017-09-04,?,?
2017-09-05,?,?
2017-09-06,?,?
2017-09-07,?,?
2017-09-08,?,?
2017-09-11,?,?
2017-09-12,?,?
2017-09-13,?,?
2017-09-14,?,?
2017-09-15,?,?
2017-09-18,?,?
2017-09-19,?,?
2017-09-20,?,?
2017-09-21,?,?
2017-09-22,?,?
2017-09-25,?,?
2017-09-26,?,?
2017-09-27,?,?
2017-09-28,?,?
2017-09-29,?,?
2017-10-02,?,?
2017-10-03,?,?
2017-10-04,?,?
2017-10-05,?,?
2017-10-06,?,?
2017-10-09,?,?
2017-10-10,?,?
2017-10-11,?,?
2017-10-12,?,?
2017-10-13,?,?
2017-10-16,?,?
2017-10-17,?,?
2017-10-18,?,?
2017-10-19,?,?
2017-10-20,?,?
2017-10-23,?,?
2017-10-24,?,?
2017-10-25,?,?
2017-10-26,?,?
2017-10-27,?,?
2017-10-30,?,?
2017-10-31,?,?
2017-11-01,?,?
2017-11-02,?,?
2017-11-03,?,?
2017-11-06,?,?
2017-11-07,?,?
2017-11-08,?,?
2017-11-09,?,?
2017-11-10,?,?
2017-11-13,?,?
2017-11-14,?,?
2017-11-15,?,?
2017-11-16,?,?
2017-11-17,?,?
2017-11-20,?,?
2017-11-21,?,?
2017-11-22,?,?
2017-11-23,?,?
2017-11-24,?,?
2017-11-27,?,?
2017-11-28,?,?
2017-11-29,?,?
2017-11-30,?,?
2017-12-01,?,?
2017-12-04,?,?
2017-12-05,?,?
2017-12-06,?,?
2017-12-07,?,?
2017-12-08,?,?
2017-12-11,?,?
2017-12-12,?,?
2017-12-13,?,?
2017-12-14,?,?
2017-12-15,?,?
2017-12-18,?,?
2017-12-19,?,?
2017-12-20,?,?
2017-12-21,?,?
2017-12-22,?,?
2017-12-25,?,?
2017-12-26,?,?
2017-12-27,?,?
2017-12-28,?,?
2017-12-29,?,?
2018-01-01,?,?
2018-01-02,?,?
2018-01-03,?,?
2018-01-04,?,?
2018-01-05,?,?
2018-01-08,?,?
2018-01-09,?,?
2018-01-10,?,?
2018-01-11,?,?
2018-01-12,?,?
2018-01-15,?,?
2018-01-16,?,?
2018-01-17,?,?
2018-01-18,?,?
2018-01-19,?,?
2018-01-22,?,?
2018-01-23,?,?
2018-01-24,?,?
2018-01-25,?,?
2018-01-26,?,?
2018-01-29,?,?
2018-01-30,?,?
2018-01-31,?,?
2018-02-01,?,?
2018-02-02,?,?
2018-02-05,?,?
2018-02-06,?,?
2018-02-07,?,?
2018-02-08,?,?
2018-02-09,?,?
2018-02-12,?,?
2018-02-13,?,?
2018-02-14,?,?
2018-02-15,?,?
2018-02-16,?,?
2018-02-19,?,?
2018-02-20,?,?
2018-02-21,?,?
2018-02-22,?,?
2018-02-23,?,?
2018-02-26,?,?
2018-02-27,?,?
2018-02-28,?,?
2018-03-01,?,?
2018-03-02,?,?
2018-03-05,?,?
2018-03-06,?,?
2018-03-07,?,?
2018-03-08,?,?
