Date,SIT,YTD
1999-01-05,160.35,?
1999-01-06,160.12,?
1999-01-07,160.69,?
1999-01-08,162.31,?
1999-01-11,161.97,?
1999-01-12,163.34,?
1999-01-13,164.53,?
1999-01-14,162.81,?
1999-01-15,162.14,?
1999-01-18,160.96,?
1999-01-19,163.07,?
1999-01-20,163.09,?
1999-01-21,163.34,?
1999-01-22,163.33,?
1999-01-25,162.93,?
1999-01-26,162.93,?
1999-01-27,163.69,?
1999-01-28,164.56,?
1999-01-29,166.21,?
1999-02-01,165.58,?
1999-02-02,167.11,?
1999-02-03,168.37,?
1999-02-04,168.02,?
1999-02-05,169.07,?
1999-02-08,168.51,?
1999-02-09,169.24,?
1999-02-10,168.23,?
1999-02-11,168.8,?
1999-02-12,168.14,?
1999-02-15,169.37,?
1999-02-16,168.68,?
1999-02-17,170.32,?
1999-02-18,168.98,?
1999-02-19,168.95,?
1999-02-22,169.96,?
1999-02-23,172.33,?
1999-02-24,173.27,?
1999-02-25,172.44,?
1999-02-26,172.5,?
1999-03-01,172.87,?
1999-03-02,173.28,?
1999-03-03,174.74,?
1999-03-04,174.53,?
1999-03-05,175.16,?
1999-03-08,175.91,?
1999-03-09,174.41,?
1999-03-10,174.75,?
1999-03-11,174.71,?
1999-03-12,174.58,?
1999-03-15,174.12,?
1999-03-16,174.34,?
1999-03-17,174.65,?
1999-03-18,173.2,?
1999-03-19,173.0,?
1999-03-22,174.42,?
1999-03-23,175.29,?
1999-03-24,174.89,?
1999-03-25,174.62,?
1999-03-26,175.1,?
1999-03-29,176.2,?
1999-03-30,177.35,?
1999-03-31,177.87,?
1999-04-01,177.93,?
1999-04-02,176.94,?
1999-04-05,176.81,?
1999-04-06,176.89,?
1999-04-07,177.9,?
1999-04-08,176.44,?
1999-04-09,176.53,?
1999-04-12,177.19,?
1999-04-13,176.17,?
1999-04-14,178.86,?
1999-04-15,179.33,?
1999-04-16,178.66,?
1999-04-19,180.31,?
1999-04-20,181.17,?
1999-04-21,180.9,?
1999-04-22,182.07,?
1999-04-23,181.25,?
1999-04-26,180.84,?
1999-04-27,181.82,?
1999-04-28,181.84,?
1999-04-29,181.01,?
1999-04-30,182.12,?
1999-05-03,182.4,?
1999-05-04,182.74,?
1999-05-05,183.17,?
1999-05-06,181.59,?
1999-05-07,179.38,?
1999-05-10,179.64,?
1999-05-11,180.36,?
1999-05-12,180.57,?
1999-05-13,182.33,?
1999-05-14,182.46,?
1999-05-17,181.52,?
1999-05-18,181.34,?
1999-05-19,181.29,?
1999-05-20,181.73,?
1999-05-21,182.24,?
1999-05-24,183.36,?
1999-05-25,183.2,?
1999-05-26,182.35,?
1999-05-27,183.14,?
1999-05-28,186.02,?
1999-05-31,185.19,?
1999-06-01,185.37,?
1999-06-02,186.26,?
1999-06-03,187.25,?
1999-06-04,187.29,?
1999-06-07,188.58,?
1999-06-08,188.47,?
1999-06-09,187.84,?
1999-06-10,186.43,?
1999-06-11,186.1,?
1999-06-14,186.25,?
1999-06-15,187.0,?
1999-06-16,188.66,?
1999-06-17,189.48,?
1999-06-18,189.5,?
1999-06-21,188.67,?
1999-06-22,188.76,?
1999-06-23,190.44,?
1999-06-24,190.5,?
1999-06-25,189.74,?
1999-06-28,190.11,?
1999-06-29,187.88,?
1999-06-30,189.12,?
1999-07-01,189.97,?
1999-07-02,191.43,?
1999-07-05,191.9,?
1999-07-06,192.03,?
1999-07-07,192.26,?
1999-07-08,192.39,?
1999-07-09,192.94,?
1999-07-12,192.49,?
1999-07-13,193.9,?
1999-07-14,193.41,?
1999-07-15,193.8,?
1999-07-16,193.21,?
1999-07-19,193.15,?
1999-07-20,194.2,?
1999-07-21,189.33,?
1999-07-22,188.43,?
1999-07-23,187.64,?
1999-07-26,187.77,?
1999-07-27,184.13,?
1999-07-28,185.45,?
1999-07-29,185.99,?
1999-07-30,184.86,?
1999-08-02,184.66,?
1999-08-03,185.09,?
1999-08-04,185.4,?
1999-08-05,183.28,?
1999-08-06,182.86,?
1999-08-09,183.0,?
1999-08-10,184.18,?
1999-08-11,183.78,?
1999-08-12,185.01,?
1999-08-13,185.51,?
1999-08-16,184.93,?
1999-08-17,186.79,?
1999-08-18,187.18,?
1999-08-19,187.65,?
1999-08-20,187.19,?
1999-08-23,184.5,?
1999-08-24,185.56,?
1999-08-25,187.05,?
1999-08-26,188.43,?
1999-08-27,187.94,?
1999-08-30,188.19,?
1999-08-31,187.99,?
1999-09-01,185.94,?
1999-09-02,185.23,?
1999-09-03,184.36,?
1999-09-06,183.97,?
1999-09-07,185.46,?
1999-09-08,185.99,?
1999-09-09,185.17,?
1999-09-10,185.45,?
1999-09-13,186.69,?
1999-09-14,189.95,?
1999-09-15,189.57,?
1999-09-16,189.61,?
1999-09-17,189.27,?
1999-09-20,188.96,?
1999-09-21,188.65,?
1999-09-22,189.09,?
1999-09-23,186.98,?
1999-09-24,187.98,?
1999-09-27,187.3,?
1999-09-28,188.23,?
1999-09-29,186.97,?
1999-09-30,185.45,?
1999-10-01,183.79,?
1999-10-04,182.68,?
1999-10-05,184.11,?
1999-10-06,184.14,?
1999-10-07,184.02,?
1999-10-08,183.33,?
1999-10-11,184.09,?
1999-10-12,184.98,?
1999-10-13,184.61,?
1999-10-14,182.62,?
1999-10-15,182.98,?
1999-10-18,181.18,?
1999-10-19,181.16,?
1999-10-20,181.28,?
1999-10-21,182.69,?
1999-10-22,182.23,?
1999-10-25,182.91,?
1999-10-26,184.35,?
1999-10-27,185.04,?
1999-10-28,186.54,?
1999-10-29,186.8,?
1999-11-01,188.1,?
1999-11-02,185.98,?
1999-11-03,187.2,?
1999-11-04,187.52,?
1999-11-05,187.24,?
1999-11-08,189.09,?
1999-11-09,189.28,?
1999-11-10,188.9,?
1999-11-11,189.33,?
1999-11-12,189.34,?
1999-11-15,191.14,?
1999-11-16,191.3,?
1999-11-17,190.58,?
1999-11-18,189.26,?
1999-11-19,189.53,?
1999-11-22,191.34,?
1999-11-23,190.78,?
1999-11-24,190.63,?
1999-11-25,192.44,?
1999-11-26,193.03,?
1999-11-29,194.79,?
1999-11-30,195.38,?
1999-12-01,194.87,?
1999-12-02,195.11,?
1999-12-03,195.84,?
1999-12-06,196.94,?
1999-12-07,193.75,?
1999-12-08,192.92,?
1999-12-09,193.12,?
1999-12-10,194.35,?
1999-12-13,195.2,?
1999-12-14,195.39,?
1999-12-15,197.47,?
1999-12-16,198.29,?
1999-12-17,196.36,?
1999-12-20,196.57,?
1999-12-21,196.98,?
1999-12-22,196.86,?
1999-12-23,196.98,?
1999-12-24,196.81,?
1999-12-27,195.73,?
1999-12-28,196.05,?
1999-12-29,196.9,?
1999-12-30,197.34,?
1999-12-31,198.0,?
2000-01-03,198.0,?
2000-01-04,197.12,?
2000-01-05,192.92,160.35
2000-01-06,192.39,160.12
2000-01-07,192.06,160.69
2000-01-10,194.11,162.31
2000-01-11,195.16,161.97
2000-01-12,194.73,163.34
2000-01-13,193.87,164.53
2000-01-14,194.57,162.81
2000-01-17,195.6,162.14
2000-01-18,198.13,160.96
2000-01-19,198.15,163.07
2000-01-20,197.84,163.09
2000-01-21,198.18,163.34
2000-01-24,198.03,163.33
2000-01-25,199.35,162.93
2000-01-26,199.82,162.93
2000-01-27,199.73,163.69
2000-01-28,200.77,164.56
2000-01-31,203.37,166.21
2000-02-01,204.62,165.58
2000-02-02,206.34,167.11
2000-02-03,206.49,168.37
2000-02-04,205.95,168.02
2000-02-07,204.22,169.07
2000-02-08,205.59,168.51
2000-02-09,202.76,169.24
2000-02-10,202.24,168.23
2000-02-11,203.73,168.8
2000-02-14,205.22,168.14
2000-02-15,203.39,169.37
2000-02-16,205.73,168.68
2000-02-17,205.27,170.32
2000-02-18,202.86,168.98
2000-02-21,204.27,168.95
2000-02-22,204.48,169.96
2000-02-23,201.17,172.33
2000-02-24,200.3,173.27
2000-02-25,204.07,172.44
2000-02-28,205.81,172.5
2000-02-29,209.79,172.5
2000-03-01,208.15,172.87
2000-03-02,209.17,173.28
2000-03-03,208.06,174.74
2000-03-06,209.57,175.16
2000-03-07,209.98,175.16
2000-03-08,211.06,175.91
2000-03-09,212.13,174.41
2000-03-10,210.58,174.75
2000-03-13,210.65,174.58
2000-03-14,208.48,174.58
2000-03-15,210.69,174.12
2000-03-16,210.14,174.34
2000-03-17,209.7,174.65
2000-03-20,209.68,173.0
2000-03-21,208.84,173.0
2000-03-22,209.06,174.42
2000-03-23,211.32,175.29
2000-03-24,210.19,174.89
2000-03-27,208.84,175.1
2000-03-28,209.1,175.1
2000-03-29,210.56,176.2
2000-03-30,212.5,177.35
2000-03-31,212.79,177.87
2000-04-03,212.85,176.94
2000-04-04,212.63,176.94
2000-04-05,213.34,176.81
2000-04-06,210.27,176.89
2000-04-07,211.47,177.9
2000-04-10,212.87,176.53
2000-04-11,212.34,176.53
2000-04-12,212.48,177.19
2000-04-13,213.16,176.17
2000-04-14,214.14,178.86
2000-04-17,214.13,178.66
2000-04-18,213.27,178.66
2000-04-19,214.93,180.31
2000-04-20,215.65,181.17
2000-04-21,217.72,180.9
2000-04-24,217.72,181.25
2000-04-25,217.72,181.25
2000-04-26,219.42,180.84
2000-04-27,222.04,181.82
2000-04-28,222.66,181.84
2000-05-01,224.76,182.12
2000-05-02,224.76,182.12
2000-05-03,224.43,182.4
2000-05-04,229.17,182.74
2000-05-05,228.38,183.17
2000-05-08,227.64,179.38
2000-05-09,228.4,179.38
2000-05-10,228.02,179.64
2000-05-11,224.79,180.36
2000-05-12,225.6,180.57
2000-05-15,226.78,182.46
2000-05-16,224.08,182.46
2000-05-17,226.07,181.52
2000-05-18,229.71,181.34
2000-05-19,229.17,181.29
2000-05-22,231.14,182.24
2000-05-23,227.93,182.24
2000-05-24,225.16,183.36
2000-05-25,225.61,183.2
2000-05-26,228.57,182.35
2000-05-29,224.51,186.02
2000-05-30,221.71,186.02
2000-05-31,219.44,185.19
2000-06-01,220.97,185.37
2000-06-02,220.72,186.26
2000-06-05,220.25,187.29
2000-06-06,218.48,187.29
2000-06-07,217.76,188.58
2000-06-08,215.75,188.47
2000-06-09,213.52,187.84
2000-06-12,217.79,186.1
2000-06-13,216.98,186.1
2000-06-14,215.89,186.25
2000-06-15,214.75,187.0
2000-06-16,217.31,188.66
2000-06-19,216.35,189.5
2000-06-20,214.8,189.5
2000-06-21,217.07,188.67
2000-06-22,218.66,188.76
2000-06-23,220.15,190.44
2000-06-26,219.99,189.74
2000-06-27,222.05,189.74
2000-06-28,220.42,190.11
2000-06-29,220.0,187.88
2000-06-30,218.17,189.12
2000-07-03,216.98,191.43
2000-07-04,218.48,191.43
2000-07-05,218.91,191.9
2000-07-06,218.86,192.03
2000-07-07,217.42,192.26
2000-07-10,218.94,192.94
2000-07-11,218.05,192.94
2000-07-12,218.3,192.49
2000-07-13,218.84,193.9
2000-07-14,222.47,193.41
2000-07-17,222.14,193.21
2000-07-18,222.44,193.21
2000-07-19,222.01,193.15
2000-07-20,225.25,194.2
2000-07-21,225.42,189.33
2000-07-24,222.0,187.64
2000-07-25,222.74,187.64
2000-07-26,221.03,187.77
2000-07-27,220.75,184.13
2000-07-28,221.82,185.45
2000-07-31,224.61,184.86
2000-08-01,225.49,184.86
2000-08-02,224.91,184.66
2000-08-03,228.05,185.09
2000-08-04,229.24,185.4
2000-08-07,230.87,182.86
2000-08-08,229.57,182.86
2000-08-09,230.5,183.0
2000-08-10,232.43,184.18
2000-08-11,230.92,183.78
2000-08-14,228.36,185.51
2000-08-15,231.42,185.51
2000-08-16,228.7,184.93
2000-08-17,230.09,186.79
2000-08-18,228.32,187.18
2000-08-21,228.7,187.19
2000-08-22,231.4,187.19
2000-08-23,232.65,184.5
2000-08-24,234.12,185.56
2000-08-25,231.78,187.05
2000-08-28,231.53,187.94
2000-08-29,231.88,187.94
2000-08-30,231.52,188.19
2000-08-31,234.52,187.99
2000-09-01,234.66,185.94
2000-09-04,234.76,184.36
2000-09-05,232.21,184.36
2000-09-06,235.22,183.97
2000-09-07,236.97,185.46
2000-09-08,240.85,185.99
2000-09-11,239.34,185.45
2000-09-12,242.93,185.45
2000-09-13,242.94,186.69
2000-09-14,241.8,189.95
2000-09-15,240.79,189.57
2000-09-18,242.82,189.27
2000-09-19,245.33,189.27
2000-09-20,244.84,188.96
2000-09-21,246.78,188.65
2000-09-22,245.44,189.09
2000-09-25,235.13,187.98
2000-09-26,238.6,187.98
2000-09-27,238.97,187.3
2000-09-28,236.19,188.23
2000-09-29,237.13,186.97
2000-10-02,238.97,183.79
2000-10-03,237.97,183.79
2000-10-04,239.04,182.68
2000-10-05,240.06,184.11
2000-10-06,238.6,184.14
2000-10-09,240.84,183.33
2000-10-10,241.17,183.33
2000-10-11,240.44,184.09
2000-10-12,240.56,184.98
2000-10-13,242.98,184.61
2000-10-16,243.25,182.98
2000-10-17,246.96,182.98
2000-10-18,247.45,181.18
2000-10-19,246.65,181.16
2000-10-20,250.04,181.28
2000-10-23,248.6,182.23
2000-10-24,250.83,182.23
2000-10-25,250.75,182.91
2000-10-26,253.05,184.35
2000-10-27,254.67,185.04
2000-10-30,252.7,186.8
2000-10-31,248.0,186.8
2000-11-01,249.91,188.1
2000-11-02,245.97,185.98
2000-11-03,243.23,187.2
2000-11-06,241.18,187.24
2000-11-07,242.93,187.24
2000-11-08,245.27,189.09
2000-11-09,246.7,189.28
2000-11-10,247.74,188.9
2000-11-13,243.71,189.34
2000-11-14,245.44,189.34
2000-11-15,246.28,191.14
2000-11-16,246.0,191.3
2000-11-17,246.84,190.58
2000-11-20,247.9,189.53
2000-11-21,249.34,189.53
2000-11-22,249.75,191.34
2000-11-23,251.2,190.78
2000-11-24,251.25,190.63
2000-11-27,251.13,193.03
2000-11-28,252.12,193.03
2000-11-29,247.62,194.79
2000-11-30,245.33,195.38
2000-12-01,244.52,194.87
2000-12-04,243.11,195.84
2000-12-05,238.41,195.84
2000-12-06,241.35,196.94
2000-12-07,240.62,193.75
2000-12-08,237.92,192.92
2000-12-11,238.99,194.35
2000-12-12,241.94,194.35
2000-12-13,242.75,195.2
2000-12-14,243.31,195.39
2000-12-15,241.11,197.47
2000-12-18,237.37,196.36
2000-12-19,237.91,196.36
2000-12-20,239.08,196.57
2000-12-21,235.38,196.98
2000-12-22,233.29,196.86
2000-12-25,231.14,196.81
2000-12-26,231.14,196.81
2000-12-27,231.14,195.73
2000-12-28,228.95,196.05
2000-12-29,230.05,196.9
2001-01-01,229.49,198.0
2001-01-02,229.49,198.0
2001-01-03,226.54,198.0
2001-01-04,224.08,197.12
2001-01-05,225.72,192.92
2001-01-08,223.87,192.06
2001-01-09,225.17,192.06
2001-01-10,227.47,194.11
2001-01-11,227.51,195.16
2001-01-12,225.07,194.73
2001-01-15,224.89,194.57
2001-01-16,227.63,194.57
2001-01-17,228.09,195.6
2001-01-18,228.21,198.13
2001-01-19,228.13,198.15
2001-01-22,228.23,198.18
2001-01-23,231.22,198.18
2001-01-24,228.23,198.03
2001-01-25,231.15,199.35
2001-01-26,234.91,199.82
2001-01-29,232.85,200.77
2001-01-30,233.79,200.77
2001-01-31,233.76,203.37
2001-02-01,231.56,204.62
2001-02-02,229.08,206.34
2001-02-05,229.15,205.95
2001-02-06,228.73,205.95
2001-02-07,231.24,204.22
2001-02-08,231.17,205.59
2001-02-09,233.77,202.76
2001-02-12,233.62,203.73
2001-02-13,232.16,203.73
2001-02-14,232.43,205.22
2001-02-15,234.93,203.39
2001-02-16,237.25,205.73
2001-02-19,236.55,202.86
2001-02-20,233.79,202.86
2001-02-21,237.75,204.27
2001-02-22,235.67,204.48
2001-02-23,238.06,201.17
2001-02-26,237.73,204.07
2001-02-27,236.73,204.07
2001-02-28,235.21,205.81
2001-03-01,232.85,208.15
2001-03-02,232.47,209.17
2001-03-05,230.3,208.06
2001-03-06,231.88,209.57
2001-03-07,232.49,209.98
2001-03-08,232.06,211.06
2001-03-09,231.77,212.13
2001-03-12,230.83,210.58
2001-03-13,233.05,210.65
2001-03-14,234.99,208.48
2001-03-15,235.37,210.69
2001-03-16,238.61,210.14
2001-03-19,241.59,209.7
2001-03-20,240.56,209.68
2001-03-21,239.76,208.84
2001-03-22,240.55,209.06
2001-03-23,243.37,211.32
2001-03-26,242.19,210.19
2001-03-27,241.91,208.84
2001-03-28,241.4,209.1
2001-03-29,243.61,210.56
2001-03-30,244.63,212.5
2001-04-02,244.81,212.79
2001-04-03,246.49,212.85
2001-04-04,244.47,212.63
2001-04-05,239.36,213.34
2001-04-06,239.71,210.27
2001-04-09,241.82,211.47
2001-04-10,239.7,212.87
2001-04-11,241.7,212.34
2001-04-12,244.72,212.48
2001-04-13,244.55,213.16
2001-04-16,244.55,214.14
2001-04-17,244.55,214.13
2001-04-18,246.24,213.27
2001-04-19,246.62,214.93
2001-04-20,245.27,215.65
2001-04-23,240.79,217.72
2001-04-24,240.39,217.72
2001-04-25,241.23,217.72
2001-04-26,241.95,219.42
2001-04-27,240.47,222.04
2001-04-30,240.15,222.66
2001-05-01,244.02,224.76
2001-05-02,244.02,224.76
2001-05-03,243.17,224.43
2001-05-04,243.24,229.17
2001-05-07,242.19,228.38
2001-05-08,242.84,227.64
2001-05-09,245.05,228.4
2001-05-10,246.34,228.02
2001-05-11,245.64,224.79
2001-05-14,247.87,225.6
2001-05-15,248.68,226.78
2001-05-16,248.03,224.08
2001-05-17,246.31,226.07
2001-05-18,246.72,229.71
2001-05-21,247.94,229.17
2001-05-22,248.34,231.14
2001-05-23,250.37,227.93
2001-05-24,253.42,225.16
2001-05-25,252.92,225.61
2001-05-28,253.24,228.57
2001-05-29,253.41,224.51
2001-05-30,254.41,221.71
2001-05-31,254.67,219.44
2001-06-01,256.65,220.97
2001-06-04,256.82,220.72
2001-06-05,255.68,220.25
2001-06-06,257.2,218.48
2001-06-07,254.79,217.76
2001-06-08,257.15,215.75
2001-06-11,256.87,213.52
2001-06-12,256.35,217.79
2001-06-13,256.94,216.98
2001-06-14,255.07,215.89
2001-06-15,256.54,214.75
2001-06-18,251.42,217.31
2001-06-19,254.04,216.35
2001-06-20,254.65,214.8
2001-06-21,256.13,217.07
2001-06-22,254.95,218.66
2001-06-25,255.78,220.15
2001-06-26,253.27,219.99
2001-06-27,253.66,222.05
2001-06-28,253.06,220.42
2001-06-29,256.3,220.0
2001-07-02,257.57,218.17
2001-07-03,258.21,216.98
2001-07-04,256.7,218.48
2001-07-05,258.3,218.91
2001-07-06,259.65,218.86
2001-07-09,260.63,217.42
2001-07-10,258.69,218.94
2001-07-11,255.88,218.05
2001-07-12,254.06,218.3
2001-07-13,256.41,218.84
2001-07-16,256.25,222.47
2001-07-17,255.02,222.14
2001-07-18,256.98,222.44
2001-07-19,253.56,222.01
2001-07-20,251.01,225.25
2001-07-23,249.44,225.42
2001-07-24,252.33,222.0
2001-07-25,251.23,222.74
2001-07-26,249.02,221.03
2001-07-27,249.87,220.75
2001-07-30,249.95,221.82
2001-07-31,250.57,224.61
2001-08-01,250.41,225.49
2001-08-02,248.6,224.91
2001-08-03,249.53,228.05
2001-08-06,249.0,229.24
2001-08-07,248.99,230.87
2001-08-08,250.02,229.57
2001-08-09,250.29,230.5
2001-08-10,247.85,232.43
2001-08-13,245.75,230.92
2001-08-14,244.18,228.36
2001-08-15,244.81,231.42
2001-08-16,240.84,228.7
2001-08-17,240.19,230.09
2001-08-20,240.24,228.32
2001-08-21,239.87,228.7
2001-08-22,240.49,231.4
2001-08-23,238.21,232.65
2001-08-24,240.97,234.12
2001-08-27,241.37,231.78
2001-08-28,241.64,231.53
2001-08-29,242.92,231.88
2001-08-30,240.96,231.52
2001-08-31,241.62,234.52
2001-09-03,239.75,234.66
2001-09-04,242.09,234.76
2001-09-05,244.96,232.21
2001-09-06,247.27,235.22
2001-09-07,248.15,236.97
2001-09-10,245.32,240.85
2001-09-11,242.77,239.34
2001-09-12,245.15,242.93
2001-09-13,242.69,242.94
2001-09-14,242.6,241.8
2001-09-17,238.27,240.79
2001-09-18,237.08,242.82
2001-09-19,237.49,245.33
2001-09-20,237.46,244.84
2001-09-21,237.46,246.78
2001-09-24,239.03,245.44
2001-09-25,240.28,235.13
2001-09-26,239.95,238.6
2001-09-27,238.63,238.97
2001-09-28,238.99,236.19
2001-10-01,240.97,237.13
2001-10-02,241.26,238.97
2001-10-03,239.59,237.97
2001-10-04,239.04,239.04
2001-10-05,241.45,240.06
2001-10-08,239.98,238.6
2001-10-09,238.92,240.84
2001-10-10,239.52,241.17
2001-10-11,241.01,240.44
2001-10-12,242.99,240.56
2001-10-15,243.74,242.98
2001-10-16,242.11,243.25
2001-10-17,243.24,246.96
2001-10-18,243.98,247.45
2001-10-19,244.06,246.65
2001-10-22,244.5,250.04
2001-10-23,245.66,248.6
2001-10-24,247.89,250.83
2001-10-25,247.04,250.75
2001-10-26,247.88,253.05
2001-10-29,247.27,254.67
2001-10-30,244.41,252.7
2001-10-31,242.93,248.0
2001-11-01,243.47,249.91
2001-11-02,242.01,245.97
2001-11-05,243.46,243.23
2001-11-06,245.87,241.18
2001-11-07,246.06,242.93
2001-11-08,244.46,245.27
2001-11-09,245.74,246.7
2001-11-12,246.89,247.74
2001-11-13,246.83,243.71
2001-11-14,248.79,245.44
2001-11-15,249.95,246.28
2001-11-16,249.17,246.0
2001-11-19,248.28,246.84
2001-11-20,250.53,247.9
2001-11-21,249.66,249.34
2001-11-22,250.39,249.75
2001-11-23,250.98,251.2
2001-11-26,250.46,251.25
2001-11-27,249.49,251.13
2001-11-28,249.82,252.12
2001-11-29,248.64,247.62
2001-11-30,247.5,245.33
2001-12-03,246.74,244.52
2001-12-04,246.08,243.11
2001-12-05,246.96,238.41
2001-12-06,246.45,241.35
2001-12-07,247.13,240.62
2001-12-10,246.56,237.92
2001-12-11,247.44,238.99
2001-12-12,246.78,241.94
2001-12-13,246.13,242.75
2001-12-14,245.11,243.31
2001-12-17,243.97,241.11
2001-12-18,243.12,237.37
2001-12-19,244.01,237.91
2001-12-20,243.98,239.08
2001-12-21,243.64,235.38
2001-12-24,244.5,233.29
2001-12-25,248.75,231.14
2001-12-26,248.75,231.14
2001-12-27,248.75,231.14
2001-12-28,248.0,228.95
2001-12-31,248.31,230.05
2002-01-01,248.31,229.49
2002-01-02,248.31,229.49
2002-01-03,239.84,226.54
2002-01-04,243.84,224.08
2002-01-07,243.12,225.72
2002-01-08,244.81,223.87
2002-01-09,242.95,225.17
2002-01-10,245.04,227.47
2002-01-11,245.55,227.51
2002-01-14,244.89,225.07
2002-01-15,246.4,224.89
2002-01-16,245.09,227.63
2002-01-17,249.39,228.09
2002-01-18,249.74,228.21
2002-01-21,249.68,228.13
2002-01-22,248.8,228.23
2002-01-23,249.59,231.22
2002-01-24,249.11,228.23
2002-01-25,251.57,231.15
2002-01-28,254.89,234.91
2002-01-29,257.57,232.85
2002-01-30,257.43,233.79
2002-01-31,256.83,233.76
2002-02-01,257.33,231.56
2002-02-04,257.88,229.08
2002-02-05,257.72,229.15
2002-02-06,256.54,228.73
2002-02-07,257.05,231.24
2002-02-08,256.64,231.17
2002-02-11,254.41,233.77
2002-02-12,253.02,233.62
2002-02-13,253.94,232.16
2002-02-14,254.22,232.43
2002-02-15,255.18,234.93
2002-02-18,255.57,237.25
2002-02-19,254.87,236.55
2002-02-20,256.78,233.79
2002-02-21,254.63,237.75
2002-02-22,256.4,235.67
2002-02-25,255.33,238.06
2002-02-26,256.02,237.73
2002-02-27,257.35,236.73
2002-02-28,258.15,235.21
2002-03-01,258.27,232.85
2002-03-04,257.68,232.47
2002-03-05,257.93,230.3
2002-03-06,257.1,231.88
2002-03-07,256.15,232.49
2002-03-08,255.03,232.06
2002-03-11,253.81,231.77
2002-03-12,255.49,230.83
2002-03-13,255.61,233.05
2002-03-14,255.78,234.99
2002-03-15,253.87,235.37
2002-03-18,252.77,238.61
2002-03-19,254.47,241.59
2002-03-20,253.36,240.56
2002-03-21,253.86,239.76
2002-03-22,253.91,240.55
2002-03-25,254.54,243.37
2002-03-26,255.61,242.19
2002-03-27,255.92,241.91
2002-03-28,255.66,241.4
2002-03-29,256.48,243.61
2002-04-01,256.48,244.63
2002-04-02,256.48,244.81
2002-04-03,254.88,246.49
2002-04-04,254.29,244.47
2002-04-05,253.99,239.36
2002-04-08,254.8,239.71
2002-04-09,255.14,241.82
2002-04-10,255.78,239.7
2002-04-11,254.76,241.7
2002-04-12,254.84,244.72
2002-04-15,254.53,244.55
2002-04-16,254.66,244.55
2002-04-17,254.61,244.55
2002-04-18,252.69,246.24
2002-04-19,252.37,246.62
2002-04-22,252.79,245.27
2002-04-23,252.88,240.79
2002-04-24,253.46,240.39
2002-04-25,252.83,241.23
2002-04-26,250.82,241.95
2002-04-29,250.57,240.47
2002-04-30,248.94,240.15
2002-05-01,249.76,244.02
2002-05-02,249.76,244.02
2002-05-03,249.08,243.17
2002-05-06,247.89,243.24
2002-05-07,246.27,242.19
2002-05-08,246.95,242.84
2002-05-09,247.87,245.05
2002-05-10,248.67,246.34
2002-05-13,246.68,245.64
2002-05-14,246.62,247.87
2002-05-15,248.76,248.68
2002-05-16,249.47,248.03
2002-05-17,246.66,246.31
2002-05-20,245.77,246.72
2002-05-21,244.84,247.94
2002-05-22,244.56,248.34
2002-05-23,243.1,250.37
2002-05-24,244.5,253.42
2002-05-27,245.2,252.92
2002-05-28,245.24,253.24
2002-05-29,243.49,253.41
2002-05-30,241.72,254.41
2002-05-31,240.61,254.67
2002-06-03,240.22,256.65
2002-06-04,242.13,256.82
2002-06-05,239.12,255.68
2002-06-06,240.9,257.2
2002-06-07,240.66,254.79
2002-06-10,238.79,257.15
2002-06-11,238.8,256.87
2002-06-12,239.84,256.35
2002-06-13,239.05,256.94
2002-06-14,239.95,255.07
2002-06-17,238.48,256.54
2002-06-18,239.83,251.42
2002-06-19,238.4,254.04
2002-06-20,236.5,254.65
2002-06-21,235.8,256.13
2002-06-24,234.82,254.95
2002-06-25,231.34,255.78
2002-06-26,232.98,253.27
2002-06-27,228.05,253.66
2002-06-28,230.04,253.06
2002-07-01,227.14,256.3
2002-07-02,228.19,257.57
2002-07-03,229.92,258.21
2002-07-04,231.28,256.7
2002-07-05,231.03,258.3
2002-07-08,232.52,259.65
2002-07-09,230.18,260.63
2002-07-10,228.29,258.69
2002-07-11,228.48,255.88
2002-07-12,229.93,254.06
2002-07-15,229.11,256.41
2002-07-16,226.24,256.25
2002-07-17,223.94,255.02
2002-07-18,225.11,256.98
2002-07-19,225.63,253.56
2002-07-22,223.14,251.01
2002-07-23,225.08,249.44
2002-07-24,228.74,252.33
2002-07-25,228.96,251.23
2002-07-26,226.54,249.02
2002-07-29,226.9,249.87
2002-07-30,231.03,249.95
2002-07-31,230.78,250.57
2002-08-01,232.05,250.41
2002-08-02,232.47,248.6
2002-08-05,229.9,249.53
2002-08-06,230.8,249.0
2002-08-07,234.49,248.99
2002-08-08,234.31,250.02
2002-08-09,234.62,250.29
2002-08-12,233.56,247.85
2002-08-13,232.39,245.75
2002-08-14,231.98,244.18
2002-08-15,230.49,244.81
2002-08-16,232.55,240.84
2002-08-19,231.32,240.19
2002-08-20,232.12,240.24
2002-08-21,232.16,239.87
2002-08-22,232.51,240.49
2002-08-23,232.65,238.21
2002-08-26,234.6,240.97
2002-08-27,233.5,241.37
2002-08-28,231.9,241.64
2002-08-29,231.37,242.92
2002-08-30,231.18,240.96
2002-09-02,231.56,241.62
2002-09-03,231.76,239.75
2002-09-04,229.8,242.09
2002-09-05,229.1,244.96
2002-09-06,228.46,247.27
2002-09-09,229.71,248.15
2002-09-10,232.67,245.32
2002-09-11,233.57,242.77
2002-09-12,233.91,245.15
2002-09-13,233.71,242.69
2002-09-16,232.46,242.6
2002-09-17,235.62,238.27
2002-09-18,236.51,237.08
2002-09-19,234.66,237.49
2002-09-20,232.51,237.46
2002-09-23,233.18,237.46
2002-09-24,232.07,239.03
2002-09-25,232.11,240.28
2002-09-26,233.61,239.95
2002-09-27,232.7,238.63
2002-09-30,233.38,238.99
2002-10-01,231.54,240.97
2002-10-02,231.13,241.26
2002-10-03,232.27,239.59
2002-10-04,230.98,239.04
2002-10-07,231.65,241.45
2002-10-08,232.99,239.98
2002-10-09,233.11,238.92
2002-10-10,232.92,239.52
2002-10-11,231.47,241.01
2002-10-14,231.98,242.99
2002-10-15,231.6,243.74
2002-10-16,233.09,242.11
2002-10-17,232.86,243.24
2002-10-18,234.33,243.98
2002-10-21,235.05,244.06
2002-10-22,234.82,244.5
2002-10-23,234.34,245.66
2002-10-24,234.17,247.89
2002-10-25,235.06,247.04
2002-10-28,234.54,247.88
2002-10-29,234.97,247.27
2002-10-30,233.4,244.41
2002-10-31,233.3,242.93
2002-11-01,232.28,243.47
2002-11-04,229.72,242.01
2002-11-05,230.47,243.46
2002-11-06,228.61,245.87
2002-11-07,230.35,246.06
2002-11-08,228.98,244.46
2002-11-11,226.83,245.74
2002-11-12,226.47,246.89
2002-11-13,227.43,246.83
2002-11-14,227.83,248.79
2002-11-15,227.2,249.95
2002-11-18,228.73,249.17
2002-11-19,227.61,248.28
2002-11-20,227.01,250.53
2002-11-21,229.14,249.66
2002-11-22,229.37,250.39
2002-11-25,229.17,250.98
2002-11-26,231.82,250.46
2002-11-27,231.33,249.49
2002-11-28,231.41,249.82
2002-11-29,231.29,248.64
2002-12-02,231.64,247.5
2002-12-03,232.81,246.74
2002-12-04,230.65,246.08
2002-12-05,229.45,246.96
2002-12-06,230.09,246.45
2002-12-09,229.74,247.13
2002-12-10,227.75,246.56
2002-12-11,227.36,247.44
2002-12-12,228.55,246.78
2002-12-13,226.59,246.13
2002-12-16,225.21,245.11
2002-12-17,225.39,243.97
2002-12-18,223.21,243.12
2002-12-19,224.71,244.01
2002-12-20,223.88,243.98
2002-12-23,224.34,243.64
2002-12-24,223.72,244.5
2002-12-25,223.43,248.75
2002-12-26,223.43,248.75
2002-12-27,223.43,248.75
2002-12-30,221.79,248.0
2002-12-31,220.8,248.31
2003-01-01,219.47,248.31
2003-01-02,219.47,248.31
2003-01-03,220.49,239.84
2003-01-06,221.61,243.84
2003-01-07,219.58,243.12
2003-01-08,221.13,244.81
2003-01-09,222.15,242.95
2003-01-10,219.42,245.04
2003-01-13,219.56,245.55
2003-01-14,218.61,244.89
2003-01-15,218.1,246.4
2003-01-16,219.01,245.09
2003-01-17,218.4,249.39
2003-01-20,216.65,249.74
2003-01-21,216.62,249.68
2003-01-22,216.66,248.8
2003-01-23,215.35,249.59
2003-01-24,214.6,249.11
2003-01-27,214.07,251.57
2003-01-28,212.47,254.89
2003-01-29,213.69,257.57
2003-01-30,212.5,257.43
2003-01-31,215.0,256.83
2003-02-03,213.64,257.33
2003-02-04,215.37,257.88
2003-02-05,213.58,257.72
2003-02-06,211.92,256.54
2003-02-07,213.74,257.05
2003-02-10,214.28,256.64
2003-02-11,213.92,254.41
2003-02-12,216.08,253.02
2003-02-13,215.56,253.94
2003-02-14,215.03,254.22
2003-02-17,214.23,255.18
2003-02-18,215.9,255.57
2003-02-19,216.0,254.87
2003-02-20,215.97,256.78
2003-02-21,215.02,254.63
2003-02-24,213.63,256.4
2003-02-25,215.95,255.33
2003-02-26,214.92,256.02
2003-02-27,215.41,257.35
2003-02-28,214.05,258.15
2003-03-03,214.88,258.27
2003-03-04,214.56,257.68
2003-03-05,212.22,257.93
2003-03-06,211.33,257.1
2003-03-07,211.23,256.15
2003-03-10,210.03,255.03
2003-03-11,210.0,253.81
2003-03-12,209.28,255.49
2003-03-13,210.26,255.61
2003-03-14,213.49,255.78
2003-03-17,215.23,253.87
2003-03-18,214.72,252.77
2003-03-19,219.14,254.47
2003-03-20,219.46,253.36
2003-03-21,218.94,253.86
2003-03-24,219.21,253.91
2003-03-25,217.53,254.54
2003-03-26,216.66,255.61
2003-03-27,217.13,255.92
2003-03-28,216.14,255.66
2003-03-31,216.17,256.48
2003-04-01,212.93,256.48
2003-04-02,213.2,256.48
2003-04-03,214.42,254.88
2003-04-04,216.8,254.29
2003-04-07,216.45,253.99
2003-04-08,219.31,254.8
2003-04-09,217.8,255.14
2003-04-10,216.11,255.78
2003-04-11,214.93,254.76
2003-04-14,216.36,254.84
2003-04-15,216.42,254.53
2003-04-16,215.49,254.66
2003-04-17,214.51,254.61
2003-04-18,212.84,252.69
2003-04-21,212.84,252.37
2003-04-22,212.84,252.79
2003-04-23,211.9,252.88
2003-04-24,212.43,253.46
2003-04-25,210.99,252.83
2003-04-28,211.78,250.82
2003-04-29,210.93,250.57
2003-04-30,212.29,248.94
2003-05-01,208.98,249.76
2003-05-02,208.98,249.76
2003-05-05,207.06,249.08
2003-05-06,207.48,247.89
2003-05-07,205.1,246.27
2003-05-08,203.68,246.95
2003-05-09,203.67,247.87
2003-05-12,203.17,248.67
2003-05-13,200.9,246.68
2003-05-14,202.33,246.62
2003-05-15,202.7,248.76
2003-05-16,203.44,249.47
2003-05-19,202.83,246.66
2003-05-20,200.06,245.77
2003-05-21,200.21,244.84
2003-05-22,199.44,244.56
2003-05-23,198.9,243.1
2003-05-26,197.82,244.5
2003-05-27,197.44,245.2
2003-05-28,196.03,245.24
2003-05-29,198.6,243.49
2003-05-30,197.48,241.72
2003-06-02,197.26,240.61
2003-06-03,199.81,240.22
2003-06-04,199.05,242.13
2003-06-05,199.59,239.12
2003-06-06,198.22,240.9
2003-06-09,197.63,240.66
2003-06-10,199.09,238.79
2003-06-11,199.63,238.8
2003-06-12,198.88,239.84
2003-06-13,199.16,239.05
2003-06-16,198.89,239.95
2003-06-17,197.17,238.48
2003-06-18,198.08,239.83
2003-06-19,199.83,238.4
2003-06-20,200.58,236.5
2003-06-23,200.57,235.8
2003-06-24,202.67,234.82
2003-06-25,202.23,231.34
2003-06-26,202.48,232.98
2003-06-27,204.57,228.05
2003-06-30,204.91,230.04
2003-07-01,204.73,227.14
2003-07-02,202.61,228.19
2003-07-03,202.9,229.92
2003-07-04,204.36,231.28
2003-07-07,204.26,231.03
2003-07-08,206.29,232.52
2003-07-09,206.98,230.18
2003-07-10,206.45,228.29
2003-07-11,206.7,228.48
2003-07-14,207.09,229.93
2003-07-15,207.49,229.11
2003-07-16,207.17,226.24
2003-07-17,210.59,223.94
2003-07-18,208.81,225.11
2003-07-21,209.32,225.63
2003-07-22,207.86,223.14
2003-07-23,206.74,225.08
2003-07-24,205.73,228.74
2003-07-25,204.52,228.96
2003-07-28,204.32,226.54
2003-07-29,204.2,226.9
2003-07-30,204.68,231.03
2003-07-31,205.48,230.78
2003-08-01,207.46,232.05
2003-08-04,210.19,232.47
2003-08-05,207.64,229.9
2003-08-06,207.18,230.8
2003-08-07,206.14,234.49
2003-08-08,206.92,234.31
2003-08-11,207.43,234.62
2003-08-12,208.02,233.56
2003-08-13,207.74,232.39
2003-08-14,208.39,231.98
2003-08-15,208.57,230.49
2003-08-18,208.96,232.55
2003-08-19,210.12,231.32
2003-08-20,212.49,232.12
2003-08-21,211.67,232.16
2003-08-22,213.61,232.51
2003-08-25,215.9,232.65
2003-08-26,215.79,234.6
2003-08-27,217.23,233.5
2003-08-28,215.47,231.9
2003-08-29,217.14,231.37
2003-09-01,215.16,231.18
2003-09-02,214.36,231.56
2003-09-03,216.65,231.76
2003-09-04,217.97,229.8
2003-09-05,217.34,229.1
2003-09-08,215.31,228.46
2003-09-09,212.36,229.71
2003-09-10,211.06,232.67
2003-09-11,210.45,233.57
2003-09-12,209.65,233.91
2003-09-15,210.52,233.71
2003-09-16,208.48,232.46
2003-09-17,209.38,235.62
2003-09-18,209.8,236.51
2003-09-19,208.36,234.66
2003-09-22,207.97,232.51
2003-09-23,205.14,233.18
2003-09-24,205.32,232.07
2003-09-25,205.27,232.11
2003-09-26,204.79,233.61
2003-09-29,204.9,232.7
2003-09-30,206.31,233.38
2003-10-01,202.11,231.54
2003-10-02,201.74,231.13
2003-10-03,201.59,232.27
2003-10-06,201.67,230.98
2003-10-07,203.53,231.65
2003-10-08,200.32,232.99
2003-10-09,200.13,233.11
2003-10-10,200.02,232.92
2003-10-13,200.03,231.47
2003-10-14,201.62,231.98
2003-10-15,202.55,231.6
2003-10-16,201.97,233.09
2003-10-17,202.92,232.86
2003-10-20,203.47,234.33
2003-10-21,202.6,235.05
2003-10-22,202.68,234.82
2003-10-23,201.46,234.34
2003-10-24,199.86,234.17
2003-10-27,199.97,235.06
2003-10-28,200.54,234.54
2003-10-29,201.9,234.97
2003-10-30,201.73,233.4
2003-10-31,200.92,233.3
2003-11-03,202.89,232.28
2003-11-04,203.45,229.72
2003-11-05,205.79,230.47
2003-11-06,205.71,228.61
2003-11-07,206.13,230.35
2003-11-10,206.54,228.98
2003-11-11,205.51,226.83
2003-11-12,205.29,226.47
2003-11-13,203.47,227.43
2003-11-14,202.11,227.83
2003-11-17,200.72,227.2
2003-11-18,200.07,228.73
2003-11-19,200.47,227.61
2003-11-20,198.19,227.01
2003-11-21,198.32,229.14
2003-11-24,198.59,229.37
2003-11-25,199.86,229.17
2003-11-26,200.85,231.82
2003-11-27,199.92,231.33
2003-11-28,198.66,231.41
2003-12-01,197.1,231.29
2003-12-02,196.71,231.64
2003-12-03,197.43,232.81
2003-12-04,195.41,230.65
2003-12-05,195.88,229.45
2003-12-08,195.68,230.09
2003-12-09,193.65,229.74
2003-12-10,193.04,227.75
2003-12-11,193.33,227.36
2003-12-12,194.18,228.55
2003-12-15,193.11,226.59
2003-12-16,193.51,225.21
2003-12-17,191.81,225.39
2003-12-18,191.89,223.21
2003-12-19,190.9,224.71
2003-12-22,190.69,223.88
2003-12-23,190.49,224.34
2003-12-24,191.12,223.72
2003-12-25,190.87,223.43
2003-12-26,190.87,223.43
2003-12-29,190.87,223.43
2003-12-30,189.48,221.79
2003-12-31,189.54,220.8
2004-01-01,187.41,219.47
2004-01-02,187.41,219.47
2004-01-05,188.1,220.49
2004-01-06,187.22,221.61
2004-01-07,185.79,219.58
2004-01-08,186.96,221.13
2004-01-09,187.69,222.15
2004-01-12,186.35,219.42
2004-01-13,185.0,219.56
2004-01-14,186.21,218.61
2004-01-15,187.07,218.1
2004-01-16,188.0,219.01
2004-01-19,190.15,218.4
2004-01-20,192.03,216.65
2004-01-21,189.48,216.62
2004-01-22,188.31,216.66
2004-01-23,186.78,215.35
2004-01-26,187.02,214.6
2004-01-27,188.75,214.07
2004-01-28,189.61,212.47
2004-01-29,188.95,213.69
2004-01-30,190.41,212.5
2004-02-02,191.62,215.0
2004-02-03,190.43,213.64
2004-02-04,188.52,215.37
2004-02-05,189.49,213.58
2004-02-06,188.6,211.92
2004-02-09,189.42,213.74
2004-02-10,186.7,214.28
2004-02-11,185.97,213.92
2004-02-12,187.23,216.08
2004-02-13,185.46,215.56
2004-02-16,185.25,215.03
2004-02-17,186.41,214.23
2004-02-18,184.74,215.9
2004-02-19,185.28,216.0
2004-02-20,186.72,215.97
2004-02-23,187.64,215.02
2004-02-24,188.96,213.63
2004-02-25,188.73,215.95
2004-02-26,188.23,214.92
2004-02-27,191.18,215.41
2004-03-01,191.64,214.05
2004-03-02,190.61,214.05
2004-03-03,191.9,214.88
2004-03-04,195.98,214.56
2004-03-05,195.88,212.22
2004-03-08,195.18,211.23
2004-03-09,192.68,211.23
2004-03-10,192.54,210.03
2004-03-11,193.54,210.0
2004-03-12,194.23,209.28
2004-03-15,194.52,213.49
2004-03-16,193.86,213.49
2004-03-17,192.76,215.23
2004-03-18,194.25,214.72
2004-03-19,194.13,219.14
2004-03-22,192.84,218.94
2004-03-23,192.69,218.94
2004-03-24,193.94,219.21
2004-03-25,195.23,217.53
2004-03-26,196.31,216.66
2004-03-29,195.65,216.14
2004-03-30,196.53,216.14
2004-03-31,195.62,216.17
2004-04-01,195.01,212.93
2004-04-02,193.53,213.2
2004-04-05,193.6,216.8
2004-04-06,197.79,216.8
2004-04-07,197.29,216.45
2004-04-08,196.99,219.31
2004-04-09,197.1,217.8
2004-04-12,197.1,214.93
2004-04-13,197.1,214.93
2004-04-14,199.14,216.36
2004-04-15,199.99,216.42
2004-04-16,200.22,215.49
2004-04-19,199.81,212.84
2004-04-20,197.95,212.84
2004-04-21,199.88,212.84
2004-04-22,201.39,212.84
2004-04-23,200.77,211.9
2004-04-26,200.64,210.99
2004-04-27,201.16,210.99
2004-04-28,200.57,211.78
2004-04-29,200.29,210.93
2004-04-30,201.72,212.29
2004-05-03,199.74,208.98
2004-05-04,199.57,208.98
2004-05-05,197.83,207.06
2004-05-06,196.83,207.48
2004-05-07,196.97,205.1
2004-05-10,197.71,203.67
2004-05-11,201.53,203.67
2004-05-12,202.2,203.17
2004-05-13,201.34,200.9
2004-05-14,201.97,202.33
2004-05-17,202.34,203.44
2004-05-18,198.57,203.44
2004-05-19,199.24,202.83
2004-05-20,199.17,200.06
2004-05-21,200.26,200.21
2004-05-24,198.39,198.9
2004-05-25,199.46,198.9
2004-05-26,197.89,197.82
2004-05-27,197.23,197.44
2004-05-28,196.34,196.03
2004-05-31,195.1,197.48
2004-06-01,195.96,197.48
2004-06-02,195.5,197.26
2004-06-03,194.82,199.81
2004-06-04,195.62,199.05
2004-06-07,195.98,198.22
2004-06-08,194.12,198.22
2004-06-09,194.53,197.63
2004-06-10,196.71,199.09
2004-06-11,198.42,199.63
2004-06-14,199.19,199.16
2004-06-15,199.3,199.16
2004-06-16,198.45,198.89
2004-06-17,198.4,197.17
2004-06-18,198.61,198.08
2004-06-21,198.76,200.58
2004-06-22,197.65,200.58
2004-06-23,198.08,200.57
2004-06-24,198.21,202.67
2004-06-25,197.69,202.23
2004-06-28,197.43,204.57
2004-06-29,196.47,204.57
2004-06-30,197.1,204.91
2004-07-01,197.44,204.73
2004-07-02,197.12,202.61
2004-07-05,197.45,204.36
2004-07-06,195.19,204.36
2004-07-07,194.91,204.26
2004-07-08,194.14,206.29
2004-07-09,194.27,206.98
2004-07-12,193.84,206.7
2004-07-13,193.43,206.7
2004-07-14,193.87,207.09
2004-07-15,193.72,207.49
2004-07-16,193.82,207.17
2004-07-19,194.18,208.81
2004-07-20,193.26,208.81
2004-07-21,193.68,209.32
2004-07-22,195.12,207.86
2004-07-23,195.65,206.74
2004-07-26,196.86,204.52
2004-07-27,197.34,204.52
2004-07-28,197.2,204.32
2004-07-29,199.4,204.2
2004-07-30,199.55,204.68
2004-08-02,199.34,207.46
2004-08-03,199.05,207.46
2004-08-04,199.63,210.19
2004-08-05,200.29,207.64
2004-08-06,199.28,207.18
2004-08-09,198.91,206.92
2004-08-10,195.97,206.92
2004-08-11,195.46,207.43
2004-08-12,196.21,208.02
2004-08-13,195.83,207.74
2004-08-16,196.4,208.57
2004-08-17,194.53,208.57
2004-08-18,194.51,208.96
2004-08-19,194.65,210.12
2004-08-20,194.21,212.49
2004-08-23,195.22,213.61
2004-08-24,195.9,213.61
2004-08-25,197.69,215.9
2004-08-26,198.63,215.79
2004-08-27,198.33,217.23
2004-08-30,198.59,217.14
2004-08-31,199.18,217.14
2004-09-01,198.15,215.16
2004-09-02,197.23,214.36
2004-09-03,197.16,216.65
2004-09-06,197.12,217.34
2004-09-07,198.82,217.34
2004-09-08,198.7,215.31
2004-09-09,199.34,212.36
2004-09-10,196.87,211.06
2004-09-13,196.43,209.65
2004-09-14,196.07,209.65
2004-09-15,196.09,210.52
2004-09-16,196.07,208.48
2004-09-17,197.34,209.38
2004-09-20,196.5,208.36
2004-09-21,197.77,208.36
2004-09-22,195.47,207.97
2004-09-23,196.0,205.14
2004-09-24,194.88,205.32
2004-09-27,194.91,204.79
2004-09-28,195.77,204.79
2004-09-29,194.54,204.9
2004-09-30,194.73,206.31
2004-10-01,193.39,202.11
2004-10-04,193.34,201.59
2004-10-05,195.01,201.59
2004-10-06,195.07,201.67
2004-10-07,195.42,203.53
2004-10-08,195.08,200.32
2004-10-11,194.82,200.02
2004-10-12,193.6,200.02
2004-10-13,194.89,200.03
2004-10-14,195.61,201.62
2004-10-15,193.84,202.55
2004-10-18,193.24,202.92
2004-10-19,192.32,202.92
2004-10-20,191.78,203.47
2004-10-21,190.53,202.6
2004-10-22,190.31,202.68
2004-10-25,190.25,199.86
2004-10-26,187.47,199.86
2004-10-27,187.58,199.97
2004-10-28,187.47,200.54
2004-10-29,188.73,201.9
2004-11-01,188.29,200.92
2004-11-02,188.12,200.92
2004-11-03,188.72,202.89
2004-11-04,188.0,203.45
2004-11-05,186.27,205.79
2004-11-08,186.53,206.13
2004-11-09,185.63,206.13
2004-11-10,185.71,206.54
2004-11-11,184.77,205.51
2004-11-12,186.04,205.29
2004-11-15,185.57,202.11
2004-11-16,185.08,202.11
2004-11-17,184.86,200.72
2004-11-18,184.09,200.07
2004-11-19,184.11,200.47
2004-11-22,184.18,198.32
2004-11-23,183.99,198.32
2004-11-24,183.19,198.59
2004-11-25,182.41,199.86
2004-11-26,181.48,200.85
2004-11-29,181.13,198.66
2004-11-30,181.01,198.66
2004-12-01,180.38,197.1
2004-12-02,180.4,196.71
2004-12-03,180.1,197.43
2004-12-06,180.31,195.88
2004-12-07,178.52,195.88
2004-12-08,178.26,195.68
2004-12-09,180.35,193.65
2004-12-10,180.28,193.04
2004-12-13,181.84,194.18
2004-12-14,180.77,194.18
2004-12-15,180.04,193.11
2004-12-16,179.2,193.51
2004-12-17,178.93,191.81
2004-12-20,180.78,190.9
2004-12-21,179.23,190.9
2004-12-22,179.03,190.69
2004-12-23,179.12,190.49
2004-12-24,178.2,191.12
2004-12-27,177.06,190.87
2004-12-28,177.25,190.87
2004-12-29,175.87,190.87
2004-12-30,176.18,189.48
2004-12-31,176.23,189.54
2005-01-03,176.02,187.41
2005-01-04,177.52,187.41
2005-01-05,179.41,188.1
2005-01-06,181.31,187.22
2005-01-07,181.89,185.79
2005-01-10,181.64,187.69
2005-01-11,183.0,187.69
2005-01-12,182.45,186.35
2005-01-13,182.49,185.0
2005-01-14,181.2,186.21
2005-01-17,183.16,188.0
2005-01-18,183.24,188.0
2005-01-19,183.58,190.15
2005-01-20,183.28,192.03
2005-01-21,185.34,189.48
2005-01-24,184.96,186.78
2005-01-25,183.52,186.78
2005-01-26,184.07,187.02
2005-01-27,184.37,188.75
2005-01-28,184.08,189.61
2005-01-31,183.95,190.41
2005-02-01,183.94,190.41
2005-02-02,184.04,191.62
2005-02-03,183.54,190.43
2005-02-04,184.39,188.52
2005-02-07,185.0,188.6
2005-02-08,186.65,188.6
2005-02-09,187.83,189.42
2005-02-10,187.85,186.7
2005-02-11,187.63,185.97
2005-02-14,186.5,185.46
2005-02-15,184.89,185.46
2005-02-16,184.18,185.25
2005-02-17,183.86,186.41
2005-02-18,183.85,184.74
2005-02-21,183.87,186.72
2005-02-22,183.65,186.72
2005-02-23,181.72,187.64
2005-02-24,181.57,188.96
2005-02-25,180.78,188.73
2005-02-28,182.08,191.18
2005-03-01,180.81,191.64
2005-03-02,181.38,190.61
2005-03-03,182.99,191.9
2005-03-04,182.39,195.98
2005-03-07,182.76,195.88
2005-03-08,181.62,195.18
2005-03-09,180.95,192.68
2005-03-10,179.63,192.54
2005-03-11,178.76,193.54
2005-03-14,178.68,194.23
2005-03-15,179.26,194.52
2005-03-16,179.1,193.86
2005-03-17,179.24,192.76
2005-03-18,179.16,194.25
2005-03-21,180.51,194.13
2005-03-22,181.6,192.84
2005-03-23,181.92,192.69
2005-03-24,183.66,193.94
2005-03-25,184.62,195.23
2005-03-28,184.62,196.31
2005-03-29,184.62,195.65
2005-03-30,185.45,196.53
2005-03-31,185.2,195.62
2005-04-01,184.92,195.01
2005-04-04,184.97,193.53
2005-04-05,186.04,193.6
2005-04-06,187.12,197.79
2005-04-07,186.38,197.29
2005-04-08,185.48,196.99
2005-04-11,187.0,197.1
2005-04-12,184.81,197.1
2005-04-13,184.61,197.1
2005-04-14,185.49,199.14
2005-04-15,186.97,199.99
2005-04-18,186.25,200.22
2005-04-19,184.78,199.81
2005-04-20,184.39,197.95
2005-04-21,183.62,199.88
2005-04-22,183.5,201.39
2005-04-25,183.23,200.77
2005-04-26,184.8,200.64
2005-04-27,184.59,201.16
2005-04-28,185.46,200.57
2005-04-29,185.65,200.29
2005-05-02,184.9,201.72
2005-05-03,186.26,199.74
2005-05-04,186.33,199.57
2005-05-05,184.88,197.83
2005-05-06,184.91,196.83
2005-05-09,185.01,196.97
2005-05-10,186.76,197.71
2005-05-11,186.33,201.53
2005-05-12,185.93,202.2
2005-05-13,187.55,201.34
2005-05-16,189.55,201.97
2005-05-17,189.83,202.34
2005-05-18,189.54,198.57
2005-05-19,189.76,199.24
2005-05-20,189.46,199.17
2005-05-23,189.97,200.26
2005-05-24,190.87,198.39
2005-05-25,189.81,199.46
2005-05-26,190.64,197.89
2005-05-27,191.26,197.23
2005-05-30,190.85,196.34
2005-05-31,192.05,195.1
2005-06-01,194.21,195.96
2005-06-02,195.86,195.5
2005-06-03,195.3,194.82
2005-06-06,194.89,195.62
2005-06-07,195.14,195.98
2005-06-08,194.97,194.12
2005-06-09,194.35,194.53
2005-06-10,195.68,196.71
2005-06-13,195.85,198.42
2005-06-14,198.5,199.19
2005-06-15,197.71,199.3
2005-06-16,198.37,198.45
2005-06-17,197.63,198.4
2005-06-20,196.62,198.61
2005-06-21,196.18,198.76
2005-06-22,198.02,197.65
2005-06-23,197.71,198.08
2005-06-24,198.43,198.21
2005-06-27,198.17,197.69
2005-06-28,196.86,197.43
2005-06-29,197.97,196.47
2005-06-30,198.66,197.1
2005-07-01,198.04,197.44
2005-07-04,198.11,197.12
2005-07-05,201.32,197.45
2005-07-06,201.5,195.19
2005-07-07,201.0,194.91
2005-07-08,200.27,194.14
2005-07-11,201.18,194.27
2005-07-12,199.47,193.84
2005-07-13,196.83,193.43
2005-07-14,196.54,193.87
2005-07-15,198.44,193.72
2005-07-18,198.34,193.82
2005-07-19,198.67,194.18
2005-07-20,200.15,193.26
2005-07-21,198.54,193.68
2005-07-22,196.52,195.12
2005-07-25,197.22,195.65
2005-07-26,198.52,196.86
2005-07-27,199.82,197.34
2005-07-28,199.77,197.2
2005-07-29,197.94,199.4
2005-08-01,198.06,199.55
2005-08-02,196.0,199.34
2005-08-03,196.05,199.05
2005-08-04,194.6,199.63
2005-08-05,194.43,200.29
2005-08-08,193.39,199.28
2005-08-09,193.63,198.91
2005-08-10,193.71,195.97
2005-08-11,193.53,195.46
2005-08-12,193.06,196.21
2005-08-15,192.27,195.83
2005-08-16,193.56,196.4
2005-08-17,194.52,194.53
2005-08-18,194.78,194.51
2005-08-19,196.1,194.65
2005-08-22,196.59,194.21
2005-08-23,195.81,195.22
2005-08-24,195.79,195.9
2005-08-25,196.14,197.69
2005-08-26,195.16,198.63
2005-08-29,194.62,198.33
2005-08-30,194.89,198.59
2005-08-31,196.62,199.18
2005-09-01,196.34,198.15
2005-09-02,193.34,197.23
2005-09-05,190.94,197.16
2005-09-06,191.01,197.12
2005-09-07,191.84,198.82
2005-09-08,192.29,198.7
2005-09-09,192.79,199.34
2005-09-12,192.85,196.87
2005-09-13,194.46,196.43
2005-09-14,195.04,196.07
2005-09-15,194.47,196.09
2005-09-16,195.92,196.07
2005-09-19,195.59,197.34
2005-09-20,197.28,196.5
2005-09-21,197.05,197.77
2005-09-22,195.89,195.47
2005-09-23,195.91,196.0
2005-09-26,197.62,194.88
2005-09-27,199.08,194.91
2005-09-28,199.51,195.77
2005-09-29,198.98,194.54
2005-09-30,198.57,194.73
2005-10-03,198.9,193.39
2005-10-04,200.72,193.34
2005-10-05,200.65,195.01
2005-10-06,200.49,195.07
2005-10-07,198.62,195.42
2005-10-10,197.24,195.08
2005-10-11,198.18,194.82
2005-10-12,199.23,193.6
2005-10-13,199.47,194.89
2005-10-14,199.93,195.61
2005-10-17,199.61,193.84
2005-10-18,199.24,193.24
2005-10-19,200.65,192.32
2005-10-20,200.44,191.78
2005-10-21,200.38,190.53
2005-10-24,199.38,190.31
2005-10-25,200.55,190.25
2005-10-26,199.33,187.47
2005-10-27,198.62,187.58
2005-10-28,197.45,187.47
2005-10-31,197.34,188.73
2005-11-01,199.21,188.29
2005-11-02,199.46,188.12
2005-11-03,199.72,188.72
2005-11-04,198.9,188.0
2005-11-07,200.7,186.27
2005-11-08,202.56,186.53
2005-11-09,204.0,185.63
2005-11-10,204.02,185.71
2005-11-11,203.64,184.77
2005-11-14,204.75,186.04
2005-11-15,204.47,185.57
2005-11-16,205.28,185.08
2005-11-17,205.1,184.86
2005-11-18,204.85,184.09
2005-11-21,205.09,184.11
2005-11-22,202.79,184.18
2005-11-23,204.7,183.99
2005-11-24,203.41,183.19
2005-11-25,203.27,182.41
2005-11-28,203.63,181.48
2005-11-29,204.26,181.13
2005-11-30,203.09,181.01
2005-12-01,203.5,180.38
2005-12-02,203.9,180.4
2005-12-05,204.76,180.1
2005-12-06,203.55,180.31
2005-12-07,203.29,178.52
2005-12-08,204.53,178.26
2005-12-09,203.59,180.35
2005-12-12,203.23,180.28
2005-12-13,200.85,181.84
2005-12-14,200.84,180.77
2005-12-15,199.27,180.04
2005-12-16,199.59,179.2
2005-12-19,199.87,178.93
2005-12-20,199.96,180.78
2005-12-21,200.35,179.23
2005-12-22,201.74,179.03
2005-12-23,202.59,179.12
2005-12-26,201.96,178.2
2005-12-27,201.96,177.06
2005-12-28,202.08,177.25
2005-12-29,200.99,175.87
2005-12-30,202.55,176.18
2006-01-02,203.02,176.23
2006-01-03,202.52,176.02
2006-01-04,201.68,177.52
2006-01-05,198.22,179.41
2006-01-06,198.14,181.31
2006-01-09,198.04,181.89
2006-01-10,198.29,181.64
2006-01-11,198.52,183.0
2006-01-12,198.11,182.45
2006-01-13,197.72,182.49
2006-01-16,198.93,181.2
2006-01-17,197.75,183.16
2006-01-18,198.33,183.24
2006-01-19,197.51,183.58
2006-01-20,198.35,183.28
2006-01-23,198.43,185.34
2006-01-24,195.06,184.96
2006-01-25,195.15,183.52
2006-01-26,194.78,184.07
2006-01-27,195.42,184.37
2006-01-30,196.77,184.08
2006-01-31,198.2,183.95
2006-02-01,197.62,183.94
2006-02-02,198.04,184.04
2006-02-03,198.47,183.54
2006-02-06,198.54,184.39
2006-02-07,199.89,185.0
2006-02-08,200.03,186.65
2006-02-09,200.44,187.83
2006-02-10,200.03,187.85
2006-02-13,200.08,187.63
2006-02-14,201.46,186.5
2006-02-15,201.3,184.89
2006-02-16,201.18,184.18
2006-02-17,201.95,183.86
2006-02-20,201.85,183.85
2006-02-21,200.7,183.87
2006-02-22,201.13,183.65
2006-02-23,201.68,181.72
2006-02-24,200.3,181.57
2006-02-27,201.32,180.78
2006-02-28,202.08,182.08
2006-03-01,201.68,180.81
2006-03-02,200.35,181.38
2006-03-03,200.91,182.99
2006-03-06,199.25,182.39
2006-03-07,199.31,182.76
2006-03-08,201.06,181.62
2006-03-09,201.06,180.95
2006-03-10,200.96,179.63
2006-03-13,200.99,178.76
2006-03-14,200.94,178.68
2006-03-15,200.5,179.26
2006-03-16,199.19,179.1
2006-03-17,198.47,179.24
2006-03-20,196.58,179.16
2006-03-21,196.76,180.51
2006-03-22,197.27,181.6
2006-03-23,198.48,181.92
2006-03-24,198.76,183.66
2006-03-27,200.15,184.62
2006-03-28,199.24,184.62
2006-03-29,198.27,184.62
2006-03-30,199.47,185.45
2006-03-31,198.09,185.2
2006-04-03,197.92,184.92
2006-04-04,198.62,184.97
2006-04-05,196.14,186.04
2006-04-06,195.42,187.12
2006-04-07,194.63,186.38
2006-04-10,196.76,185.48
2006-04-11,198.06,187.0
2006-04-12,197.92,184.81
2006-04-13,197.62,184.61
2006-04-14,198.12,185.49
2006-04-17,198.12,186.97
2006-04-18,198.12,186.25
2006-04-19,195.56,184.78
2006-04-20,194.06,184.39
2006-04-21,194.08,183.62
2006-04-24,194.56,183.5
2006-04-25,193.78,183.23
2006-04-26,192.82,184.8
2006-04-27,192.82,184.59
2006-04-28,192.99,185.46
2006-05-01,191.12,185.65
2006-05-02,191.12,184.9
2006-05-03,189.52,186.26
2006-05-04,189.81,186.33
2006-05-05,190.27,184.88
2006-05-08,188.86,184.91
2006-05-09,187.86,185.01
2006-05-10,188.73,186.76
2006-05-11,187.54,186.33
2006-05-12,188.49,185.93
2006-05-15,185.57,187.55
2006-05-16,186.82,189.55
2006-05-17,186.98,189.83
2006-05-18,186.03,189.54
2006-05-19,187.64,189.76
2006-05-22,187.68,189.46
2006-05-23,187.89,189.97
2006-05-24,186.6,190.87
2006-05-25,186.48,189.81
2006-05-26,187.87,190.64
2006-05-29,187.25,191.26
2006-05-30,187.84,190.85
2006-05-31,186.65,192.05
2006-06-01,186.24,194.21
2006-06-02,188.16,195.86
2006-06-05,187.02,195.3
2006-06-06,184.95,194.89
2006-06-07,186.55,195.14
2006-06-08,187.4,194.97
2006-06-09,188.18,194.35
2006-06-12,189.31,195.68
2006-06-13,190.63,195.85
2006-06-14,190.63,198.5
2006-06-15,190.75,197.71
2006-06-16,190.05,198.37
2006-06-19,189.42,197.63
2006-06-20,190.33,196.62
2006-06-21,191.01,196.18
2006-06-22,189.71,198.02
2006-06-23,190.48,197.71
2006-06-26,191.69,198.43
2006-06-27,190.79,198.17
2006-06-28,190.7,196.86
2006-06-29,190.64,197.97
2006-06-30,191.25,198.66
2006-07-03,188.49,198.04
2006-07-04,187.37,198.11
2006-07-05,187.35,201.32
2006-07-06,187.31,201.5
2006-07-07,188.21,201.0
2006-07-10,187.56,200.27
2006-07-11,187.93,201.18
2006-07-12,188.16,199.47
2006-07-13,188.37,196.83
2006-07-14,188.81,196.54
2006-07-17,189.2,198.44
2006-07-18,191.08,198.34
2006-07-19,191.23,198.67
2006-07-20,191.99,200.15
2006-07-21,189.54,198.54
2006-07-24,188.99,196.52
2006-07-25,189.7,197.22
2006-07-26,189.66,198.52
2006-07-27,190.39,199.82
2006-07-28,188.17,199.77
2006-07-31,189.24,197.94
2006-08-01,187.72,198.06
2006-08-02,187.84,196.0
2006-08-03,187.26,196.05
2006-08-04,187.5,194.6
2006-08-07,187.35,194.43
2006-08-08,186.51,193.39
2006-08-09,186.67,193.63
2006-08-10,186.09,193.71
2006-08-11,186.4,193.53
2006-08-14,187.59,193.06
2006-08-15,188.41,192.27
2006-08-16,188.31,193.56
2006-08-17,187.31,194.52
2006-08-18,186.06,194.78
2006-08-21,187.16,196.1
2006-08-22,185.45,196.59
2006-08-23,187.0,195.81
2006-08-24,187.0,195.79
2006-08-25,186.73,196.14
2006-08-28,187.73,195.16
2006-08-29,187.19,194.62
2006-08-30,187.06,194.89
2006-08-31,186.91,196.62
2006-09-01,186.42,196.34
2006-09-04,186.92,193.34
2006-09-05,186.44,190.94
2006-09-06,187.02,191.01
2006-09-07,187.28,191.84
2006-09-08,188.19,192.29
2006-09-11,188.46,192.79
2006-09-12,188.46,192.85
2006-09-13,188.52,194.46
2006-09-14,189.0,195.04
2006-09-15,188.32,194.47
2006-09-18,189.03,195.92
2006-09-19,189.17,195.59
2006-09-20,189.33,197.28
2006-09-21,189.01,197.05
2006-09-22,188.21,195.89
2006-09-25,186.94,195.91
2006-09-26,187.66,197.62
2006-09-27,188.73,199.08
2006-09-28,188.89,199.51
2006-09-29,188.46,198.98
2006-10-02,189.25,198.57
2006-10-03,188.87,198.9
2006-10-04,188.04,200.72
2006-10-05,188.9,200.65
2006-10-06,188.35,200.49
2006-10-09,189.22,198.62
2006-10-10,190.11,197.24
2006-10-11,191.1,198.18
2006-10-12,191.02,199.23
2006-10-13,191.2,199.47
2006-10-16,190.88,199.93
2006-10-17,191.43,199.61
2006-10-18,191.29,199.24
2006-10-19,191.01,200.65
2006-10-20,190.81,200.44
2006-10-23,189.86,200.38
2006-10-24,190.83,199.38
2006-10-25,191.05,200.55
2006-10-26,190.46,199.33
2006-10-27,189.36,198.62
2006-10-30,188.93,197.45
2006-10-31,188.42,197.34
2006-11-01,188.73,199.21
2006-11-02,187.75,199.46
2006-11-03,187.67,199.72
2006-11-06,187.79,198.9
2006-11-07,188.66,200.7
2006-11-08,187.86,202.56
2006-11-09,187.58,204.0
2006-11-10,187.29,204.02
2006-11-13,186.32,203.64
2006-11-14,186.77,204.75
2006-11-15,186.88,204.47
2006-11-16,187.29,205.28
2006-11-17,187.16,205.1
2006-11-20,187.63,204.85
2006-11-21,186.64,205.09
2006-11-22,187.03,202.79
2006-11-23,185.98,204.7
2006-11-24,185.02,203.41
2006-11-27,183.25,203.27
2006-11-28,182.75,203.63
2006-11-29,182.3,204.26
2006-11-30,182.15,203.09
2006-12-01,181.56,203.5
2006-12-04,180.93,203.9
2006-12-05,180.08,204.76
2006-12-06,179.78,203.55
2006-12-07,180.55,203.29
2006-12-08,180.24,204.53
2006-12-11,180.52,203.59
2006-12-12,181.89,203.23
2006-12-13,180.96,200.85
2006-12-14,180.69,200.84
2006-12-15,181.66,199.27
2006-12-18,182.86,199.59
2006-12-19,183.02,199.87
2006-12-20,182.12,199.96
2006-12-21,181.52,200.35
2006-12-22,181.89,201.74
2006-12-25,181.67,202.59
2006-12-26,181.67,201.96
2006-12-27,181.67,201.96
2006-12-28,182.12,202.08
2006-12-29,181.92,200.99
2007-01-01,181.96,202.55
2007-01-02,181.96,203.02
2007-01-03,?,202.52
2007-01-04,?,201.68
2007-01-05,?,198.22
2007-01-08,?,198.14
2007-01-09,?,198.04
2007-01-10,?,198.29
2007-01-11,?,198.52
2007-01-12,?,198.11
2007-01-15,?,197.72
2007-01-16,?,198.93
2007-01-17,?,197.75
2007-01-18,?,198.33
2007-01-19,?,197.51
2007-01-22,?,198.35
2007-01-23,?,198.43
2007-01-24,?,195.06
2007-01-25,?,195.15
2007-01-26,?,194.78
2007-01-29,?,195.42
2007-01-30,?,196.77
2007-01-31,?,198.2
2007-02-01,?,197.62
2007-02-02,?,198.04
2007-02-05,?,198.47
2007-02-06,?,198.54
2007-02-07,?,199.89
2007-02-08,?,200.03
2007-02-09,?,200.44
2007-02-12,?,200.03
2007-02-13,?,200.08
2007-02-14,?,201.46
2007-02-15,?,201.3
2007-02-16,?,201.18
2007-02-19,?,201.95
2007-02-20,?,201.85
2007-02-21,?,200.7
2007-02-22,?,201.13
2007-02-23,?,201.68
2007-02-26,?,200.3
2007-02-27,?,201.32
2007-02-28,?,202.08
2007-03-01,?,201.68
2007-03-02,?,200.35
2007-03-05,?,200.91
2007-03-06,?,199.25
2007-03-07,?,199.31
2007-03-08,?,201.06
2007-03-09,?,201.06
2007-03-12,?,200.96
2007-03-13,?,200.99
2007-03-14,?,200.94
2007-03-15,?,200.5
2007-03-16,?,199.19
2007-03-19,?,198.47
2007-03-20,?,196.58
2007-03-21,?,196.76
2007-03-22,?,197.27
2007-03-23,?,198.48
2007-03-26,?,198.76
2007-03-27,?,200.15
2007-03-28,?,199.24
2007-03-29,?,198.27
2007-03-30,?,199.47
2007-04-02,?,198.09
2007-04-03,?,197.92
2007-04-04,?,198.62
2007-04-05,?,196.14
2007-04-06,?,195.42
2007-04-09,?,194.63
2007-04-10,?,196.76
2007-04-11,?,198.06
2007-04-12,?,197.92
2007-04-13,?,197.62
2007-04-16,?,198.12
2007-04-17,?,198.12
2007-04-18,?,198.12
2007-04-19,?,195.56
2007-04-20,?,194.06
2007-04-23,?,194.08
2007-04-24,?,194.56
2007-04-25,?,193.78
2007-04-26,?,192.82
2007-04-27,?,192.82
2007-04-30,?,192.99
2007-05-01,?,191.12
2007-05-02,?,191.12
2007-05-03,?,189.52
2007-05-04,?,189.81
2007-05-07,?,190.27
2007-05-08,?,188.86
2007-05-09,?,187.86
2007-05-10,?,188.73
2007-05-11,?,187.54
2007-05-14,?,188.49
2007-05-15,?,185.57
2007-05-16,?,186.82
2007-05-17,?,186.98
2007-05-18,?,186.03
2007-05-21,?,187.64
2007-05-22,?,187.68
2007-05-23,?,187.89
2007-05-24,?,186.6
2007-05-25,?,186.48
2007-05-28,?,187.87
2007-05-29,?,187.25
2007-05-30,?,187.84
2007-05-31,?,186.65
2007-06-01,?,186.24
2007-06-04,?,188.16
2007-06-05,?,187.02
2007-06-06,?,184.95
2007-06-07,?,186.55
2007-06-08,?,187.4
2007-06-11,?,188.18
2007-06-12,?,189.31
2007-06-13,?,190.63
2007-06-14,?,190.63
2007-06-15,?,190.75
2007-06-18,?,190.05
2007-06-19,?,189.42
2007-06-20,?,190.33
2007-06-21,?,191.01
2007-06-22,?,189.71
2007-06-25,?,190.48
2007-06-26,?,191.69
2007-06-27,?,190.79
2007-06-28,?,190.7
2007-06-29,?,190.64
2007-07-02,?,191.25
2007-07-03,?,188.49
2007-07-04,?,187.37
2007-07-05,?,187.35
2007-07-06,?,187.31
2007-07-09,?,188.21
2007-07-10,?,187.56
2007-07-11,?,187.93
2007-07-12,?,188.16
2007-07-13,?,188.37
2007-07-16,?,188.81
2007-07-17,?,189.2
2007-07-18,?,191.08
2007-07-19,?,191.23
2007-07-20,?,191.99
2007-07-23,?,189.54
2007-07-24,?,188.99
2007-07-25,?,189.7
2007-07-26,?,189.66
2007-07-27,?,190.39
2007-07-30,?,188.17
2007-07-31,?,189.24
2007-08-01,?,187.72
2007-08-02,?,187.84
2007-08-03,?,187.26
2007-08-06,?,187.5
2007-08-07,?,187.35
2007-08-08,?,186.51
2007-08-09,?,186.67
2007-08-10,?,186.09
2007-08-13,?,186.4
2007-08-14,?,187.59
2007-08-15,?,188.41
2007-08-16,?,188.31
2007-08-17,?,187.31
2007-08-20,?,186.06
2007-08-21,?,187.16
2007-08-22,?,185.45
2007-08-23,?,187.0
2007-08-24,?,187.0
2007-08-27,?,186.73
2007-08-28,?,187.73
2007-08-29,?,187.19
2007-08-30,?,187.06
2007-08-31,?,186.91
2007-09-03,?,186.42
2007-09-04,?,186.92
2007-09-05,?,186.44
2007-09-06,?,187.02
2007-09-07,?,187.28
2007-09-10,?,188.19
2007-09-11,?,188.46
2007-09-12,?,188.46
2007-09-13,?,188.52
2007-09-14,?,189.0
2007-09-17,?,188.32
2007-09-18,?,189.03
2007-09-19,?,189.17
2007-09-20,?,189.33
2007-09-21,?,189.01
2007-09-24,?,188.21
2007-09-25,?,186.94
2007-09-26,?,187.66
2007-09-27,?,188.73
2007-09-28,?,188.89
2007-10-01,?,188.46
2007-10-02,?,189.25
2007-10-03,?,188.87
2007-10-04,?,188.04
2007-10-05,?,188.9
2007-10-08,?,188.35
2007-10-09,?,189.22
2007-10-10,?,190.11
2007-10-11,?,191.1
2007-10-12,?,191.02
2007-10-15,?,191.2
2007-10-16,?,190.88
2007-10-17,?,191.43
2007-10-18,?,191.29
2007-10-19,?,191.01
2007-10-22,?,190.81
2007-10-23,?,189.86
2007-10-24,?,190.83
2007-10-25,?,191.05
2007-10-26,?,190.46
2007-10-29,?,189.36
2007-10-30,?,188.93
2007-10-31,?,188.42
2007-11-01,?,188.73
2007-11-02,?,187.75
2007-11-05,?,187.67
2007-11-06,?,187.79
2007-11-07,?,188.66
2007-11-08,?,187.86
2007-11-09,?,187.58
2007-11-12,?,187.29
2007-11-13,?,186.32
2007-11-14,?,186.77
2007-11-15,?,186.88
2007-11-16,?,187.29
2007-11-19,?,187.16
2007-11-20,?,187.63
2007-11-21,?,186.64
2007-11-22,?,187.03
2007-11-23,?,185.98
2007-11-26,?,185.02
2007-11-27,?,183.25
2007-11-28,?,182.75
2007-11-29,?,182.3
2007-11-30,?,182.15
2007-12-03,?,181.56
2007-12-04,?,180.93
2007-12-05,?,180.08
2007-12-06,?,179.78
2007-12-07,?,180.55
2007-12-10,?,180.24
2007-12-11,?,180.52
2007-12-12,?,181.89
2007-12-13,?,180.96
2007-12-14,?,180.69
2007-12-17,?,181.66
2007-12-18,?,182.86
2007-12-19,?,183.02
2007-12-20,?,182.12
2007-12-21,?,181.52
2007-12-24,?,181.89
2007-12-25,?,181.67
2007-12-26,?,181.67
2007-12-27,?,181.67
2007-12-28,?,182.12
2007-12-31,?,181.92
2008-01-01,?,181.96
2008-01-02,?,181.96
2008-01-03,?,?
2008-01-04,?,?
2008-01-07,?,?
2008-01-08,?,?
2008-01-09,?,?
2008-01-10,?,?
2008-01-11,?,?
2008-01-14,?,?
2008-01-15,?,?
2008-01-16,?,?
2008-01-17,?,?
2008-01-18,?,?
2008-01-21,?,?
2008-01-22,?,?
2008-01-23,?,?
2008-01-24,?,?
2008-01-25,?,?
2008-01-28,?,?
2008-01-29,?,?
2008-01-30,?,?
2008-01-31,?,?
2008-02-01,?,?
2008-02-04,?,?
2008-02-05,?,?
2008-02-06,?,?
2008-02-07,?,?
2008-02-08,?,?
2008-02-11,?,?
2008-02-12,?,?
2008-02-13,?,?
2008-02-14,?,?
2008-02-15,?,?
2008-02-18,?,?
2008-02-19,?,?
2008-02-20,?,?
2008-02-21,?,?
2008-02-22,?,?
2008-02-25,?,?
2008-02-26,?,?
2008-02-27,?,?
2008-02-28,?,?
2008-02-29,?,?
2008-03-03,?,?
2008-03-04,?,?
2008-03-05,?,?
2008-03-06,?,?
2008-03-07,?,?
2008-03-10,?,?
2008-03-11,?,?
2008-03-12,?,?
2008-03-13,?,?
2008-03-14,?,?
2008-03-17,?,?
2008-03-18,?,?
2008-03-19,?,?
2008-03-20,?,?
2008-03-21,?,?
2008-03-24,?,?
2008-03-25,?,?
2008-03-26,?,?
2008-03-27,?,?
2008-03-28,?,?
2008-03-31,?,?
2008-04-01,?,?
2008-04-02,?,?
2008-04-03,?,?
2008-04-04,?,?
2008-04-07,?,?
2008-04-08,?,?
2008-04-09,?,?
2008-04-10,?,?
2008-04-11,?,?
2008-04-14,?,?
2008-04-15,?,?
2008-04-16,?,?
2008-04-17,?,?
2008-04-18,?,?
2008-04-21,?,?
2008-04-22,?,?
2008-04-23,?,?
2008-04-24,?,?
2008-04-25,?,?
2008-04-28,?,?
2008-04-29,?,?
2008-04-30,?,?
2008-05-01,?,?
2008-05-02,?,?
2008-05-05,?,?
2008-05-06,?,?
2008-05-07,?,?
2008-05-08,?,?
2008-05-09,?,?
2008-05-12,?,?
2008-05-13,?,?
2008-05-14,?,?
2008-05-15,?,?
2008-05-16,?,?
2008-05-19,?,?
2008-05-20,?,?
2008-05-21,?,?
2008-05-22,?,?
2008-05-23,?,?
2008-05-26,?,?
2008-05-27,?,?
2008-05-28,?,?
2008-05-29,?,?
2008-05-30,?,?
2008-06-02,?,?
2008-06-03,?,?
2008-06-04,?,?
2008-06-05,?,?
2008-06-06,?,?
2008-06-09,?,?
2008-06-10,?,?
2008-06-11,?,?
2008-06-12,?,?
2008-06-13,?,?
2008-06-16,?,?
2008-06-17,?,?
2008-06-18,?,?
2008-06-19,?,?
2008-06-20,?,?
2008-06-23,?,?
2008-06-24,?,?
2008-06-25,?,?
2008-06-26,?,?
2008-06-27,?,?
2008-06-30,?,?
2008-07-01,?,?
2008-07-02,?,?
2008-07-03,?,?
2008-07-04,?,?
2008-07-07,?,?
2008-07-08,?,?
2008-07-09,?,?
2008-07-10,?,?
2008-07-11,?,?
2008-07-14,?,?
2008-07-15,?,?
2008-07-16,?,?
2008-07-17,?,?
2008-07-18,?,?
2008-07-21,?,?
2008-07-22,?,?
2008-07-23,?,?
2008-07-24,?,?
2008-07-25,?,?
2008-07-28,?,?
2008-07-29,?,?
2008-07-30,?,?
2008-07-31,?,?
2008-08-01,?,?
2008-08-04,?,?
2008-08-05,?,?
2008-08-06,?,?
2008-08-07,?,?
2008-08-08,?,?
2008-08-11,?,?
2008-08-12,?,?
2008-08-13,?,?
2008-08-14,?,?
2008-08-15,?,?
2008-08-18,?,?
2008-08-19,?,?
2008-08-20,?,?
2008-08-21,?,?
2008-08-22,?,?
2008-08-25,?,?
2008-08-26,?,?
2008-08-27,?,?
2008-08-28,?,?
2008-08-29,?,?
2008-09-01,?,?
2008-09-02,?,?
2008-09-03,?,?
2008-09-04,?,?
2008-09-05,?,?
2008-09-08,?,?
2008-09-09,?,?
2008-09-10,?,?
2008-09-11,?,?
2008-09-12,?,?
2008-09-15,?,?
2008-09-16,?,?
2008-09-17,?,?
2008-09-18,?,?
2008-09-19,?,?
2008-09-22,?,?
2008-09-23,?,?
2008-09-24,?,?
2008-09-25,?,?
2008-09-26,?,?
2008-09-29,?,?
2008-09-30,?,?
2008-10-01,?,?
2008-10-02,?,?
2008-10-03,?,?
2008-10-06,?,?
2008-10-07,?,?
2008-10-08,?,?
2008-10-09,?,?
2008-10-10,?,?
2008-10-13,?,?
2008-10-14,?,?
2008-10-15,?,?
2008-10-16,?,?
2008-10-17,?,?
2008-10-20,?,?
2008-10-21,?,?
2008-10-22,?,?
2008-10-23,?,?
2008-10-24,?,?
2008-10-27,?,?
2008-10-28,?,?
2008-10-29,?,?
2008-10-30,?,?
2008-10-31,?,?
2008-11-03,?,?
2008-11-04,?,?
2008-11-05,?,?
2008-11-06,?,?
2008-11-07,?,?
2008-11-10,?,?
2008-11-11,?,?
2008-11-12,?,?
2008-11-13,?,?
2008-11-14,?,?
2008-11-17,?,?
2008-11-18,?,?
2008-11-19,?,?
2008-11-20,?,?
2008-11-21,?,?
2008-11-24,?,?
2008-11-25,?,?
2008-11-26,?,?
2008-11-27,?,?
2008-11-28,?,?
2008-12-01,?,?
2008-12-02,?,?
2008-12-03,?,?
2008-12-04,?,?
2008-12-05,?,?
2008-12-08,?,?
2008-12-09,?,?
2008-12-10,?,?
2008-12-11,?,?
2008-12-12,?,?
2008-12-15,?,?
2008-12-16,?,?
2008-12-17,?,?
2008-12-18,?,?
2008-12-19,?,?
2008-12-22,?,?
2008-12-23,?,?
2008-12-24,?,?
2008-12-25,?,?
2008-12-26,?,?
2008-12-29,?,?
2008-12-30,?,?
2008-12-31,?,?
2009-01-01,?,?
2009-01-02,?,?
2009-01-05,?,?
2009-01-06,?,?
2009-01-07,?,?
2009-01-08,?,?
2009-01-09,?,?
2009-01-12,?,?
2009-01-13,?,?
2009-01-14,?,?
2009-01-15,?,?
2009-01-16,?,?
2009-01-19,?,?
2009-01-20,?,?
2009-01-21,?,?
2009-01-22,?,?
2009-01-23,?,?
2009-01-26,?,?
2009-01-27,?,?
2009-01-28,?,?
2009-01-29,?,?
2009-01-30,?,?
2009-02-02,?,?
2009-02-03,?,?
2009-02-04,?,?
2009-02-05,?,?
2009-02-06,?,?
2009-02-09,?,?
2009-02-10,?,?
2009-02-11,?,?
2009-02-12,?,?
2009-02-13,?,?
2009-02-16,?,?
2009-02-17,?,?
2009-02-18,?,?
2009-02-19,?,?
2009-02-20,?,?
2009-02-23,?,?
2009-02-24,?,?
2009-02-25,?,?
2009-02-26,?,?
2009-02-27,?,?
2009-03-02,?,?
2009-03-03,?,?
2009-03-04,?,?
2009-03-05,?,?
2009-03-06,?,?
2009-03-09,?,?
2009-03-10,?,?
2009-03-11,?,?
2009-03-12,?,?
2009-03-13,?,?
2009-03-16,?,?
2009-03-17,?,?
2009-03-18,?,?
2009-03-19,?,?
2009-03-20,?,?
2009-03-23,?,?
2009-03-24,?,?
2009-03-25,?,?
2009-03-26,?,?
2009-03-27,?,?
2009-03-30,?,?
2009-03-31,?,?
2009-04-01,?,?
2009-04-02,?,?
2009-04-03,?,?
2009-04-06,?,?
2009-04-07,?,?
2009-04-08,?,?
2009-04-09,?,?
2009-04-10,?,?
2009-04-13,?,?
2009-04-14,?,?
2009-04-15,?,?
2009-04-16,?,?
2009-04-17,?,?
2009-04-20,?,?
2009-04-21,?,?
2009-04-22,?,?
2009-04-23,?,?
2009-04-24,?,?
2009-04-27,?,?
2009-04-28,?,?
2009-04-29,?,?
2009-04-30,?,?
2009-05-01,?,?
2009-05-04,?,?
2009-05-05,?,?
2009-05-06,?,?
2009-05-07,?,?
2009-05-08,?,?
2009-05-11,?,?
2009-05-12,?,?
2009-05-13,?,?
2009-05-14,?,?
2009-05-15,?,?
2009-05-18,?,?
2009-05-19,?,?
2009-05-20,?,?
2009-05-21,?,?
2009-05-22,?,?
2009-05-25,?,?
2009-05-26,?,?
2009-05-27,?,?
2009-05-28,?,?
2009-05-29,?,?
2009-06-01,?,?
2009-06-02,?,?
2009-06-03,?,?
2009-06-04,?,?
2009-06-05,?,?
2009-06-08,?,?
2009-06-09,?,?
2009-06-10,?,?
2009-06-11,?,?
2009-06-12,?,?
2009-06-15,?,?
2009-06-16,?,?
2009-06-17,?,?
2009-06-18,?,?
2009-06-19,?,?
2009-06-22,?,?
2009-06-23,?,?
2009-06-24,?,?
2009-06-25,?,?
2009-06-26,?,?
2009-06-29,?,?
2009-06-30,?,?
2009-07-01,?,?
2009-07-02,?,?
2009-07-03,?,?
2009-07-06,?,?
2009-07-07,?,?
2009-07-08,?,?
2009-07-09,?,?
2009-07-10,?,?
2009-07-13,?,?
2009-07-14,?,?
2009-07-15,?,?
2009-07-16,?,?
2009-07-17,?,?
2009-07-20,?,?
2009-07-21,?,?
2009-07-22,?,?
2009-07-23,?,?
2009-07-24,?,?
2009-07-27,?,?
2009-07-28,?,?
2009-07-29,?,?
2009-07-30,?,?
2009-07-31,?,?
2009-08-03,?,?
2009-08-04,?,?
2009-08-05,?,?
2009-08-06,?,?
2009-08-07,?,?
2009-08-10,?,?
2009-08-11,?,?
2009-08-12,?,?
2009-08-13,?,?
2009-08-14,?,?
2009-08-17,?,?
2009-08-18,?,?
2009-08-19,?,?
2009-08-20,?,?
2009-08-21,?,?
2009-08-24,?,?
2009-08-25,?,?
2009-08-26,?,?
2009-08-27,?,?
2009-08-28,?,?
2009-08-31,?,?
2009-09-01,?,?
2009-09-02,?,?
2009-09-03,?,?
2009-09-04,?,?
2009-09-07,?,?
2009-09-08,?,?
2009-09-09,?,?
2009-09-10,?,?
2009-09-11,?,?
2009-09-14,?,?
2009-09-15,?,?
2009-09-16,?,?
2009-09-17,?,?
2009-09-18,?,?
2009-09-21,?,?
2009-09-22,?,?
2009-09-23,?,?
2009-09-24,?,?
2009-09-25,?,?
2009-09-28,?,?
2009-09-29,?,?
2009-09-30,?,?
2009-10-01,?,?
2009-10-02,?,?
2009-10-05,?,?
2009-10-06,?,?
2009-10-07,?,?
2009-10-08,?,?
2009-10-09,?,?
2009-10-12,?,?
2009-10-13,?,?
2009-10-14,?,?
2009-10-15,?,?
2009-10-16,?,?
2009-10-19,?,?
2009-10-20,?,?
2009-10-21,?,?
2009-10-22,?,?
2009-10-23,?,?
2009-10-26,?,?
2009-10-27,?,?
2009-10-28,?,?
2009-10-29,?,?
2009-10-30,?,?
2009-11-02,?,?
2009-11-03,?,?
2009-11-04,?,?
2009-11-05,?,?
2009-11-06,?,?
2009-11-09,?,?
2009-11-10,?,?
2009-11-11,?,?
2009-11-12,?,?
2009-11-13,?,?
2009-11-16,?,?
2009-11-17,?,?
2009-11-18,?,?
2009-11-19,?,?
2009-11-20,?,?
2009-11-23,?,?
2009-11-24,?,?
2009-11-25,?,?
2009-11-26,?,?
2009-11-27,?,?
2009-11-30,?,?
2009-12-01,?,?
2009-12-02,?,?
2009-12-03,?,?
2009-12-04,?,?
2009-12-07,?,?
2009-12-08,?,?
2009-12-09,?,?
2009-12-10,?,?
2009-12-11,?,?
2009-12-14,?,?
2009-12-15,?,?
2009-12-16,?,?
2009-12-17,?,?
2009-12-18,?,?
2009-12-21,?,?
2009-12-22,?,?
2009-12-23,?,?
2009-12-24,?,?
2009-12-25,?,?
2009-12-28,?,?
2009-12-29,?,?
2009-12-30,?,?
2009-12-31,?,?
2010-01-01,?,?
2010-01-04,?,?
2010-01-05,?,?
2010-01-06,?,?
2010-01-07,?,?
2010-01-08,?,?
2010-01-11,?,?
2010-01-12,?,?
2010-01-13,?,?
2010-01-14,?,?
2010-01-15,?,?
2010-01-18,?,?
2010-01-19,?,?
2010-01-20,?,?
2010-01-21,?,?
2010-01-22,?,?
2010-01-25,?,?
2010-01-26,?,?
2010-01-27,?,?
2010-01-28,?,?
2010-01-29,?,?
2010-02-01,?,?
2010-02-02,?,?
2010-02-03,?,?
2010-02-04,?,?
2010-02-05,?,?
2010-02-08,?,?
2010-02-09,?,?
2010-02-10,?,?
2010-02-11,?,?
2010-02-12,?,?
2010-02-15,?,?
2010-02-16,?,?
2010-02-17,?,?
2010-02-18,?,?
2010-02-19,?,?
2010-02-22,?,?
2010-02-23,?,?
2010-02-24,?,?
2010-02-25,?,?
2010-02-26,?,?
2010-03-01,?,?
2010-03-02,?,?
2010-03-03,?,?
2010-03-04,?,?
2010-03-05,?,?
2010-03-08,?,?
2010-03-09,?,?
2010-03-10,?,?
2010-03-11,?,?
2010-03-12,?,?
2010-03-15,?,?
2010-03-16,?,?
2010-03-17,?,?
2010-03-18,?,?
2010-03-19,?,?
2010-03-22,?,?
2010-03-23,?,?
2010-03-24,?,?
2010-03-25,?,?
2010-03-26,?,?
2010-03-29,?,?
2010-03-30,?,?
2010-03-31,?,?
2010-04-01,?,?
2010-04-02,?,?
2010-04-05,?,?
2010-04-06,?,?
2010-04-07,?,?
2010-04-08,?,?
2010-04-09,?,?
2010-04-12,?,?
2010-04-13,?,?
2010-04-14,?,?
2010-04-15,?,?
2010-04-16,?,?
2010-04-19,?,?
2010-04-20,?,?
2010-04-21,?,?
2010-04-22,?,?
2010-04-23,?,?
2010-04-26,?,?
2010-04-27,?,?
2010-04-28,?,?
2010-04-29,?,?
2010-04-30,?,?
2010-05-03,?,?
2010-05-04,?,?
2010-05-05,?,?
2010-05-06,?,?
2010-05-07,?,?
2010-05-10,?,?
2010-05-11,?,?
2010-05-12,?,?
2010-05-13,?,?
2010-05-14,?,?
2010-05-17,?,?
2010-05-18,?,?
2010-05-19,?,?
2010-05-20,?,?
2010-05-21,?,?
2010-05-24,?,?
2010-05-25,?,?
2010-05-26,?,?
2010-05-27,?,?
2010-05-28,?,?
2010-05-31,?,?
2010-06-01,?,?
2010-06-02,?,?
2010-06-03,?,?
2010-06-04,?,?
2010-06-07,?,?
2010-06-08,?,?
2010-06-09,?,?
2010-06-10,?,?
2010-06-11,?,?
2010-06-14,?,?
2010-06-15,?,?
2010-06-16,?,?
2010-06-17,?,?
2010-06-18,?,?
2010-06-21,?,?
2010-06-22,?,?
2010-06-23,?,?
2010-06-24,?,?
2010-06-25,?,?
2010-06-28,?,?
2010-06-29,?,?
2010-06-30,?,?
2010-07-01,?,?
2010-07-02,?,?
2010-07-05,?,?
2010-07-06,?,?
2010-07-07,?,?
2010-07-08,?,?
2010-07-09,?,?
2010-07-12,?,?
2010-07-13,?,?
2010-07-14,?,?
2010-07-15,?,?
2010-07-16,?,?
2010-07-19,?,?
2010-07-20,?,?
2010-07-21,?,?
2010-07-22,?,?
2010-07-23,?,?
2010-07-26,?,?
2010-07-27,?,?
2010-07-28,?,?
2010-07-29,?,?
2010-07-30,?,?
2010-08-02,?,?
2010-08-03,?,?
2010-08-04,?,?
2010-08-05,?,?
2010-08-06,?,?
2010-08-09,?,?
2010-08-10,?,?
2010-08-11,?,?
2010-08-12,?,?
2010-08-13,?,?
2010-08-16,?,?
2010-08-17,?,?
2010-08-18,?,?
2010-08-19,?,?
2010-08-20,?,?
2010-08-23,?,?
2010-08-24,?,?
2010-08-25,?,?
2010-08-26,?,?
2010-08-27,?,?
2010-08-30,?,?
2010-08-31,?,?
2010-09-01,?,?
2010-09-02,?,?
2010-09-03,?,?
2010-09-06,?,?
2010-09-07,?,?
2010-09-08,?,?
2010-09-09,?,?
2010-09-10,?,?
2010-09-13,?,?
2010-09-14,?,?
2010-09-15,?,?
2010-09-16,?,?
2010-09-17,?,?
2010-09-20,?,?
2010-09-21,?,?
2010-09-22,?,?
2010-09-23,?,?
2010-09-24,?,?
2010-09-27,?,?
2010-09-28,?,?
2010-09-29,?,?
2010-09-30,?,?
2010-10-01,?,?
2010-10-04,?,?
2010-10-05,?,?
2010-10-06,?,?
2010-10-07,?,?
2010-10-08,?,?
2010-10-11,?,?
2010-10-12,?,?
2010-10-13,?,?
2010-10-14,?,?
2010-10-15,?,?
2010-10-18,?,?
2010-10-19,?,?
2010-10-20,?,?
2010-10-21,?,?
2010-10-22,?,?
2010-10-25,?,?
2010-10-26,?,?
2010-10-27,?,?
2010-10-28,?,?
2010-10-29,?,?
2010-11-01,?,?
2010-11-02,?,?
2010-11-03,?,?
2010-11-04,?,?
2010-11-05,?,?
2010-11-08,?,?
2010-11-09,?,?
2010-11-10,?,?
2010-11-11,?,?
2010-11-12,?,?
2010-11-15,?,?
2010-11-16,?,?
2010-11-17,?,?
2010-11-18,?,?
2010-11-19,?,?
2010-11-22,?,?
2010-11-23,?,?
2010-11-24,?,?
2010-11-25,?,?
2010-11-26,?,?
2010-11-29,?,?
2010-11-30,?,?
2010-12-01,?,?
2010-12-02,?,?
2010-12-03,?,?
2010-12-06,?,?
2010-12-07,?,?
2010-12-08,?,?
2010-12-09,?,?
2010-12-10,?,?
2010-12-13,?,?
2010-12-14,?,?
2010-12-15,?,?
2010-12-16,?,?
2010-12-17,?,?
2010-12-20,?,?
2010-12-21,?,?
2010-12-22,?,?
2010-12-23,?,?
2010-12-24,?,?
2010-12-27,?,?
2010-12-28,?,?
2010-12-29,?,?
2010-12-30,?,?
2010-12-31,?,?
2011-01-03,?,?
2011-01-04,?,?
2011-01-05,?,?
2011-01-06,?,?
2011-01-07,?,?
2011-01-10,?,?
2011-01-11,?,?
2011-01-12,?,?
2011-01-13,?,?
2011-01-14,?,?
2011-01-17,?,?
2011-01-18,?,?
2011-01-19,?,?
2011-01-20,?,?
2011-01-21,?,?
2011-01-24,?,?
2011-01-25,?,?
2011-01-26,?,?
2011-01-27,?,?
2011-01-28,?,?
2011-01-31,?,?
2011-02-01,?,?
2011-02-02,?,?
2011-02-03,?,?
2011-02-04,?,?
2011-02-07,?,?
2011-02-08,?,?
2011-02-09,?,?
2011-02-10,?,?
2011-02-11,?,?
2011-02-14,?,?
2011-02-15,?,?
2011-02-16,?,?
2011-02-17,?,?
2011-02-18,?,?
2011-02-21,?,?
2011-02-22,?,?
2011-02-23,?,?
2011-02-24,?,?
2011-02-25,?,?
2011-02-28,?,?
2011-03-01,?,?
2011-03-02,?,?
2011-03-03,?,?
2011-03-04,?,?
2011-03-07,?,?
2011-03-08,?,?
2011-03-09,?,?
2011-03-10,?,?
2011-03-11,?,?
2011-03-14,?,?
2011-03-15,?,?
2011-03-16,?,?
2011-03-17,?,?
2011-03-18,?,?
2011-03-21,?,?
2011-03-22,?,?
2011-03-23,?,?
2011-03-24,?,?
2011-03-25,?,?
2011-03-28,?,?
2011-03-29,?,?
2011-03-30,?,?
2011-03-31,?,?
2011-04-01,?,?
2011-04-04,?,?
2011-04-05,?,?
2011-04-06,?,?
2011-04-07,?,?
2011-04-08,?,?
2011-04-11,?,?
2011-04-12,?,?
2011-04-13,?,?
2011-04-14,?,?
2011-04-15,?,?
2011-04-18,?,?
2011-04-19,?,?
2011-04-20,?,?
2011-04-21,?,?
2011-04-22,?,?
2011-04-25,?,?
2011-04-26,?,?
2011-04-27,?,?
2011-04-28,?,?
2011-04-29,?,?
2011-05-02,?,?
2011-05-03,?,?
2011-05-04,?,?
2011-05-05,?,?
2011-05-06,?,?
2011-05-09,?,?
2011-05-10,?,?
2011-05-11,?,?
2011-05-12,?,?
2011-05-13,?,?
2011-05-16,?,?
2011-05-17,?,?
2011-05-18,?,?
2011-05-19,?,?
2011-05-20,?,?
2011-05-23,?,?
2011-05-24,?,?
2011-05-25,?,?
2011-05-26,?,?
2011-05-27,?,?
2011-05-30,?,?
2011-05-31,?,?
2011-06-01,?,?
2011-06-02,?,?
2011-06-03,?,?
2011-06-06,?,?
2011-06-07,?,?
2011-06-08,?,?
2011-06-09,?,?
2011-06-10,?,?
2011-06-13,?,?
2011-06-14,?,?
2011-06-15,?,?
2011-06-16,?,?
2011-06-17,?,?
2011-06-20,?,?
2011-06-21,?,?
2011-06-22,?,?
2011-06-23,?,?
2011-06-24,?,?
2011-06-27,?,?
2011-06-28,?,?
2011-06-29,?,?
2011-06-30,?,?
2011-07-01,?,?
2011-07-04,?,?
2011-07-05,?,?
2011-07-06,?,?
2011-07-07,?,?
2011-07-08,?,?
2011-07-11,?,?
2011-07-12,?,?
2011-07-13,?,?
2011-07-14,?,?
2011-07-15,?,?
2011-07-18,?,?
2011-07-19,?,?
2011-07-20,?,?
2011-07-21,?,?
2011-07-22,?,?
2011-07-25,?,?
2011-07-26,?,?
2011-07-27,?,?
2011-07-28,?,?
2011-07-29,?,?
2011-08-01,?,?
2011-08-02,?,?
2011-08-03,?,?
2011-08-04,?,?
2011-08-05,?,?
2011-08-08,?,?
2011-08-09,?,?
2011-08-10,?,?
2011-08-11,?,?
2011-08-12,?,?
2011-08-15,?,?
2011-08-16,?,?
2011-08-17,?,?
2011-08-18,?,?
2011-08-19,?,?
2011-08-22,?,?
2011-08-23,?,?
2011-08-24,?,?
2011-08-25,?,?
2011-08-26,?,?
2011-08-29,?,?
2011-08-30,?,?
2011-08-31,?,?
2011-09-01,?,?
2011-09-02,?,?
2011-09-05,?,?
2011-09-06,?,?
2011-09-07,?,?
2011-09-08,?,?
2011-09-09,?,?
2011-09-12,?,?
2011-09-13,?,?
2011-09-14,?,?
2011-09-15,?,?
2011-09-16,?,?
2011-09-19,?,?
2011-09-20,?,?
2011-09-21,?,?
2011-09-22,?,?
2011-09-23,?,?
2011-09-26,?,?
2011-09-27,?,?
2011-09-28,?,?
2011-09-29,?,?
2011-09-30,?,?
2011-10-03,?,?
2011-10-04,?,?
2011-10-05,?,?
2011-10-06,?,?
2011-10-07,?,?
2011-10-10,?,?
2011-10-11,?,?
2011-10-12,?,?
2011-10-13,?,?
2011-10-14,?,?
2011-10-17,?,?
2011-10-18,?,?
2011-10-19,?,?
2011-10-20,?,?
2011-10-21,?,?
2011-10-24,?,?
2011-10-25,?,?
2011-10-26,?,?
2011-10-27,?,?
2011-10-28,?,?
2011-10-31,?,?
2011-11-01,?,?
2011-11-02,?,?
2011-11-03,?,?
2011-11-04,?,?
2011-11-07,?,?
2011-11-08,?,?
2011-11-09,?,?
2011-11-10,?,?
2011-11-11,?,?
2011-11-14,?,?
2011-11-15,?,?
2011-11-16,?,?
2011-11-17,?,?
2011-11-18,?,?
2011-11-21,?,?
2011-11-22,?,?
2011-11-23,?,?
2011-11-24,?,?
2011-11-25,?,?
2011-11-28,?,?
2011-11-29,?,?
2011-11-30,?,?
2011-12-01,?,?
2011-12-02,?,?
2011-12-05,?,?
2011-12-06,?,?
2011-12-07,?,?
2011-12-08,?,?
2011-12-09,?,?
2011-12-12,?,?
2011-12-13,?,?
2011-12-14,?,?
2011-12-15,?,?
2011-12-16,?,?
2011-12-19,?,?
2011-12-20,?,?
2011-12-21,?,?
2011-12-22,?,?
2011-12-23,?,?
2011-12-26,?,?
2011-12-27,?,?
2011-12-28,?,?
2011-12-29,?,?
2011-12-30,?,?
2012-01-02,?,?
2012-01-03,?,?
2012-01-04,?,?
2012-01-05,?,?
2012-01-06,?,?
2012-01-09,?,?
2012-01-10,?,?
2012-01-11,?,?
2012-01-12,?,?
2012-01-13,?,?
2012-01-16,?,?
2012-01-17,?,?
2012-01-18,?,?
2012-01-19,?,?
2012-01-20,?,?
2012-01-23,?,?
2012-01-24,?,?
2012-01-25,?,?
2012-01-26,?,?
2012-01-27,?,?
2012-01-30,?,?
2012-01-31,?,?
2012-02-01,?,?
2012-02-02,?,?
2012-02-03,?,?
2012-02-06,?,?
2012-02-07,?,?
2012-02-08,?,?
2012-02-09,?,?
2012-02-10,?,?
2012-02-13,?,?
2012-02-14,?,?
2012-02-15,?,?
2012-02-16,?,?
2012-02-17,?,?
2012-02-20,?,?
2012-02-21,?,?
2012-02-22,?,?
2012-02-23,?,?
2012-02-24,?,?
2012-02-27,?,?
2012-02-28,?,?
2012-02-29,?,?
2012-03-01,?,?
2012-03-02,?,?
2012-03-05,?,?
2012-03-06,?,?
2012-03-07,?,?
2012-03-08,?,?
2012-03-09,?,?
2012-03-12,?,?
2012-03-13,?,?
2012-03-14,?,?
2012-03-15,?,?
2012-03-16,?,?
2012-03-19,?,?
2012-03-20,?,?
2012-03-21,?,?
2012-03-22,?,?
2012-03-23,?,?
2012-03-26,?,?
2012-03-27,?,?
2012-03-28,?,?
2012-03-29,?,?
2012-03-30,?,?
2012-04-02,?,?
2012-04-03,?,?
2012-04-04,?,?
2012-04-05,?,?
2012-04-06,?,?
2012-04-09,?,?
2012-04-10,?,?
2012-04-11,?,?
2012-04-12,?,?
2012-04-13,?,?
2012-04-16,?,?
2012-04-17,?,?
2012-04-18,?,?
2012-04-19,?,?
2012-04-20,?,?
2012-04-23,?,?
2012-04-24,?,?
2012-04-25,?,?
2012-04-26,?,?
2012-04-27,?,?
2012-04-30,?,?
2012-05-01,?,?
2012-05-02,?,?
2012-05-03,?,?
2012-05-04,?,?
2012-05-07,?,?
2012-05-08,?,?
2012-05-09,?,?
2012-05-10,?,?
2012-05-11,?,?
2012-05-14,?,?
2012-05-15,?,?
2012-05-16,?,?
2012-05-17,?,?
2012-05-18,?,?
2012-05-21,?,?
2012-05-22,?,?
2012-05-23,?,?
2012-05-24,?,?
2012-05-25,?,?
2012-05-28,?,?
2012-05-29,?,?
2012-05-30,?,?
2012-05-31,?,?
2012-06-01,?,?
2012-06-04,?,?
2012-06-05,?,?
2012-06-06,?,?
2012-06-07,?,?
2012-06-08,?,?
2012-06-11,?,?
2012-06-12,?,?
2012-06-13,?,?
2012-06-14,?,?
2012-06-15,?,?
2012-06-18,?,?
2012-06-19,?,?
2012-06-20,?,?
2012-06-21,?,?
2012-06-22,?,?
2012-06-25,?,?
2012-06-26,?,?
2012-06-27,?,?
2012-06-28,?,?
2012-06-29,?,?
2012-07-02,?,?
2012-07-03,?,?
2012-07-04,?,?
2012-07-05,?,?
2012-07-06,?,?
2012-07-09,?,?
2012-07-10,?,?
2012-07-11,?,?
2012-07-12,?,?
2012-07-13,?,?
2012-07-16,?,?
2012-07-17,?,?
2012-07-18,?,?
2012-07-19,?,?
2012-07-20,?,?
2012-07-23,?,?
2012-07-24,?,?
2012-07-25,?,?
2012-07-26,?,?
2012-07-27,?,?
2012-07-30,?,?
2012-07-31,?,?
2012-08-01,?,?
2012-08-02,?,?
2012-08-03,?,?
2012-08-06,?,?
2012-08-07,?,?
2012-08-08,?,?
2012-08-09,?,?
2012-08-10,?,?
2012-08-13,?,?
2012-08-14,?,?
2012-08-15,?,?
2012-08-16,?,?
2012-08-17,?,?
2012-08-20,?,?
2012-08-21,?,?
2012-08-22,?,?
2012-08-23,?,?
2012-08-24,?,?
2012-08-27,?,?
2012-08-28,?,?
2012-08-29,?,?
2012-08-30,?,?
2012-08-31,?,?
2012-09-03,?,?
2012-09-04,?,?
2012-09-05,?,?
2012-09-06,?,?
2012-09-07,?,?
2012-09-10,?,?
2012-09-11,?,?
2012-09-12,?,?
2012-09-13,?,?
2012-09-14,?,?
2012-09-17,?,?
2012-09-18,?,?
2012-09-19,?,?
2012-09-20,?,?
2012-09-21,?,?
2012-09-24,?,?
2012-09-25,?,?
2012-09-26,?,?
2012-09-27,?,?
2012-09-28,?,?
2012-10-01,?,?
2012-10-02,?,?
2012-10-03,?,?
2012-10-04,?,?
2012-10-05,?,?
2012-10-08,?,?
2012-10-09,?,?
2012-10-10,?,?
2012-10-11,?,?
2012-10-12,?,?
2012-10-15,?,?
2012-10-16,?,?
2012-10-17,?,?
2012-10-18,?,?
2012-10-19,?,?
2012-10-22,?,?
2012-10-23,?,?
2012-10-24,?,?
2012-10-25,?,?
2012-10-26,?,?
2012-10-29,?,?
2012-10-30,?,?
2012-10-31,?,?
2012-11-01,?,?
2012-11-02,?,?
2012-11-05,?,?
2012-11-06,?,?
2012-11-07,?,?
2012-11-08,?,?
2012-11-09,?,?
2012-11-12,?,?
2012-11-13,?,?
2012-11-14,?,?
2012-11-15,?,?
2012-11-16,?,?
2012-11-19,?,?
2012-11-20,?,?
2012-11-21,?,?
2012-11-22,?,?
2012-11-23,?,?
2012-11-26,?,?
2012-11-27,?,?
2012-11-28,?,?
2012-11-29,?,?
2012-11-30,?,?
2012-12-03,?,?
2012-12-04,?,?
2012-12-05,?,?
2012-12-06,?,?
2012-12-07,?,?
2012-12-10,?,?
2012-12-11,?,?
2012-12-12,?,?
2012-12-13,?,?
2012-12-14,?,?
2012-12-17,?,?
2012-12-18,?,?
2012-12-19,?,?
2012-12-20,?,?
2012-12-21,?,?
2012-12-24,?,?
2012-12-25,?,?
2012-12-26,?,?
2012-12-27,?,?
2012-12-28,?,?
2012-12-31,?,?
2013-01-01,?,?
2013-01-02,?,?
2013-01-03,?,?
2013-01-04,?,?
2013-01-07,?,?
2013-01-08,?,?
2013-01-09,?,?
2013-01-10,?,?
2013-01-11,?,?
2013-01-14,?,?
2013-01-15,?,?
2013-01-16,?,?
2013-01-17,?,?
2013-01-18,?,?
2013-01-21,?,?
2013-01-22,?,?
2013-01-23,?,?
2013-01-24,?,?
2013-01-25,?,?
2013-01-28,?,?
2013-01-29,?,?
2013-01-30,?,?
2013-01-31,?,?
2013-02-01,?,?
2013-02-04,?,?
2013-02-05,?,?
2013-02-06,?,?
2013-02-07,?,?
2013-02-08,?,?
2013-02-11,?,?
2013-02-12,?,?
2013-02-13,?,?
2013-02-14,?,?
2013-02-15,?,?
2013-02-18,?,?
2013-02-19,?,?
2013-02-20,?,?
2013-02-21,?,?
2013-02-22,?,?
2013-02-25,?,?
2013-02-26,?,?
2013-02-27,?,?
2013-02-28,?,?
2013-03-01,?,?
2013-03-04,?,?
2013-03-05,?,?
2013-03-06,?,?
2013-03-07,?,?
2013-03-08,?,?
2013-03-11,?,?
2013-03-12,?,?
2013-03-13,?,?
2013-03-14,?,?
2013-03-15,?,?
2013-03-18,?,?
2013-03-19,?,?
2013-03-20,?,?
2013-03-21,?,?
2013-03-22,?,?
2013-03-25,?,?
2013-03-26,?,?
2013-03-27,?,?
2013-03-28,?,?
2013-03-29,?,?
2013-04-01,?,?
2013-04-02,?,?
2013-04-03,?,?
2013-04-04,?,?
2013-04-05,?,?
2013-04-08,?,?
2013-04-09,?,?
2013-04-10,?,?
2013-04-11,?,?
2013-04-12,?,?
2013-04-15,?,?
2013-04-16,?,?
2013-04-17,?,?
2013-04-18,?,?
2013-04-19,?,?
2013-04-22,?,?
2013-04-23,?,?
2013-04-24,?,?
2013-04-25,?,?
2013-04-26,?,?
2013-04-29,?,?
2013-04-30,?,?
2013-05-01,?,?
2013-05-02,?,?
2013-05-03,?,?
2013-05-06,?,?
2013-05-07,?,?
2013-05-08,?,?
2013-05-09,?,?
2013-05-10,?,?
2013-05-13,?,?
2013-05-14,?,?
2013-05-15,?,?
2013-05-16,?,?
2013-05-17,?,?
2013-05-20,?,?
2013-05-21,?,?
2013-05-22,?,?
2013-05-23,?,?
2013-05-24,?,?
2013-05-27,?,?
2013-05-28,?,?
2013-05-29,?,?
2013-05-30,?,?
2013-05-31,?,?
2013-06-03,?,?
2013-06-04,?,?
2013-06-05,?,?
2013-06-06,?,?
2013-06-07,?,?
2013-06-10,?,?
2013-06-11,?,?
2013-06-12,?,?
2013-06-13,?,?
2013-06-14,?,?
2013-06-17,?,?
2013-06-18,?,?
2013-06-19,?,?
2013-06-20,?,?
2013-06-21,?,?
2013-06-24,?,?
2013-06-25,?,?
2013-06-26,?,?
2013-06-27,?,?
2013-06-28,?,?
2013-07-01,?,?
2013-07-02,?,?
2013-07-03,?,?
2013-07-04,?,?
2013-07-05,?,?
2013-07-08,?,?
2013-07-09,?,?
2013-07-10,?,?
2013-07-11,?,?
2013-07-12,?,?
2013-07-15,?,?
2013-07-16,?,?
2013-07-17,?,?
2013-07-18,?,?
2013-07-19,?,?
2013-07-22,?,?
2013-07-23,?,?
2013-07-24,?,?
2013-07-25,?,?
2013-07-26,?,?
2013-07-29,?,?
2013-07-30,?,?
2013-07-31,?,?
2013-08-01,?,?
2013-08-02,?,?
2013-08-05,?,?
2013-08-06,?,?
2013-08-07,?,?
2013-08-08,?,?
2013-08-09,?,?
2013-08-12,?,?
2013-08-13,?,?
2013-08-14,?,?
2013-08-15,?,?
2013-08-16,?,?
2013-08-19,?,?
2013-08-20,?,?
2013-08-21,?,?
2013-08-22,?,?
2013-08-23,?,?
2013-08-26,?,?
2013-08-27,?,?
2013-08-28,?,?
2013-08-29,?,?
2013-08-30,?,?
2013-09-02,?,?
2013-09-03,?,?
2013-09-04,?,?
2013-09-05,?,?
2013-09-06,?,?
2013-09-09,?,?
2013-09-10,?,?
2013-09-11,?,?
2013-09-12,?,?
2013-09-13,?,?
2013-09-16,?,?
2013-09-17,?,?
2013-09-18,?,?
2013-09-19,?,?
2013-09-20,?,?
2013-09-23,?,?
2013-09-24,?,?
2013-09-25,?,?
2013-09-26,?,?
2013-09-27,?,?
2013-09-30,?,?
2013-10-01,?,?
2013-10-02,?,?
2013-10-03,?,?
2013-10-04,?,?
2013-10-07,?,?
2013-10-08,?,?
2013-10-09,?,?
2013-10-10,?,?
2013-10-11,?,?
2013-10-14,?,?
2013-10-15,?,?
2013-10-16,?,?
2013-10-17,?,?
2013-10-18,?,?
2013-10-21,?,?
2013-10-22,?,?
2013-10-23,?,?
2013-10-24,?,?
2013-10-25,?,?
2013-10-28,?,?
2013-10-29,?,?
2013-10-30,?,?
2013-10-31,?,?
2013-11-01,?,?
2013-11-04,?,?
2013-11-05,?,?
2013-11-06,?,?
2013-11-07,?,?
2013-11-08,?,?
2013-11-11,?,?
2013-11-12,?,?
2013-11-13,?,?
2013-11-14,?,?
2013-11-15,?,?
2013-11-18,?,?
2013-11-19,?,?
2013-11-20,?,?
2013-11-21,?,?
2013-11-22,?,?
2013-11-25,?,?
2013-11-26,?,?
2013-11-27,?,?
2013-11-28,?,?
2013-11-29,?,?
2013-12-02,?,?
2013-12-03,?,?
2013-12-04,?,?
2013-12-05,?,?
2013-12-06,?,?
2013-12-09,?,?
2013-12-10,?,?
2013-12-11,?,?
2013-12-12,?,?
2013-12-13,?,?
2013-12-16,?,?
2013-12-17,?,?
2013-12-18,?,?
2013-12-19,?,?
2013-12-20,?,?
2013-12-23,?,?
2013-12-24,?,?
2013-12-25,?,?
2013-12-26,?,?
2013-12-27,?,?
2013-12-30,?,?
2013-12-31,?,?
2014-01-01,?,?
2014-01-02,?,?
2014-01-03,?,?
2014-01-06,?,?
2014-01-07,?,?
2014-01-08,?,?
2014-01-09,?,?
2014-01-10,?,?
2014-01-13,?,?
2014-01-14,?,?
2014-01-15,?,?
2014-01-16,?,?
2014-01-17,?,?
2014-01-20,?,?
2014-01-21,?,?
2014-01-22,?,?
2014-01-23,?,?
2014-01-24,?,?
2014-01-27,?,?
2014-01-28,?,?
2014-01-29,?,?
2014-01-30,?,?
2014-01-31,?,?
2014-02-03,?,?
2014-02-04,?,?
2014-02-05,?,?
2014-02-06,?,?
2014-02-07,?,?
2014-02-10,?,?
2014-02-11,?,?
2014-02-12,?,?
2014-02-13,?,?
2014-02-14,?,?
2014-02-17,?,?
2014-02-18,?,?
2014-02-19,?,?
2014-02-20,?,?
2014-02-21,?,?
2014-02-24,?,?
2014-02-25,?,?
2014-02-26,?,?
2014-02-27,?,?
2014-02-28,?,?
2014-03-03,?,?
2014-03-04,?,?
2014-03-05,?,?
2014-03-06,?,?
2014-03-07,?,?
2014-03-10,?,?
2014-03-11,?,?
2014-03-12,?,?
2014-03-13,?,?
2014-03-14,?,?
2014-03-17,?,?
2014-03-18,?,?
2014-03-19,?,?
2014-03-20,?,?
2014-03-21,?,?
2014-03-24,?,?
2014-03-25,?,?
2014-03-26,?,?
2014-03-27,?,?
2014-03-28,?,?
2014-03-31,?,?
2014-04-01,?,?
2014-04-02,?,?
2014-04-03,?,?
2014-04-04,?,?
2014-04-07,?,?
2014-04-08,?,?
2014-04-09,?,?
2014-04-10,?,?
2014-04-11,?,?
2014-04-14,?,?
2014-04-15,?,?
2014-04-16,?,?
2014-04-17,?,?
2014-04-18,?,?
2014-04-21,?,?
2014-04-22,?,?
2014-04-23,?,?
2014-04-24,?,?
2014-04-25,?,?
2014-04-28,?,?
2014-04-29,?,?
2014-04-30,?,?
2014-05-01,?,?
2014-05-02,?,?
2014-05-05,?,?
2014-05-06,?,?
2014-05-07,?,?
2014-05-08,?,?
2014-05-09,?,?
2014-05-12,?,?
2014-05-13,?,?
2014-05-14,?,?
2014-05-15,?,?
2014-05-16,?,?
2014-05-19,?,?
2014-05-20,?,?
2014-05-21,?,?
2014-05-22,?,?
2014-05-23,?,?
2014-05-26,?,?
2014-05-27,?,?
2014-05-28,?,?
2014-05-29,?,?
2014-05-30,?,?
2014-06-02,?,?
2014-06-03,?,?
2014-06-04,?,?
2014-06-05,?,?
2014-06-06,?,?
2014-06-09,?,?
2014-06-10,?,?
2014-06-11,?,?
2014-06-12,?,?
2014-06-13,?,?
2014-06-16,?,?
2014-06-17,?,?
2014-06-18,?,?
2014-06-19,?,?
2014-06-20,?,?
2014-06-23,?,?
2014-06-24,?,?
2014-06-25,?,?
2014-06-26,?,?
2014-06-27,?,?
2014-06-30,?,?
2014-07-01,?,?
2014-07-02,?,?
2014-07-03,?,?
2014-07-04,?,?
2014-07-07,?,?
2014-07-08,?,?
2014-07-09,?,?
2014-07-10,?,?
2014-07-11,?,?
2014-07-14,?,?
2014-07-15,?,?
2014-07-16,?,?
2014-07-17,?,?
2014-07-18,?,?
2014-07-21,?,?
2014-07-22,?,?
2014-07-23,?,?
2014-07-24,?,?
2014-07-25,?,?
2014-07-28,?,?
2014-07-29,?,?
2014-07-30,?,?
2014-07-31,?,?
2014-08-01,?,?
2014-08-04,?,?
2014-08-05,?,?
2014-08-06,?,?
2014-08-07,?,?
2014-08-08,?,?
2014-08-11,?,?
2014-08-12,?,?
2014-08-13,?,?
2014-08-14,?,?
2014-08-15,?,?
2014-08-18,?,?
2014-08-19,?,?
2014-08-20,?,?
2014-08-21,?,?
2014-08-22,?,?
2014-08-25,?,?
2014-08-26,?,?
2014-08-27,?,?
2014-08-28,?,?
2014-08-29,?,?
2014-09-01,?,?
2014-09-02,?,?
2014-09-03,?,?
2014-09-04,?,?
2014-09-05,?,?
2014-09-08,?,?
2014-09-09,?,?
2014-09-10,?,?
2014-09-11,?,?
2014-09-12,?,?
2014-09-15,?,?
2014-09-16,?,?
2014-09-17,?,?
2014-09-18,?,?
2014-09-19,?,?
2014-09-22,?,?
2014-09-23,?,?
2014-09-24,?,?
2014-09-25,?,?
2014-09-26,?,?
2014-09-29,?,?
2014-09-30,?,?
2014-10-01,?,?
2014-10-02,?,?
2014-10-03,?,?
2014-10-06,?,?
2014-10-07,?,?
2014-10-08,?,?
2014-10-09,?,?
2014-10-10,?,?
2014-10-13,?,?
2014-10-14,?,?
2014-10-15,?,?
2014-10-16,?,?
2014-10-17,?,?
2014-10-20,?,?
2014-10-21,?,?
2014-10-22,?,?
2014-10-23,?,?
2014-10-24,?,?
2014-10-27,?,?
2014-10-28,?,?
2014-10-29,?,?
2014-10-30,?,?
2014-10-31,?,?
2014-11-03,?,?
2014-11-04,?,?
2014-11-05,?,?
2014-11-06,?,?
2014-11-07,?,?
2014-11-10,?,?
2014-11-11,?,?
2014-11-12,?,?
2014-11-13,?,?
2014-11-14,?,?
2014-11-17,?,?
2014-11-18,?,?
2014-11-19,?,?
2014-11-20,?,?
2014-11-21,?,?
2014-11-24,?,?
2014-11-25,?,?
2014-11-26,?,?
2014-11-27,?,?
2014-11-28,?,?
2014-12-01,?,?
2014-12-02,?,?
2014-12-03,?,?
2014-12-04,?,?
2014-12-05,?,?
2014-12-08,?,?
2014-12-09,?,?
2014-12-10,?,?
2014-12-11,?,?
2014-12-12,?,?
2014-12-15,?,?
2014-12-16,?,?
2014-12-17,?,?
2014-12-18,?,?
2014-12-19,?,?
2014-12-22,?,?
2014-12-23,?,?
2014-12-24,?,?
2014-12-25,?,?
2014-12-26,?,?
2014-12-29,?,?
2014-12-30,?,?
2014-12-31,?,?
2015-01-01,?,?
2015-01-02,?,?
2015-01-05,?,?
2015-01-06,?,?
2015-01-07,?,?
2015-01-08,?,?
2015-01-09,?,?
2015-01-12,?,?
2015-01-13,?,?
2015-01-14,?,?
2015-01-15,?,?
2015-01-16,?,?
2015-01-19,?,?
2015-01-20,?,?
2015-01-21,?,?
2015-01-22,?,?
2015-01-23,?,?
2015-01-26,?,?
2015-01-27,?,?
2015-01-28,?,?
2015-01-29,?,?
2015-01-30,?,?
2015-02-02,?,?
2015-02-03,?,?
2015-02-04,?,?
2015-02-05,?,?
2015-02-06,?,?
2015-02-09,?,?
2015-02-10,?,?
2015-02-11,?,?
2015-02-12,?,?
2015-02-13,?,?
2015-02-16,?,?
2015-02-17,?,?
2015-02-18,?,?
2015-02-19,?,?
2015-02-20,?,?
2015-02-23,?,?
2015-02-24,?,?
2015-02-25,?,?
2015-02-26,?,?
2015-02-27,?,?
2015-03-02,?,?
2015-03-03,?,?
2015-03-04,?,?
2015-03-05,?,?
2015-03-06,?,?
2015-03-09,?,?
2015-03-10,?,?
2015-03-11,?,?
2015-03-12,?,?
2015-03-13,?,?
2015-03-16,?,?
2015-03-17,?,?
2015-03-18,?,?
2015-03-19,?,?
2015-03-20,?,?
2015-03-23,?,?
2015-03-24,?,?
2015-03-25,?,?
2015-03-26,?,?
2015-03-27,?,?
2015-03-30,?,?
2015-03-31,?,?
2015-04-01,?,?
2015-04-02,?,?
2015-04-03,?,?
2015-04-06,?,?
2015-04-07,?,?
2015-04-08,?,?
2015-04-09,?,?
2015-04-10,?,?
2015-04-13,?,?
2015-04-14,?,?
2015-04-15,?,?
2015-04-16,?,?
2015-04-17,?,?
2015-04-20,?,?
2015-04-21,?,?
2015-04-22,?,?
2015-04-23,?,?
2015-04-24,?,?
2015-04-27,?,?
2015-04-28,?,?
2015-04-29,?,?
2015-04-30,?,?
2015-05-01,?,?
2015-05-04,?,?
2015-05-05,?,?
2015-05-06,?,?
2015-05-07,?,?
2015-05-08,?,?
2015-05-11,?,?
2015-05-12,?,?
2015-05-13,?,?
2015-05-14,?,?
2015-05-15,?,?
2015-05-18,?,?
2015-05-19,?,?
2015-05-20,?,?
2015-05-21,?,?
2015-05-22,?,?
2015-05-25,?,?
2015-05-26,?,?
2015-05-27,?,?
2015-05-28,?,?
2015-05-29,?,?
2015-06-01,?,?
2015-06-02,?,?
2015-06-03,?,?
2015-06-04,?,?
2015-06-05,?,?
2015-06-08,?,?
2015-06-09,?,?
2015-06-10,?,?
2015-06-11,?,?
2015-06-12,?,?
2015-06-15,?,?
2015-06-16,?,?
2015-06-17,?,?
2015-06-18,?,?
2015-06-19,?,?
2015-06-22,?,?
2015-06-23,?,?
2015-06-24,?,?
2015-06-25,?,?
2015-06-26,?,?
2015-06-29,?,?
2015-06-30,?,?
2015-07-01,?,?
2015-07-02,?,?
2015-07-03,?,?
2015-07-06,?,?
2015-07-07,?,?
2015-07-08,?,?
2015-07-09,?,?
2015-07-10,?,?
2015-07-13,?,?
2015-07-14,?,?
2015-07-15,?,?
2015-07-16,?,?
2015-07-17,?,?
2015-07-20,?,?
2015-07-21,?,?
2015-07-22,?,?
2015-07-23,?,?
2015-07-24,?,?
2015-07-27,?,?
2015-07-28,?,?
2015-07-29,?,?
2015-07-30,?,?
2015-07-31,?,?
2015-08-03,?,?
2015-08-04,?,?
2015-08-05,?,?
2015-08-06,?,?
2015-08-07,?,?
2015-08-10,?,?
2015-08-11,?,?
2015-08-12,?,?
2015-08-13,?,?
2015-08-14,?,?
2015-08-17,?,?
2015-08-18,?,?
2015-08-19,?,?
2015-08-20,?,?
2015-08-21,?,?
2015-08-24,?,?
2015-08-25,?,?
2015-08-26,?,?
2015-08-27,?,?
2015-08-28,?,?
2015-08-31,?,?
2015-09-01,?,?
2015-09-02,?,?
2015-09-03,?,?
2015-09-04,?,?
2015-09-07,?,?
2015-09-08,?,?
2015-09-09,?,?
2015-09-10,?,?
2015-09-11,?,?
2015-09-14,?,?
2015-09-15,?,?
2015-09-16,?,?
2015-09-17,?,?
2015-09-18,?,?
2015-09-21,?,?
2015-09-22,?,?
2015-09-23,?,?
2015-09-24,?,?
2015-09-25,?,?
2015-09-28,?,?
2015-09-29,?,?
2015-09-30,?,?
2015-10-01,?,?
2015-10-02,?,?
2015-10-05,?,?
2015-10-06,?,?
2015-10-07,?,?
2015-10-08,?,?
2015-10-09,?,?
2015-10-12,?,?
2015-10-13,?,?
2015-10-14,?,?
2015-10-15,?,?
2015-10-16,?,?
2015-10-19,?,?
2015-10-20,?,?
2015-10-21,?,?
2015-10-22,?,?
2015-10-23,?,?
2015-10-26,?,?
2015-10-27,?,?
2015-10-28,?,?
2015-10-29,?,?
2015-10-30,?,?
2015-11-02,?,?
2015-11-03,?,?
2015-11-04,?,?
2015-11-05,?,?
2015-11-06,?,?
2015-11-09,?,?
2015-11-10,?,?
2015-11-11,?,?
2015-11-12,?,?
2015-11-13,?,?
2015-11-16,?,?
2015-11-17,?,?
2015-11-18,?,?
2015-11-19,?,?
2015-11-20,?,?
2015-11-23,?,?
2015-11-24,?,?
2015-11-25,?,?
2015-11-26,?,?
2015-11-27,?,?
2015-11-30,?,?
2015-12-01,?,?
2015-12-02,?,?
2015-12-03,?,?
2015-12-04,?,?
2015-12-07,?,?
2015-12-08,?,?
2015-12-09,?,?
2015-12-10,?,?
2015-12-11,?,?
2015-12-14,?,?
2015-12-15,?,?
2015-12-16,?,?
2015-12-17,?,?
2015-12-18,?,?
2015-12-21,?,?
2015-12-22,?,?
2015-12-23,?,?
2015-12-24,?,?
2015-12-25,?,?
2015-12-28,?,?
2015-12-29,?,?
2015-12-30,?,?
2015-12-31,?,?
2016-01-01,?,?
2016-01-04,?,?
2016-01-05,?,?
2016-01-06,?,?
2016-01-07,?,?
2016-01-08,?,?
2016-01-11,?,?
2016-01-12,?,?
2016-01-13,?,?
2016-01-14,?,?
2016-01-15,?,?
2016-01-18,?,?
2016-01-19,?,?
2016-01-20,?,?
2016-01-21,?,?
2016-01-22,?,?
2016-01-25,?,?
2016-01-26,?,?
2016-01-27,?,?
2016-01-28,?,?
2016-01-29,?,?
2016-02-01,?,?
2016-02-02,?,?
2016-02-03,?,?
2016-02-04,?,?
2016-02-05,?,?
2016-02-08,?,?
2016-02-09,?,?
2016-02-10,?,?
2016-02-11,?,?
2016-02-12,?,?
2016-02-15,?,?
2016-02-16,?,?
2016-02-17,?,?
2016-02-18,?,?
2016-02-19,?,?
2016-02-22,?,?
2016-02-23,?,?
2016-02-24,?,?
2016-02-25,?,?
2016-02-26,?,?
2016-02-29,?,?
2016-03-01,?,?
2016-03-02,?,?
2016-03-03,?,?
2016-03-04,?,?
2016-03-07,?,?
2016-03-08,?,?
2016-03-09,?,?
2016-03-10,?,?
2016-03-11,?,?
2016-03-14,?,?
2016-03-15,?,?
2016-03-16,?,?
2016-03-17,?,?
2016-03-18,?,?
2016-03-21,?,?
2016-03-22,?,?
2016-03-23,?,?
2016-03-24,?,?
2016-03-25,?,?
2016-03-28,?,?
2016-03-29,?,?
2016-03-30,?,?
2016-03-31,?,?
2016-04-01,?,?
2016-04-04,?,?
2016-04-05,?,?
2016-04-06,?,?
2016-04-07,?,?
2016-04-08,?,?
2016-04-11,?,?
2016-04-12,?,?
2016-04-13,?,?
2016-04-14,?,?
2016-04-15,?,?
2016-04-18,?,?
2016-04-19,?,?
2016-04-20,?,?
2016-04-21,?,?
2016-04-22,?,?
2016-04-25,?,?
2016-04-26,?,?
2016-04-27,?,?
2016-04-28,?,?
2016-04-29,?,?
2016-05-02,?,?
2016-05-03,?,?
2016-05-04,?,?
2016-05-05,?,?
2016-05-06,?,?
2016-05-09,?,?
2016-05-10,?,?
2016-05-11,?,?
2016-05-12,?,?
2016-05-13,?,?
2016-05-16,?,?
2016-05-17,?,?
2016-05-18,?,?
2016-05-19,?,?
2016-05-20,?,?
2016-05-23,?,?
2016-05-24,?,?
2016-05-25,?,?
2016-05-26,?,?
2016-05-27,?,?
2016-05-30,?,?
2016-05-31,?,?
2016-06-01,?,?
2016-06-02,?,?
2016-06-03,?,?
2016-06-06,?,?
2016-06-07,?,?
2016-06-08,?,?
2016-06-09,?,?
2016-06-10,?,?
2016-06-13,?,?
2016-06-14,?,?
2016-06-15,?,?
2016-06-16,?,?
2016-06-17,?,?
2016-06-20,?,?
2016-06-21,?,?
2016-06-22,?,?
2016-06-23,?,?
2016-06-24,?,?
2016-06-27,?,?
2016-06-28,?,?
2016-06-29,?,?
2016-06-30,?,?
2016-07-01,?,?
2016-07-04,?,?
2016-07-05,?,?
2016-07-06,?,?
2016-07-07,?,?
2016-07-08,?,?
2016-07-11,?,?
2016-07-12,?,?
2016-07-13,?,?
2016-07-14,?,?
2016-07-15,?,?
2016-07-18,?,?
2016-07-19,?,?
2016-07-20,?,?
2016-07-21,?,?
2016-07-22,?,?
2016-07-25,?,?
2016-07-26,?,?
2016-07-27,?,?
2016-07-28,?,?
2016-07-29,?,?
2016-08-01,?,?
2016-08-02,?,?
2016-08-03,?,?
2016-08-04,?,?
2016-08-05,?,?
2016-08-08,?,?
2016-08-09,?,?
2016-08-10,?,?
2016-08-11,?,?
2016-08-12,?,?
2016-08-15,?,?
2016-08-16,?,?
2016-08-17,?,?
2016-08-18,?,?
2016-08-19,?,?
2016-08-22,?,?
2016-08-23,?,?
2016-08-24,?,?
2016-08-25,?,?
2016-08-26,?,?
2016-08-29,?,?
2016-08-30,?,?
2016-08-31,?,?
2016-09-01,?,?
2016-09-02,?,?
2016-09-05,?,?
2016-09-06,?,?
2016-09-07,?,?
2016-09-08,?,?
2016-09-09,?,?
2016-09-12,?,?
2016-09-13,?,?
2016-09-14,?,?
2016-09-15,?,?
2016-09-16,?,?
2016-09-19,?,?
2016-09-20,?,?
2016-09-21,?,?
2016-09-22,?,?
2016-09-23,?,?
2016-09-26,?,?
2016-09-27,?,?
2016-09-28,?,?
2016-09-29,?,?
2016-09-30,?,?
2016-10-03,?,?
2016-10-04,?,?
2016-10-05,?,?
2016-10-06,?,?
2016-10-07,?,?
2016-10-10,?,?
2016-10-11,?,?
2016-10-12,?,?
2016-10-13,?,?
2016-10-14,?,?
2016-10-17,?,?
2016-10-18,?,?
2016-10-19,?,?
2016-10-20,?,?
2016-10-21,?,?
2016-10-24,?,?
2016-10-25,?,?
2016-10-26,?,?
2016-10-27,?,?
2016-10-28,?,?
2016-10-31,?,?
2016-11-01,?,?
2016-11-02,?,?
2016-11-03,?,?
2016-11-04,?,?
2016-11-07,?,?
2016-11-08,?,?
2016-11-09,?,?
2016-11-10,?,?
2016-11-11,?,?
2016-11-14,?,?
2016-11-15,?,?
2016-11-16,?,?
2016-11-17,?,?
2016-11-18,?,?
2016-11-21,?,?
2016-11-22,?,?
2016-11-23,?,?
2016-11-24,?,?
2016-11-25,?,?
2016-11-28,?,?
2016-11-29,?,?
2016-11-30,?,?
2016-12-01,?,?
2016-12-02,?,?
2016-12-05,?,?
2016-12-06,?,?
2016-12-07,?,?
2016-12-08,?,?
2016-12-09,?,?
2016-12-12,?,?
2016-12-13,?,?
2016-12-14,?,?
2016-12-15,?,?
2016-12-16,?,?
2016-12-19,?,?
2016-12-20,?,?
2016-12-21,?,?
2016-12-22,?,?
2016-12-23,?,?
2016-12-26,?,?
2016-12-27,?,?
2016-12-28,?,?
2016-12-29,?,?
2016-12-30,?,?
2017-01-02,?,?
2017-01-03,?,?
2017-01-04,?,?
2017-01-05,?,?
2017-01-06,?,?
2017-01-09,?,?
2017-01-10,?,?
2017-01-11,?,?
2017-01-12,?,?
2017-01-13,?,?
2017-01-16,?,?
2017-01-17,?,?
2017-01-18,?,?
2017-01-19,?,?
2017-01-20,?,?
2017-01-23,?,?
2017-01-24,?,?
2017-01-25,?,?
2017-01-26,?,?
2017-01-27,?,?
2017-01-30,?,?
2017-01-31,?,?
2017-02-01,?,?
2017-02-02,?,?
2017-02-03,?,?
2017-02-06,?,?
2017-02-07,?,?
2017-02-08,?,?
2017-02-09,?,?
2017-02-10,?,?
2017-02-13,?,?
2017-02-14,?,?
2017-02-15,?,?
2017-02-16,?,?
2017-02-17,?,?
2017-02-20,?,?
2017-02-21,?,?
2017-02-22,?,?
2017-02-23,?,?
2017-02-24,?,?
2017-02-27,?,?
2017-02-28,?,?
2017-03-01,?,?
2017-03-02,?,?
2017-03-03,?,?
2017-03-06,?,?
2017-03-07,?,?
2017-03-08,?,?
2017-03-09,?,?
2017-03-10,?,?
2017-03-13,?,?
2017-03-14,?,?
2017-03-15,?,?
2017-03-16,?,?
2017-03-17,?,?
2017-03-20,?,?
2017-03-21,?,?
2017-03-22,?,?
2017-03-23,?,?
2017-03-24,?,?
2017-03-27,?,?
2017-03-28,?,?
2017-03-29,?,?
2017-03-30,?,?
2017-03-31,?,?
2017-04-03,?,?
2017-04-04,?,?
2017-04-05,?,?
2017-04-06,?,?
2017-04-07,?,?
2017-04-10,?,?
2017-04-11,?,?
2017-04-12,?,?
2017-04-13,?,?
2017-04-14,?,?
2017-04-17,?,?
2017-04-18,?,?
2017-04-19,?,?
2017-04-20,?,?
2017-04-21,?,?
2017-04-24,?,?
2017-04-25,?,?
2017-04-26,?,?
2017-04-27,?,?
2017-04-28,?,?
2017-05-01,?,?
2017-05-02,?,?
2017-05-03,?,?
2017-05-04,?,?
2017-05-05,?,?
2017-05-08,?,?
2017-05-09,?,?
2017-05-10,?,?
2017-05-11,?,?
2017-05-12,?,?
2017-05-15,?,?
2017-05-16,?,?
2017-05-17,?,?
2017-05-18,?,?
2017-05-19,?,?
2017-05-22,?,?
2017-05-23,?,?
2017-05-24,?,?
2017-05-25,?,?
2017-05-26,?,?
2017-05-29,?,?
2017-05-30,?,?
2017-05-31,?,?
2017-06-01,?,?
2017-06-02,?,?
2017-06-05,?,?
2017-06-06,?,?
2017-06-07,?,?
2017-06-08,?,?
2017-06-09,?,?
2017-06-12,?,?
2017-06-13,?,?
2017-06-14,?,?
2017-06-15,?,?
2017-06-16,?,?
2017-06-19,?,?
2017-06-20,?,?
2017-06-21,?,?
2017-06-22,?,?
2017-06-23,?,?
2017-06-26,?,?
2017-06-27,?,?
2017-06-28,?,?
2017-06-29,?,?
2017-06-30,?,?
2017-07-03,?,?
2017-07-04,?,?
2017-07-05,?,?
2017-07-06,?,?
2017-07-07,?,?
2017-07-10,?,?
2017-07-11,?,?
2017-07-12,?,?
2017-07-13,?,?
2017-07-14,?,?
2017-07-17,?,?
2017-07-18,?,?
2017-07-19,?,?
2017-07-20,?,?
2017-07-21,?,?
2017-07-24,?,?
2017-07-25,?,?
2017-07-26,?,?
2017-07-27,?,?
2017-07-28,?,?
2017-07-31,?,?
2017-08-01,?,?
2017-08-02,?,?
2017-08-03,?,?
2017-08-04,?,?
2017-08-07,?,?
2017-08-08,?,?
2017-08-09,?,?
2017-08-10,?,?
2017-08-11,?,?
2017-08-14,?,?
2017-08-15,?,?
2017-08-16,?,?
2017-08-17,?,?
2017-08-18,?,?
2017-08-21,?,?
2017-08-22,?,?
2017-08-23,?,?
2017-08-24,?,?
2017-08-25,?,?
2017-08-28,?,?
2017-08-29,?,?
2017-08-30,?,?
2017-08-31,?,?
2017-09-01,?,?
2017-09-04,?,?
2017-09-05,?,?
2017-09-06,?,?
2017-09-07,?,?
2017-09-08,?,?
2017-09-11,?,?
2017-09-12,?,?
2017-09-13,?,?
2017-09-14,?,?
2017-09-15,?,?
2017-09-18,?,?
2017-09-19,?,?
2017-09-20,?,?
2017-09-21,?,?
2017-09-22,?,?
2017-09-25,?,?
2017-09-26,?,?
2017-09-27,?,?
2017-09-28,?,?
2017-09-29,?,?
2017-10-02,?,?
2017-10-03,?,?
2017-10-04,?,?
2017-10-05,?,?
2017-10-06,?,?
2017-10-09,?,?
2017-10-10,?,?
2017-10-11,?,?
2017-10-12,?,?
2017-10-13,?,?
2017-10-16,?,?
2017-10-17,?,?
2017-10-18,?,?
2017-10-19,?,?
2017-10-20,?,?
2017-10-23,?,?
2017-10-24,?,?
2017-10-25,?,?
2017-10-26,?,?
2017-10-27,?,?
2017-10-30,?,?
2017-10-31,?,?
2017-11-01,?,?
2017-11-02,?,?
2017-11-03,?,?
2017-11-06,?,?
2017-11-07,?,?
2017-11-08,?,?
2017-11-09,?,?
2017-11-10,?,?
2017-11-13,?,?
2017-11-14,?,?
2017-11-15,?,?
2017-11-16,?,?
2017-11-17,?,?
2017-11-20,?,?
2017-11-21,?,?
2017-11-22,?,?
2017-11-23,?,?
2017-11-24,?,?
2017-11-27,?,?
2017-11-28,?,?
2017-11-29,?,?
2017-11-30,?,?
2017-12-01,?,?
2017-12-04,?,?
2017-12-05,?,?
2017-12-06,?,?
2017-12-07,?,?
2017-12-08,?,?
2017-12-11,?,?
2017-12-12,?,?
2017-12-13,?,?
2017-12-14,?,?
2017-12-15,?,?
2017-12-18,?,?
2017-12-19,?,?
2017-12-20,?,?
2017-12-21,?,?
2017-12-22,?,?
2017-12-25,?,?
2017-12-26,?,?
2017-12-27,?,?
2017-12-28,?,?
2017-12-29,?,?
2018-01-01,?,?
2018-01-02,?,?
2018-01-03,?,?
2018-01-04,?,?
2018-01-05,?,?
2018-01-08,?,?
2018-01-09,?,?
2018-01-10,?,?
2018-01-11,?,?
2018-01-12,?,?
2018-01-15,?,?
2018-01-16,?,?
2018-01-17,?,?
2018-01-18,?,?
2018-01-19,?,?
2018-01-22,?,?
2018-01-23,?,?
2018-01-24,?,?
2018-01-25,?,?
2018-01-26,?,?
2018-01-29,?,?
2018-01-30,?,?
2018-01-31,?,?
2018-02-01,?,?
2018-02-02,?,?
2018-02-05,?,?
2018-02-06,?,?
2018-02-07,?,?
2018-02-08,?,?
2018-02-09,?,?
2018-02-12,?,?
2018-02-13,?,?
2018-02-14,?,?
2018-02-15,?,?
2018-02-16,?,?
2018-02-19,?,?
2018-02-20,?,?
2018-02-21,?,?
2018-02-22,?,?
2018-02-23,?,?
2018-02-26,?,?
2018-02-27,?,?
2018-02-28,?,?
2018-03-01,?,?
2018-03-02,?,?
2018-03-05,?,?
2018-03-06,?,?
2018-03-07,?,?
2018-03-08,?,?
