Date,TRL,YTD
1999-01-05,315780.0,?
1999-01-06,316220.0,?
1999-01-07,316950.0,?
1999-01-08,318220.0,?
1999-01-11,318920.0,?
1999-01-12,321960.0,?
1999-01-13,323000.0,?
1999-01-14,320460.0,?
1999-01-15,321890.0,?
1999-01-18,321860.0,?
1999-01-19,329000.0,?
1999-01-20,328900.0,?
1999-01-21,328670.0,?
1999-01-22,328670.0,?
1999-01-25,326960.0,?
1999-01-26,328160.0,?
1999-01-27,328500.0,?
1999-01-28,329400.0,?
1999-01-29,331680.0,?
1999-02-01,331930.0,?
1999-02-02,334850.0,?
1999-02-03,335350.0,?
1999-02-04,335400.0,?
1999-02-05,337590.0,?
1999-02-08,338610.0,?
1999-02-09,339910.0,?
1999-02-10,339200.0,?
1999-02-11,339660.0,?
1999-02-12,340210.0,?
1999-02-15,344160.0,?
1999-02-16,343710.0,?
1999-02-17,345040.0,?
1999-02-18,344930.0,?
1999-02-19,345570.0,?
1999-02-22,348270.0,?
1999-02-23,351300.0,?
1999-02-24,351630.0,?
1999-02-25,351600.0,?
1999-02-26,352180.0,?
1999-03-01,352290.0,?
1999-03-02,355160.0,?
1999-03-03,356990.0,?
1999-03-04,357180.0,?
1999-03-05,357980.0,?
1999-03-08,359930.0,?
1999-03-09,358950.0,?
1999-03-10,360750.0,?
1999-03-11,359590.0,?
1999-03-12,361090.0,?
1999-03-15,362000.0,?
1999-03-16,362320.0,?
1999-03-17,363420.0,?
1999-03-18,363070.0,?
1999-03-19,362450.0,?
1999-03-22,365720.0,?
1999-03-23,366820.0,?
1999-03-24,366980.0,?
1999-03-25,366860.0,?
1999-03-26,367700.0,?
1999-03-29,369060.0,?
1999-03-30,373930.0,?
1999-03-31,373820.0,?
1999-04-01,373120.0,?
1999-04-02,374200.0,?
1999-04-05,374130.0,?
1999-04-06,375440.0,?
1999-04-07,375840.0,?
1999-04-08,375680.0,?
1999-04-09,375860.0,?
1999-04-12,376640.0,?
1999-04-13,377150.0,?
1999-04-14,379350.0,?
1999-04-15,379640.0,?
1999-04-16,379460.0,?
1999-04-19,382110.0,?
1999-04-20,384380.0,?
1999-04-21,384020.0,?
1999-04-22,386180.0,?
1999-04-23,386610.0,?
1999-04-26,387400.0,?
1999-04-27,388340.0,?
1999-04-28,389050.0,?
1999-04-29,388380.0,?
1999-04-30,389560.0,?
1999-05-03,390180.0,?
1999-05-04,392180.0,?
1999-05-05,392680.0,?
1999-05-06,391170.0,?
1999-05-07,390030.0,?
1999-05-10,390020.0,?
1999-05-11,392730.0,?
1999-05-12,393200.0,?
1999-05-13,395150.0,?
1999-05-14,395830.0,?
1999-05-17,394800.0,?
1999-05-18,396840.0,?
1999-05-19,397350.0,?
1999-05-20,398080.0,?
1999-05-21,398950.0,?
1999-05-24,400770.0,?
1999-05-25,401620.0,?
1999-05-26,401200.0,?
1999-05-27,403170.0,?
1999-05-28,404700.0,?
1999-05-31,404430.0,?
1999-06-01,406510.0,?
1999-06-02,407580.0,?
1999-06-03,408800.0,?
1999-06-04,409480.0,?
1999-06-07,411690.0,?
1999-06-08,412290.0,?
1999-06-09,411220.0,?
1999-06-10,410360.0,?
1999-06-11,410600.0,?
1999-06-14,411350.0,?
1999-06-15,413000.0,?
1999-06-16,414290.0,?
1999-06-17,415340.0,?
1999-06-18,416050.0,?
1999-06-21,414770.0,?
1999-06-22,417960.0,?
1999-06-23,418770.0,?
1999-06-24,419990.0,?
1999-06-25,418890.0,?
1999-06-28,418600.0,?
1999-06-29,419890.0,?
1999-06-30,420620.0,?
1999-07-01,421120.0,?
1999-07-02,422650.0,?
1999-07-05,423690.0,?
1999-07-06,425390.0,?
1999-07-07,426010.0,?
1999-07-08,426100.0,?
1999-07-09,427200.0,?
1999-07-12,427080.0,?
1999-07-13,430640.0,?
1999-07-14,430030.0,?
1999-07-15,430660.0,?
1999-07-16,430600.0,?
1999-07-19,432310.0,?
1999-07-20,433520.0,?
1999-07-21,429040.0,?
1999-07-22,428720.0,?
1999-07-23,428440.0,?
1999-07-26,429750.0,?
1999-07-27,426750.0,?
1999-07-28,428450.0,?
1999-07-29,428600.0,?
1999-07-30,428250.0,?
1999-08-02,429460.0,?
1999-08-03,430260.0,?
1999-08-04,431270.0,?
1999-08-05,429440.0,?
1999-08-06,429410.0,?
1999-08-09,431830.0,?
1999-08-10,432800.0,?
1999-08-11,432630.0,?
1999-08-12,434440.0,?
1999-08-13,435350.0,?
1999-08-16,436360.0,?
1999-08-17,438690.0,?
1999-08-18,439950.0,?
1999-08-19,440410.0,?
1999-08-20,440970.0,?
1999-08-23,434770.0,?
1999-08-24,440470.0,?
1999-08-25,443340.0,?
1999-08-26,445300.0,?
1999-08-27,445090.0,?
1999-08-30,447320.0,?
1999-08-31,447370.0,?
1999-09-01,445560.0,?
1999-09-02,444600.0,?
1999-09-03,444680.0,?
1999-09-06,446190.0,?
1999-09-07,448090.0,?
1999-09-08,449320.0,?
1999-09-09,448880.0,?
1999-09-10,449970.0,?
1999-09-13,451170.0,?
1999-09-14,457290.0,?
1999-09-15,457380.0,?
1999-09-16,457280.0,?
1999-09-17,458550.0,?
1999-09-20,459620.0,?
1999-09-21,460000.0,?
1999-09-22,460980.0,?
1999-09-23,459390.0,?
1999-09-24,461480.0,?
1999-09-27,463050.0,?
1999-09-28,464160.0,?
1999-09-29,463380.0,?
1999-09-30,462510.0,?
1999-10-01,461130.0,?
1999-10-04,461540.0,?
1999-10-05,461930.0,?
1999-10-06,463750.0,?
1999-10-07,463280.0,?
1999-10-08,464130.0,?
1999-10-11,467840.0,?
1999-10-12,468590.0,?
1999-10-13,467240.0,?
1999-10-14,466910.0,?
1999-10-15,467950.0,?
1999-10-18,465870.0,?
1999-10-19,468420.0,?
1999-10-20,469260.0,?
1999-10-21,470800.0,?
1999-10-22,470710.0,?
1999-10-25,474250.0,?
1999-10-26,476220.0,?
1999-10-27,478110.0,?
1999-10-28,480230.0,?
1999-10-29,480700.0,?
1999-11-01,481000.0,?
1999-11-02,482050.0,?
1999-11-03,484670.0,?
1999-11-04,485900.0,?
1999-11-05,485780.0,?
1999-11-08,488780.0,?
1999-11-09,491470.0,?
1999-11-10,492090.0,?
1999-11-11,493010.0,?
1999-11-12,494720.0,?
1999-11-15,496290.0,?
1999-11-16,499240.0,?
1999-11-17,499620.0,?
1999-11-18,498650.0,?
1999-11-19,500050.0,?
1999-11-22,506250.0,?
1999-11-23,504950.0,?
1999-11-24,505700.0,?
1999-11-25,508790.0,?
1999-11-26,510760.0,?
1999-11-29,515540.0,?
1999-11-30,517030.0,?
1999-12-01,516690.0,?
1999-12-02,517240.0,?
1999-12-03,519130.0,?
1999-12-06,520970.0,?
1999-12-07,519190.0,?
1999-12-08,518620.0,?
1999-12-09,520680.0,?
1999-12-10,521630.0,?
1999-12-13,523420.0,?
1999-12-14,527110.0,?
1999-12-15,529000.0,?
1999-12-16,530460.0,?
1999-12-17,529230.0,?
1999-12-20,531020.0,?
1999-12-21,532580.0,?
1999-12-22,534490.0,?
1999-12-23,534890.0,?
1999-12-24,535960.0,?
1999-12-27,535180.0,?
1999-12-28,537930.0,?
1999-12-29,540470.0,?
1999-12-30,541210.0,?
1999-12-31,542150.0,?
2000-01-03,542150.0,?
2000-01-04,541260.0,?
2000-01-05,536000.0,315780.0
2000-01-06,535620.0,316220.0
2000-01-07,534920.0,316950.0
2000-01-10,539650.0,318220.0
2000-01-11,540100.0,318920.0
2000-01-12,539850.0,321960.0
2000-01-13,539260.0,323000.0
2000-01-14,540550.0,320460.0
2000-01-17,541460.0,321890.0
2000-01-18,547170.0,321860.0
2000-01-19,546990.0,329000.0
2000-01-20,546510.0,328900.0
2000-01-21,546750.0,328670.0
2000-01-24,547460.0,328670.0
2000-01-25,550550.0,326960.0
2000-01-26,551420.0,328160.0
2000-01-27,551350.0,328500.0
2000-01-28,552360.0,329400.0
2000-01-31,555670.0,331680.0
2000-02-01,558920.0,331930.0
2000-02-02,560440.0,334850.0
2000-02-03,560730.0,335350.0
2000-02-04,560770.0,335400.0
2000-02-07,559710.0,337590.0
2000-02-08,562420.0,338610.0
2000-02-09,559140.0,339910.0
2000-02-10,558420.0,339200.0
2000-02-11,560710.0,339660.0
2000-02-14,562620.0,340210.0
2000-02-15,561450.0,344160.0
2000-02-16,564480.0,343710.0
2000-02-17,563950.0,345040.0
2000-02-18,561930.0,344930.0
2000-02-21,564850.0,345570.0
2000-02-22,565930.0,348270.0
2000-02-23,562000.0,351300.0
2000-02-24,560390.0,351630.0
2000-02-25,565560.0,351600.0
2000-02-28,568410.0,352180.0
2000-02-29,573130.0,352180.0
2000-03-01,572390.0,352290.0
2000-03-02,572920.0,355160.0
2000-03-03,572880.0,356990.0
2000-03-06,574750.0,357980.0
2000-03-07,576590.0,357980.0
2000-03-08,577680.0,359930.0
2000-03-09,578950.0,358950.0
2000-03-10,578070.0,360750.0
2000-03-13,577890.0,361090.0
2000-03-14,576990.0,361090.0
2000-03-15,579630.0,362000.0
2000-03-16,578510.0,362320.0
2000-03-17,579750.0,363420.0
2000-03-20,578450.0,362450.0
2000-03-21,579840.0,362450.0
2000-03-22,580500.0,365720.0
2000-03-23,583400.0,366820.0
2000-03-24,581480.0,366980.0
2000-03-27,581770.0,367700.0
2000-03-28,582750.0,367700.0
2000-03-29,584870.0,369060.0
2000-03-30,587480.0,373930.0
2000-03-31,587420.0,373820.0
2000-04-03,588090.0,374200.0
2000-04-04,588770.0,374200.0
2000-04-05,590390.0,374130.0
2000-04-06,586310.0,375440.0
2000-04-07,588180.0,375840.0
2000-04-10,590180.0,375860.0
2000-04-11,590050.0,375860.0
2000-04-12,590710.0,376640.0
2000-04-13,591870.0,377150.0
2000-04-14,593400.0,379350.0
2000-04-17,593050.0,379460.0
2000-04-18,593400.0,379460.0
2000-04-19,596190.0,382110.0
2000-04-20,597930.0,384380.0
2000-04-21,599580.0,384020.0
2000-04-24,599580.0,386610.0
2000-04-25,599580.0,386610.0
2000-04-26,603700.0,387400.0
2000-04-27,607110.0,388340.0
2000-04-28,608150.0,389050.0
2000-05-01,609910.0,389560.0
2000-05-02,609910.0,389560.0
2000-05-03,610140.0,390180.0
2000-05-04,616910.0,392180.0
2000-05-05,616370.0,392680.0
2000-05-08,615370.0,390030.0
2000-05-09,616760.0,390030.0
2000-05-10,615910.0,390020.0
2000-05-11,612700.0,392730.0
2000-05-12,615670.0,393200.0
2000-05-15,616590.0,395830.0
2000-05-16,614570.0,395830.0
2000-05-17,617140.0,394800.0
2000-05-18,621560.0,396840.0
2000-05-19,620510.0,397350.0
2000-05-22,622790.0,398950.0
2000-05-23,620820.0,398950.0
2000-05-24,618460.0,400770.0
2000-05-25,619170.0,401620.0
2000-05-26,623090.0,401200.0
2000-05-29,617630.0,404700.0
2000-05-30,616440.0,404700.0
2000-05-31,613790.0,404430.0
2000-06-01,615390.0,406510.0
2000-06-02,615190.0,407580.0
2000-06-05,614760.0,409480.0
2000-06-06,613760.0,409480.0
2000-06-07,611860.0,411690.0
2000-06-08,611480.0,412290.0
2000-06-09,608690.0,411220.0
2000-06-12,614030.0,410600.0
2000-06-13,613400.0,410600.0
2000-06-14,612290.0,411350.0
2000-06-15,611120.0,413000.0
2000-06-16,614130.0,414290.0
2000-06-19,614030.0,416050.0
2000-06-20,613170.0,416050.0
2000-06-21,616010.0,414770.0
2000-06-22,618270.0,417960.0
2000-06-23,620700.0,418770.0
2000-06-26,620410.0,418890.0
2000-06-27,623890.0,418890.0
2000-06-28,621930.0,418600.0
2000-06-29,621850.0,419890.0
2000-06-30,619970.0,420620.0
2000-07-03,618170.0,422650.0
2000-07-04,621730.0,422650.0
2000-07-05,622180.0,423690.0
2000-07-06,621170.0,425390.0
2000-07-07,621090.0,426010.0
2000-07-10,623000.0,427200.0
2000-07-11,621830.0,427200.0
2000-07-12,622280.0,427080.0
2000-07-13,623530.0,430640.0
2000-07-14,627370.0,430030.0
2000-07-17,628940.0,430600.0
2000-07-18,628690.0,430600.0
2000-07-19,628970.0,432310.0
2000-07-20,632770.0,433520.0
2000-07-21,633000.0,429040.0
2000-07-24,629380.0,428440.0
2000-07-25,631080.0,428440.0
2000-07-26,629460.0,429750.0
2000-07-27,630850.0,426750.0
2000-07-28,630630.0,428450.0
2000-07-31,633870.0,428250.0
2000-08-01,636610.0,428250.0
2000-08-02,635370.0,429460.0
2000-08-03,638800.0,430260.0
2000-08-04,642830.0,431270.0
2000-08-07,642200.0,429410.0
2000-08-08,641860.0,429410.0
2000-08-09,643150.0,431830.0
2000-08-10,646270.0,432800.0
2000-08-11,644890.0,432630.0
2000-08-14,641270.0,435350.0
2000-08-15,645740.0,435350.0
2000-08-16,643130.0,436360.0
2000-08-17,644970.0,438690.0
2000-08-18,642760.0,439950.0
2000-08-21,643380.0,440970.0
2000-08-22,647830.0,440970.0
2000-08-23,649470.0,434770.0
2000-08-24,651410.0,440470.0
2000-08-25,648450.0,443340.0
2000-08-28,648530.0,445090.0
2000-08-29,650230.0,445090.0
2000-08-30,651090.0,447320.0
2000-08-31,653860.0,447370.0
2000-09-01,653740.0,445560.0
2000-09-04,654170.0,444680.0
2000-09-05,652800.0,444680.0
2000-09-06,655990.0,446190.0
2000-09-07,658100.0,448090.0
2000-09-08,662450.0,449320.0
2000-09-11,661200.0,449970.0
2000-09-12,665230.0,449970.0
2000-09-13,666360.0,451170.0
2000-09-14,664850.0,457290.0
2000-09-15,665330.0,457380.0
2000-09-18,667390.0,458550.0
2000-09-19,670810.0,458550.0
2000-09-20,670660.0,459620.0
2000-09-21,672240.0,460000.0
2000-09-22,670650.0,460980.0
2000-09-25,659330.0,461480.0
2000-09-26,665200.0,461480.0
2000-09-27,665570.0,463050.0
2000-09-28,663330.0,464160.0
2000-09-29,663900.0,463380.0
2000-10-02,665770.0,461130.0
2000-10-03,667270.0,461130.0
2000-10-04,668180.0,461540.0
2000-10-05,670070.0,461930.0
2000-10-06,667730.0,463750.0
2000-10-09,670920.0,464130.0
2000-10-10,671620.0,464130.0
2000-10-11,670650.0,467840.0
2000-10-12,670890.0,468590.0
2000-10-13,673570.0,467240.0
2000-10-16,674890.0,467950.0
2000-10-17,681000.0,467950.0
2000-10-18,678990.0,465870.0
2000-10-19,678120.0,468420.0
2000-10-20,683630.0,469260.0
2000-10-23,682700.0,470710.0
2000-10-24,684790.0,470710.0
2000-10-25,683560.0,474250.0
2000-10-26,688030.0,476220.0
2000-10-27,691200.0,478110.0
2000-10-30,687530.0,480700.0
2000-10-31,683720.0,480700.0
2000-11-01,685390.0,481000.0
2000-11-02,681140.0,482050.0
2000-11-03,677850.0,484670.0
2000-11-06,676980.0,485780.0
2000-11-07,679100.0,485780.0
2000-11-08,682210.0,488780.0
2000-11-09,682450.0,491470.0
2000-11-10,684440.0,492090.0
2000-11-13,678350.0,494720.0
2000-11-14,681820.0,494720.0
2000-11-15,683360.0,496290.0
2000-11-16,682520.0,499240.0
2000-11-17,684760.0,499620.0
2000-11-20,685800.0,500050.0
2000-11-21,687180.0,500050.0
2000-11-22,688940.0,506250.0
2000-11-23,691810.0,504950.0
2000-11-24,691760.0,505700.0
2000-11-27,691800.0,510760.0
2000-11-28,691610.0,510760.0
2000-11-29,688190.0,515540.0
2000-11-30,682350.0,517030.0
2000-12-01,684330.0,516690.0
2000-12-04,687380.0,519130.0
2000-12-05,673910.0,519130.0
2000-12-06,681020.0,520970.0
2000-12-07,680190.0,519190.0
2000-12-08,680530.0,518620.0
2000-12-11,680750.0,521630.0
2000-12-12,682080.0,521630.0
2000-12-13,684130.0,523420.0
2000-12-14,687960.0,527110.0
2000-12-15,682960.0,529000.0
2000-12-18,677140.0,529230.0
2000-12-19,671120.0,529230.0
2000-12-20,680560.0,531020.0
2000-12-21,677050.0,532580.0
2000-12-22,671940.0,534490.0
2000-12-25,673700.0,535960.0
2000-12-26,673700.0,535960.0
2000-12-27,673700.0,535180.0
2000-12-28,671320.0,537930.0
2000-12-29,672050.0,540470.0
2001-01-01,670900.0,542150.0
2001-01-02,670900.0,542150.0
2001-01-03,668610.0,542150.0
2001-01-04,664180.0,541260.0
2001-01-05,667090.0,536000.0
2001-01-08,665010.0,534920.0
2001-01-09,666140.0,534920.0
2001-01-10,669580.0,539650.0
2001-01-11,669780.0,540100.0
2001-01-12,666910.0,539850.0
2001-01-15,666210.0,540550.0
2001-01-16,669360.0,540550.0
2001-01-17,670720.0,541460.0
2001-01-18,671060.0,547170.0
2001-01-19,672300.0,546990.0
2001-01-22,671120.0,546750.0
2001-01-23,675480.0,546750.0
2001-01-24,671540.0,547460.0
2001-01-25,675090.0,550550.0
2001-01-26,680660.0,551420.0
2001-01-29,678480.0,552360.0
2001-01-30,679890.0,552360.0
2001-01-31,680150.0,555670.0
2001-02-01,676380.0,558920.0
2001-02-02,673880.0,560440.0
2001-02-05,674150.0,560770.0
2001-02-06,673850.0,560770.0
2001-02-07,677590.0,559710.0
2001-02-08,678730.0,562420.0
2001-02-09,682230.0,559140.0
2001-02-12,680750.0,560710.0
2001-02-13,680450.0,560710.0
2001-02-14,680980.0,562620.0
2001-02-15,683620.0,561450.0
2001-02-16,686720.0,564480.0
2001-02-19,687480.0,561930.0
2001-02-20,684390.0,561930.0
2001-02-21,694670.0,564850.0
2001-02-22,682670.0,565930.0
2001-02-23,1159500.0,562000.0
2001-02-26,1161500.0,565560.0
2001-02-27,1058200.0,565560.0
2001-02-28,1020400.0,568410.0
2001-03-01,1007800.0,572390.0
2001-03-02,956310.0,572920.0
2001-03-05,938830.0,572880.0
2001-03-06,913490.0,574750.0
2001-03-07,884740.0,576590.0
2001-03-08,945520.0,577680.0
2001-03-09,945020.0,578950.0
2001-03-12,921590.0,578070.0
2001-03-13,927520.0,577890.0
2001-03-14,941830.0,576990.0
2001-03-15,987440.0,579630.0
2001-03-16,1025900.0,578510.0
2001-03-19,1013400.0,579750.0
2001-03-20,1023400.0,578450.0
2001-03-21,972100.0,579840.0
2001-03-22,980310.0,580500.0
2001-03-23,988300.0,583400.0
2001-03-26,997050.0,581480.0
2001-03-27,984480.0,581770.0
2001-03-28,964780.0,582750.0
2001-03-29,994730.0,584870.0
2001-03-30,1091300.0,587480.0
2001-04-02,1018400.0,587420.0
2001-04-03,1100100.0,588090.0
2001-04-04,1239900.0,588770.0
2001-04-05,1223100.0,590390.0
2001-04-06,1223400.0,586310.0
2001-04-09,1182000.0,588180.0
2001-04-10,1226800.0,590180.0
2001-04-11,1285600.0,590050.0
2001-04-12,1289600.0,590710.0
2001-04-13,1271000.0,591870.0
2001-04-16,1271000.0,593400.0
2001-04-17,1271000.0,593050.0
2001-04-18,1215000.0,593400.0
2001-04-19,1259500.0,596190.0
2001-04-20,1211100.0,597930.0
2001-04-23,1228200.0,599580.0
2001-04-24,1226700.0,599580.0
2001-04-25,1249600.0,599580.0
2001-04-26,1202400.0,603700.0
2001-04-27,1239000.0,607110.0
2001-04-30,1163700.0,608150.0
2001-05-01,1145800.0,609910.0
2001-05-02,1145800.0,609910.0
2001-05-03,1268700.0,610140.0
2001-05-04,1167000.0,616910.0
2001-05-07,1141900.0,616370.0
2001-05-08,1134000.0,615370.0
2001-05-09,1144800.0,616760.0
2001-05-10,1157400.0,615910.0
2001-05-11,1147800.0,612700.0
2001-05-14,1150100.0,615670.0
2001-05-15,1143200.0,616590.0
2001-05-16,1138800.0,614570.0
2001-05-17,1128600.0,617140.0
2001-05-18,1115100.0,621560.0
2001-05-21,1113400.0,620510.0
2001-05-22,1114900.0,622790.0
2001-05-23,1107900.0,620820.0
2001-05-24,1114700.0,618460.0
2001-05-25,1116700.0,619170.0
2001-05-28,1109300.0,623090.0
2001-05-29,1114900.0,617630.0
2001-05-30,1118700.0,616440.0
2001-05-31,1147500.0,613790.0
2001-06-01,1173300.0,615390.0
2001-06-04,1149400.0,615190.0
2001-06-05,1139400.0,614760.0
2001-06-06,1169500.0,613760.0
2001-06-07,1177500.0,611860.0
2001-06-08,1165800.0,611480.0
2001-06-11,1166200.0,608690.0
2001-06-12,1181300.0,614030.0
2001-06-13,1190300.0,613400.0
2001-06-14,1215200.0,612290.0
2001-06-15,1199100.0,611120.0
2001-06-18,1189100.0,614130.0
2001-06-19,1219000.0,614030.0
2001-06-20,1223900.0,613170.0
2001-06-21,1255700.0,616010.0
2001-06-22,1283900.0,618270.0
2001-06-25,1273500.0,620700.0
2001-06-26,1301300.0,620410.0
2001-06-27,1269300.0,623890.0
2001-06-28,1251100.0,621930.0
2001-06-29,1270500.0,621850.0
2001-07-02,1258300.0,619970.0
2001-07-03,1257200.0,618170.0
2001-07-04,1273400.0,621730.0
2001-07-05,1277700.0,622180.0
2001-07-06,1276400.0,621170.0
2001-07-09,1327500.0,621090.0
2001-07-10,1302800.0,623000.0
2001-07-11,1310800.0,621830.0
2001-07-12,1370300.0,622280.0
2001-07-13,1326300.0,623530.0
2001-07-16,1339700.0,627370.0
2001-07-17,1369000.0,628940.0
2001-07-18,1499500.0,628690.0
2001-07-19,1367300.0,628970.0
2001-07-20,1345400.0,632770.0
2001-07-23,1311300.0,633000.0
2001-07-24,1322000.0,629380.0
2001-07-25,1305700.0,631080.0
2001-07-26,1313500.0,629460.0
2001-07-27,1325900.0,630850.0
2001-07-30,1327600.0,630630.0
2001-07-31,1329000.0,633870.0
2001-08-01,1328400.0,636610.0
2001-08-02,1332700.0,635370.0
2001-08-03,1340500.0,638800.0
2001-08-06,1341100.0,642830.0
2001-08-07,1348100.0,642200.0
2001-08-08,1352600.0,641860.0
2001-08-09,1373000.0,643150.0
2001-08-10,1379200.0,646270.0
2001-08-13,1388800.0,644890.0
2001-08-14,1398100.0,641270.0
2001-08-15,1456300.0,645740.0
2001-08-16,1491100.0,643130.0
2001-08-17,1464300.0,644970.0
2001-08-20,1413900.0,642760.0
2001-08-21,1422000.0,643380.0
2001-08-22,1436200.0,647830.0
2001-08-23,1458300.0,649470.0
2001-08-24,1472000.0,651410.0
2001-08-27,1474500.0,648450.0
2001-08-28,1430100.0,648530.0
2001-08-29,1406800.0,650230.0
2001-08-30,1388900.0,651090.0
2001-08-31,1377700.0,653860.0
2001-09-03,1370400.0,653740.0
2001-09-04,1396600.0,654170.0
2001-09-05,1427000.0,652800.0
2001-09-06,1420500.0,655990.0
2001-09-07,1400300.0,658100.0
2001-09-10,1399700.0,662450.0
2001-09-11,1425900.0,661200.0
2001-09-12,1433500.0,665230.0
2001-09-13,1459300.0,666360.0
2001-09-14,1474600.0,664850.0
2001-09-17,1489300.0,665330.0
2001-09-18,1548200.0,667390.0
2001-09-19,1496300.0,670810.0
2001-09-20,1493800.0,670660.0
2001-09-21,1517400.0,672240.0
2001-09-24,1531500.0,670650.0
2001-09-25,1561500.0,659330.0
2001-09-26,1550800.0,665200.0
2001-09-27,1544600.0,665570.0
2001-09-28,1548100.0,663330.0
2001-10-01,1527800.0,663900.0
2001-10-02,1548500.0,665770.0
2001-10-03,1567100.0,667270.0
2001-10-04,1578900.0,668180.0
2001-10-05,1601400.0,670070.0
2001-10-08,1620900.0,667730.0
2001-10-09,1630100.0,670920.0
2001-10-10,1637100.0,671620.0
2001-10-11,1629800.0,670650.0
2001-10-12,1613300.0,670890.0
2001-10-15,1594000.0,673570.0
2001-10-16,1607100.0,674890.0
2001-10-17,1628400.0,681000.0
2001-10-18,1632700.0,678990.0
2001-10-19,1650800.0,678120.0
2001-10-22,1643900.0,683630.0
2001-10-23,1637900.0,682700.0
2001-10-24,1609100.0,684790.0
2001-10-25,1601400.0,683560.0
2001-10-26,1614400.0,688030.0
2001-10-29,1610400.0,691200.0
2001-10-30,1602400.0,687530.0
2001-10-31,1599700.0,683720.0
2001-11-01,1590400.0,685390.0
2001-11-02,1573000.0,681140.0
2001-11-05,1566900.0,677850.0
2001-11-06,1559000.0,676980.0
2001-11-07,1540000.0,679100.0
2001-11-08,1552000.0,682210.0
2001-11-09,1544800.0,682450.0
2001-11-12,1553200.0,684440.0
2001-11-13,1559600.0,678350.0
2001-11-14,1564100.0,681820.0
2001-11-15,1539200.0,683360.0
2001-11-16,1524100.0,682520.0
2001-11-19,1509300.0,684760.0
2001-11-20,1491000.0,685800.0
2001-11-21,1463100.0,687180.0
2001-11-22,1491300.0,688940.0
2001-11-23,1501500.0,691810.0
2001-11-26,1492900.0,691760.0
2001-11-27,1478800.0,691800.0
2001-11-28,1477000.0,691610.0
2001-11-29,1482300.0,688190.0
2001-11-30,1492100.0,682350.0
2001-12-03,1482400.0,684330.0
2001-12-04,1498000.0,687380.0
2001-12-05,1483900.0,673910.0
2001-12-06,1459800.0,681020.0
2001-12-07,1455700.0,680190.0
2001-12-10,1447600.0,680530.0
2001-12-11,1444100.0,680750.0
2001-12-12,1438000.0,682080.0
2001-12-13,1426500.0,684130.0
2001-12-14,1412800.0,687960.0
2001-12-17,1431900.0,682960.0
2001-12-18,1446600.0,677140.0
2001-12-19,1450300.0,671120.0
2001-12-20,1465000.0,680560.0
2001-12-21,1480000.0,677050.0
2001-12-24,1479400.0,671940.0
2001-12-25,1482200.0,673700.0
2001-12-26,1482200.0,673700.0
2001-12-27,1482200.0,673700.0
2001-12-28,1439400.0,671320.0
2001-12-31,1440500.0,672050.0
2002-01-01,1440500.0,670900.0
2002-01-02,1440500.0,670900.0
2002-01-03,1450500.0,668610.0
2002-01-04,1432000.0,664180.0
2002-01-07,1419500.0,667090.0
2002-01-08,1401500.0,665010.0
2002-01-09,1393000.0,666140.0
2002-01-10,1394500.0,669580.0
2002-01-11,1387400.0,669780.0
2002-01-14,1376800.0,666910.0
2002-01-15,1365500.0,666210.0
2002-01-16,1367400.0,669360.0
2002-01-17,1375800.0,670720.0
2002-01-18,1365200.0,671060.0
2002-01-21,1350700.0,672300.0
2002-01-22,1332600.0,671120.0
2002-01-23,1339800.0,675480.0
2002-01-24,1349400.0,671540.0
2002-01-25,1352800.0,675090.0
2002-01-28,1335600.0,680660.0
2002-01-29,1338300.0,678480.0
2002-01-30,1317800.0,679890.0
2002-01-31,1329600.0,680150.0
2002-02-01,1322200.0,676380.0
2002-02-04,1312600.0,673880.0
2002-02-05,1314200.0,674150.0
2002-02-06,1309500.0,673850.0
2002-02-07,1330800.0,677590.0
2002-02-08,1333100.0,678730.0
2002-02-11,1373000.0,682230.0
2002-02-12,1383900.0,680750.0
2002-02-13,1373200.0,680450.0
2002-02-14,1349200.0,680980.0
2002-02-15,1341300.0,683620.0
2002-02-18,1342900.0,686720.0
2002-02-19,1355100.0,687480.0
2002-02-20,1358700.0,684390.0
2002-02-21,1376000.0,694670.0
2002-02-22,1384900.0,682670.0
2002-02-25,1386800.0,1159500.0
2002-02-26,1384700.0,1161500.0
2002-02-27,1392500.0,1058200.0
2002-02-28,1409400.0,1020400.0
2002-03-01,1392900.0,1007800.0
2002-03-04,1395300.0,956310.0
2002-03-05,1384000.0,938830.0
2002-03-06,1384500.0,913490.0
2002-03-07,1379700.0,884740.0
2002-03-08,1371500.0,945520.0
2002-03-11,1372100.0,945020.0
2002-03-12,1363700.0,921590.0
2002-03-13,1364900.0,927520.0
2002-03-14,1364800.0,941830.0
2002-03-15,1370000.0,987440.0
2002-03-18,1352100.0,1025900.0
2002-03-19,1347800.0,1013400.0
2002-03-20,1364800.0,1023400.0
2002-03-21,1349000.0,972100.0
2002-03-22,1350800.0,980310.0
2002-03-25,1341700.0,988300.0
2002-03-26,1356300.0,997050.0
2002-03-27,1344900.0,984480.0
2002-03-28,1334300.0,964780.0
2002-03-29,1343400.0,994730.0
2002-04-01,1343400.0,1091300.0
2002-04-02,1343400.0,1018400.0
2002-04-03,1333900.0,1100100.0
2002-04-04,1332500.0,1239900.0
2002-04-05,1318900.0,1223100.0
2002-04-08,1308900.0,1223400.0
2002-04-09,1315800.0,1182000.0
2002-04-10,1305500.0,1226800.0
2002-04-11,1308300.0,1285600.0
2002-04-12,1294100.0,1289600.0
2002-04-15,1313200.0,1271000.0
2002-04-16,1305400.0,1271000.0
2002-04-17,1296100.0,1271000.0
2002-04-18,1308600.0,1215000.0
2002-04-19,1307500.0,1259500.0
2002-04-22,1304300.0,1211100.0
2002-04-23,1320600.0,1228200.0
2002-04-24,1328900.0,1226700.0
2002-04-25,1334900.0,1249600.0
2002-04-26,1366900.0,1202400.0
2002-04-29,1356600.0,1239000.0
2002-04-30,1333300.0,1163700.0
2002-05-01,1342100.0,1145800.0
2002-05-02,1342100.0,1145800.0
2002-05-03,1368500.0,1268700.0
2002-05-06,1364100.0,1167000.0
2002-05-07,1378000.0,1141900.0
2002-05-08,1373200.0,1134000.0
2002-05-09,1374300.0,1144800.0
2002-05-10,1385100.0,1157400.0
2002-05-13,1378600.0,1147800.0
2002-05-14,1390700.0,1150100.0
2002-05-15,1401500.0,1143200.0
2002-05-16,1389800.0,1138800.0
2002-05-17,1412800.0,1128600.0
2002-05-20,1441200.0,1115100.0
2002-05-21,1434500.0,1113400.0
2002-05-22,1418600.0,1114900.0
2002-05-23,1410400.0,1107900.0
2002-05-24,1417600.0,1114700.0
2002-05-27,1413800.0,1116700.0
2002-05-28,1404800.0,1109300.0
2002-05-29,1407900.0,1114900.0
2002-05-30,1417400.0,1118700.0
2002-05-31,1426100.0,1147500.0
2002-06-03,1445600.0,1173300.0
2002-06-04,1462500.0,1149400.0
2002-06-05,1439300.0,1139400.0
2002-06-06,1440600.0,1169500.0
2002-06-07,1444700.0,1177500.0
2002-06-10,1450500.0,1165800.0
2002-06-11,1473700.0,1166200.0
2002-06-12,1510000.0,1181300.0
2002-06-13,1553100.0,1190300.0
2002-06-14,1553600.0,1215200.0
2002-06-17,1557300.0,1199100.0
2002-06-18,1600900.0,1189100.0
2002-06-19,1586900.0,1219000.0
2002-06-20,1556300.0,1223900.0
2002-06-21,1540900.0,1255700.0
2002-06-24,1575300.0,1283900.0
2002-06-25,1592900.0,1273500.0
2002-06-26,1577400.0,1301300.0
2002-06-27,1638600.0,1269300.0
2002-06-28,1595100.0,1251100.0
2002-07-01,1582000.0,1270500.0
2002-07-02,1580800.0,1258300.0
2002-07-03,1608100.0,1257200.0
2002-07-04,1635000.0,1273400.0
2002-07-05,1625100.0,1277700.0
2002-07-08,1603100.0,1276400.0
2002-07-09,1658500.0,1327500.0
2002-07-10,1664700.0,1302800.0
2002-07-11,1667000.0,1310800.0
2002-07-12,1676500.0,1370300.0
2002-07-15,1658100.0,1326300.0
2002-07-16,1692900.0,1339700.0
2002-07-17,1696500.0,1369000.0
2002-07-18,1661400.0,1499500.0
2002-07-19,1667300.0,1367300.0
2002-07-22,1669600.0,1345400.0
2002-07-23,1676600.0,1311300.0
2002-07-24,1680100.0,1322000.0
2002-07-25,1691400.0,1305700.0
2002-07-26,1681600.0,1313500.0
2002-07-29,1680700.0,1325900.0
2002-07-30,1697400.0,1327600.0
2002-07-31,1689900.0,1329000.0
2002-08-01,1696800.0,1328400.0
2002-08-02,1686500.0,1332700.0
2002-08-05,1647900.0,1340500.0
2002-08-06,1634800.0,1341100.0
2002-08-07,1648300.0,1348100.0
2002-08-08,1636400.0,1352600.0
2002-08-09,1634100.0,1373000.0
2002-08-12,1639400.0,1379200.0
2002-08-13,1642100.0,1388800.0
2002-08-14,1634900.0,1398100.0
2002-08-15,1634400.0,1456300.0
2002-08-16,1659000.0,1491100.0
2002-08-19,1635600.0,1464300.0
2002-08-20,1642000.0,1413900.0
2002-08-21,1631900.0,1422000.0
2002-08-22,1627700.0,1436200.0
2002-08-23,1633600.0,1458300.0
2002-08-26,1637600.0,1472000.0
2002-08-27,1631800.0,1474500.0
2002-08-28,1634900.0,1430100.0
2002-08-29,1631400.0,1406800.0
2002-08-30,1626500.0,1388900.0
2002-09-02,1629200.0,1377700.0
2002-09-03,1623100.0,1370400.0
2002-09-04,1622600.0,1396600.0
2002-09-05,1627600.0,1427000.0
2002-09-06,1626100.0,1420500.0
2002-09-09,1623300.0,1400300.0
2002-09-10,1641800.0,1399700.0
2002-09-11,1674200.0,1425900.0
2002-09-12,1653500.0,1433500.0
2002-09-13,1666500.0,1459300.0
2002-09-16,1659500.0,1474600.0
2002-09-17,1674100.0,1489300.0
2002-09-18,1670600.0,1548200.0
2002-09-19,1667900.0,1496300.0
2002-09-20,1668000.0,1493800.0
2002-09-23,1661900.0,1517400.0
2002-09-24,1655000.0,1531500.0
2002-09-25,1654500.0,1561500.0
2002-09-26,1649800.0,1550800.0
2002-09-27,1657800.0,1544600.0
2002-09-30,1655600.0,1548100.0
2002-10-01,1660200.0,1527800.0
2002-10-02,1664100.0,1548500.0
2002-10-03,1642100.0,1567100.0
2002-10-04,1639000.0,1578900.0
2002-10-07,1635100.0,1601400.0
2002-10-08,1643600.0,1620900.0
2002-10-09,1646900.0,1630100.0
2002-10-10,1649700.0,1637100.0
2002-10-11,1647600.0,1629800.0
2002-10-14,1644500.0,1613300.0
2002-10-15,1651000.0,1594000.0
2002-10-16,1649300.0,1607100.0
2002-10-17,1646100.0,1628400.0
2002-10-18,1653200.0,1632700.0
2002-10-21,1655900.0,1650800.0
2002-10-22,1667000.0,1643900.0
2002-10-23,1656400.0,1637900.0
2002-10-24,1665500.0,1609100.0
2002-10-25,1673900.0,1601400.0
2002-10-28,1676700.0,1614400.0
2002-10-29,1679800.0,1610400.0
2002-10-30,1675200.0,1602400.0
2002-10-31,1678400.0,1599700.0
2002-11-01,1670700.0,1590400.0
2002-11-04,1687400.0,1573000.0
2002-11-05,1673400.0,1566900.0
2002-11-06,1641100.0,1559000.0
2002-11-07,1643400.0,1540000.0
2002-11-08,1631900.0,1552000.0
2002-11-11,1617700.0,1544800.0
2002-11-12,1616600.0,1553200.0
2002-11-13,1637700.0,1559600.0
2002-11-14,1635900.0,1564100.0
2002-11-15,1619600.0,1539200.0
2002-11-18,1602400.0,1524100.0
2002-11-19,1582700.0,1509300.0
2002-11-20,1583200.0,1491000.0
2002-11-21,1587000.0,1463100.0
2002-11-22,1580600.0,1491300.0
2002-11-25,1580200.0,1501500.0
2002-11-26,1565900.0,1492900.0
2002-11-27,1557000.0,1478800.0
2002-11-28,1562400.0,1477000.0
2002-11-29,1550200.0,1482300.0
2002-12-02,1534200.0,1492100.0
2002-12-03,1524700.0,1482400.0
2002-12-04,1535100.0,1498000.0
2002-12-05,1550200.0,1483900.0
2002-12-06,1551400.0,1459800.0
2002-12-09,1552100.0,1455700.0
2002-12-10,1567400.0,1447600.0
2002-12-11,1550800.0,1444100.0
2002-12-12,1567500.0,1438000.0
2002-12-13,1555700.0,1426500.0
2002-12-16,1545800.0,1412800.0
2002-12-17,1547200.0,1431900.0
2002-12-18,1575600.0,1446600.0
2002-12-19,1595700.0,1450300.0
2002-12-20,1637300.0,1465000.0
2002-12-23,1639200.0,1480000.0
2002-12-24,1653400.0,1479400.0
2002-12-25,1681200.0,1482200.0
2002-12-26,1681200.0,1482200.0
2002-12-27,1681200.0,1482200.0
2002-12-30,1656700.0,1439400.0
2002-12-31,1643600.0,1440500.0
2003-01-01,1657300.0,1440500.0
2003-01-02,1657300.0,1440500.0
2003-01-03,1660000.0,1450500.0
2003-01-06,1649300.0,1432000.0
2003-01-07,1660900.0,1419500.0
2003-01-08,1690200.0,1401500.0
2003-01-09,1672000.0,1393000.0
2003-01-10,1677000.0,1394500.0
2003-01-13,1668100.0,1387400.0
2003-01-14,1662700.0,1376800.0
2003-01-15,1669700.0,1365500.0
2003-01-16,1670200.0,1367400.0
2003-01-17,1663200.0,1375800.0
2003-01-20,1666400.0,1365200.0
2003-01-21,1664300.0,1350700.0
2003-01-22,1661500.0,1332600.0
2003-01-23,1668200.0,1339800.0
2003-01-24,1662200.0,1349400.0
2003-01-27,1662600.0,1352800.0
2003-01-28,1659600.0,1335600.0
2003-01-29,1663600.0,1338300.0
2003-01-30,1658100.0,1317800.0
2003-01-31,1645900.0,1329600.0
2003-02-03,1646600.0,1322200.0
2003-02-04,1638500.0,1312600.0
2003-02-05,1641100.0,1314200.0
2003-02-06,1642500.0,1309500.0
2003-02-07,1634100.0,1330800.0
2003-02-10,1638700.0,1333100.0
2003-02-11,1647900.0,1373000.0
2003-02-12,1653300.0,1383900.0
2003-02-13,1653200.0,1373200.0
2003-02-14,1666700.0,1349200.0
2003-02-17,1663100.0,1341300.0
2003-02-18,1637700.0,1342900.0
2003-02-19,1621200.0,1355100.0
2003-02-20,1633900.0,1358700.0
2003-02-21,1636200.0,1376000.0
2003-02-24,1623900.0,1384900.0
2003-02-25,1637900.0,1386800.0
2003-02-26,1617800.0,1384700.0
2003-02-27,1620000.0,1392500.0
2003-02-28,1614300.0,1409400.0
2003-03-03,1596200.0,1392900.0
2003-03-04,1652800.0,1395300.0
2003-03-05,1632000.0,1384000.0
2003-03-06,1602200.0,1384500.0
2003-03-07,1608100.0,1379700.0
2003-03-10,1612500.0,1371500.0
2003-03-11,1609300.0,1372100.0
2003-03-12,1627300.0,1363700.0
2003-03-13,1619500.0,1364900.0
2003-03-14,1633800.0,1364800.0
2003-03-17,1647300.0,1370000.0
2003-03-18,1688700.0,1352100.0
2003-03-19,1657800.0,1347800.0
2003-03-20,1699100.0,1364800.0
2003-03-21,1705100.0,1349000.0
2003-03-24,1721500.0,1350800.0
2003-03-25,1763200.0,1341700.0
2003-03-26,1733200.0,1356300.0
2003-03-27,1716500.0,1344900.0
2003-03-28,1721500.0,1334300.0
2003-03-31,1709200.0,1343400.0
2003-04-01,1710900.0,1343400.0
2003-04-02,1697700.0,1343400.0
2003-04-03,1695300.0,1333900.0
2003-04-04,1681900.0,1332500.0
2003-04-07,1657600.0,1318900.0
2003-04-08,1651900.0,1308900.0
2003-04-09,1638800.0,1315800.0
2003-04-10,1649600.0,1305500.0
2003-04-11,1652900.0,1308300.0
2003-04-14,1646900.0,1294100.0
2003-04-15,1630800.0,1313200.0
2003-04-16,1616300.0,1305400.0
2003-04-17,1613100.0,1296100.0
2003-04-18,1608100.0,1308600.0
2003-04-21,1608100.0,1307500.0
2003-04-22,1608100.0,1304300.0
2003-04-23,1600600.0,1320600.0
2003-04-24,1614600.0,1328900.0
2003-04-25,1595200.0,1334900.0
2003-04-28,1593900.0,1366900.0
2003-04-29,1586400.0,1356600.0
2003-04-30,1590900.0,1333300.0
2003-05-01,1572200.0,1342100.0
2003-05-02,1572200.0,1342100.0
2003-05-05,1535700.0,1368500.0
2003-05-06,1528800.0,1364100.0
2003-05-07,1530300.0,1378000.0
2003-05-08,1531500.0,1373200.0
2003-05-09,1517300.0,1374300.0
2003-05-12,1499200.0,1385100.0
2003-05-13,1503000.0,1378600.0
2003-05-14,1495100.0,1390700.0
2003-05-15,1484500.0,1401500.0
2003-05-16,1485400.0,1389800.0
2003-05-19,1495800.0,1412800.0
2003-05-20,1490700.0,1441200.0
2003-05-21,1461700.0,1434500.0
2003-05-22,1456900.0,1418600.0
2003-05-23,1475300.0,1410400.0
2003-05-26,1465600.0,1417600.0
2003-05-27,1457700.0,1413800.0
2003-05-28,1453700.0,1404800.0
2003-05-29,1451700.0,1407900.0
2003-05-30,1457100.0,1417400.0
2003-06-02,1427800.0,1426100.0
2003-06-03,1422200.0,1445600.0
2003-06-04,1439100.0,1462500.0
2003-06-05,1427600.0,1439300.0
2003-06-06,1448000.0,1440600.0
2003-06-09,1428100.0,1444700.0
2003-06-10,1414800.0,1450500.0
2003-06-11,1426600.0,1473700.0
2003-06-12,1428300.0,1510000.0
2003-06-13,1419000.0,1553100.0
2003-06-16,1414300.0,1553600.0
2003-06-17,1414700.0,1557300.0
2003-06-18,1417300.0,1600900.0
2003-06-19,1418100.0,1586900.0
2003-06-20,1428600.0,1556300.0
2003-06-23,1415700.0,1540900.0
2003-06-24,1431700.0,1575300.0
2003-06-25,1440600.0,1592900.0
2003-06-26,1440600.0,1577400.0
2003-06-27,1443300.0,1638600.0
2003-06-30,1428200.0,1595100.0
2003-07-01,1415900.0,1582000.0
2003-07-02,1409500.0,1580800.0
2003-07-03,1401000.0,1608100.0
2003-07-04,1399100.0,1635000.0
2003-07-07,1391900.0,1625100.0
2003-07-08,1403200.0,1603100.0
2003-07-09,1403800.0,1658500.0
2003-07-10,1421400.0,1664700.0
2003-07-11,1408900.0,1667000.0
2003-07-14,1392800.0,1676500.0
2003-07-15,1387700.0,1658100.0
2003-07-16,1379100.0,1692900.0
2003-07-17,1386200.0,1696500.0
2003-07-18,1386300.0,1661400.0
2003-07-21,1395800.0,1667300.0
2003-07-22,1389600.0,1669600.0
2003-07-23,1390300.0,1676600.0
2003-07-24,1404300.0,1680100.0
2003-07-25,1425800.0,1691400.0
2003-07-28,1415000.0,1681600.0
2003-07-29,1418700.0,1680700.0
2003-07-30,1439500.0,1697400.0
2003-07-31,1428200.0,1689900.0
2003-08-01,1419000.0,1696800.0
2003-08-04,1440600.0,1686500.0
2003-08-05,1421200.0,1647900.0
2003-08-06,1403900.0,1634800.0
2003-08-07,1407100.0,1648300.0
2003-08-08,1412000.0,1636400.0
2003-08-11,1402100.0,1634100.0
2003-08-12,1403300.0,1639400.0
2003-08-13,1402500.0,1642100.0
2003-08-14,1403700.0,1634900.0
2003-08-15,1402000.0,1634400.0
2003-08-18,1399500.0,1659000.0
2003-08-19,1399700.0,1635600.0
2003-08-20,1405300.0,1642000.0
2003-08-21,1400700.0,1631900.0
2003-08-22,1398900.0,1627700.0
2003-08-25,1393400.0,1633600.0
2003-08-26,1391400.0,1637600.0
2003-08-27,1392400.0,1631800.0
2003-08-28,1403700.0,1634900.0
2003-08-29,1406500.0,1631400.0
2003-09-01,1399300.0,1626500.0
2003-09-02,1391200.0,1629200.0
2003-09-03,1390500.0,1623100.0
2003-09-04,1393900.0,1622600.0
2003-09-05,1386600.0,1627600.0
2003-09-08,1384200.0,1626100.0
2003-09-09,1382000.0,1623300.0
2003-09-10,1384800.0,1641800.0
2003-09-11,1386500.0,1674200.0
2003-09-12,1386300.0,1653500.0
2003-09-15,1374900.0,1666500.0
2003-09-16,1374000.0,1659500.0
2003-09-17,1373200.0,1674100.0
2003-09-18,1375400.0,1670600.0
2003-09-19,1372900.0,1667900.0
2003-09-22,1367800.0,1668000.0
2003-09-23,1355900.0,1661900.0
2003-09-24,1353900.0,1655000.0
2003-09-25,1353200.0,1654500.0
2003-09-26,1374700.0,1649800.0
2003-09-29,1371100.0,1657800.0
2003-09-30,1394000.0,1655600.0
2003-10-01,1397200.0,1660200.0
2003-10-02,1395800.0,1664100.0
2003-10-03,1412800.0,1642100.0
2003-10-06,1393100.0,1639000.0
2003-10-07,1365400.0,1635100.0
2003-10-08,1378300.0,1643600.0
2003-10-09,1380200.0,1646900.0
2003-10-10,1386200.0,1649700.0
2003-10-13,1392100.0,1647600.0
2003-10-14,1408300.0,1644500.0
2003-10-15,1411400.0,1651000.0
2003-10-16,1408000.0,1649300.0
2003-10-17,1415600.0,1646100.0
2003-10-20,1442300.0,1653200.0
2003-10-21,1437800.0,1655900.0
2003-10-22,1452300.0,1667000.0
2003-10-23,1466600.0,1656400.0
2003-10-24,1478900.0,1665500.0
2003-10-27,1482900.0,1673900.0
2003-10-28,1503000.0,1676700.0
2003-10-29,1523200.0,1679800.0
2003-10-30,1520000.0,1675200.0
2003-10-31,1491600.0,1678400.0
2003-11-03,1484600.0,1670700.0
2003-11-04,1474200.0,1687400.0
2003-11-05,1474500.0,1673400.0
2003-11-06,1476100.0,1641100.0
2003-11-07,1494100.0,1643400.0
2003-11-10,1504200.0,1631900.0
2003-11-11,1490200.0,1617700.0
2003-11-12,1488200.0,1616600.0
2003-11-13,1484700.0,1637700.0
2003-11-14,1480000.0,1635900.0
2003-11-17,1472000.0,1619600.0
2003-11-18,1468100.0,1602400.0
2003-11-19,1465200.0,1582700.0
2003-11-20,1459100.0,1583200.0
2003-11-21,1482500.0,1587000.0
2003-11-24,1470200.0,1580600.0
2003-11-25,1471400.0,1580200.0
2003-11-26,1470200.0,1565900.0
2003-11-27,1470200.0,1557000.0
2003-11-28,1463100.0,1562400.0
2003-12-01,1457400.0,1550200.0
2003-12-02,1451800.0,1534200.0
2003-12-03,1458500.0,1524700.0
2003-12-04,1458200.0,1535100.0
2003-12-05,1454900.0,1550200.0
2003-12-08,1451100.0,1551400.0
2003-12-09,1435400.0,1552100.0
2003-12-10,1432500.0,1567400.0
2003-12-11,1432700.0,1550800.0
2003-12-12,1445600.0,1567500.0
2003-12-15,1436000.0,1555700.0
2003-12-16,1432800.0,1545800.0
2003-12-17,1426500.0,1547200.0
2003-12-18,1430500.0,1575600.0
2003-12-19,1432800.0,1595700.0
2003-12-22,1427900.0,1637300.0
2003-12-23,1432600.0,1639200.0
2003-12-24,1429600.0,1653400.0
2003-12-25,1426900.0,1681200.0
2003-12-26,1426900.0,1681200.0
2003-12-29,1426900.0,1681200.0
2003-12-30,1413000.0,1656700.0
2003-12-31,1402500.0,1643600.0
2004-01-01,1402700.0,1657300.0
2004-01-02,1402700.0,1657300.0
2004-01-05,1397700.0,1660000.0
2004-01-06,1377700.0,1649300.0
2004-01-07,1375300.0,1660900.0
2004-01-08,1367100.0,1690200.0
2004-01-09,1366900.0,1672000.0
2004-01-12,1359100.0,1677000.0
2004-01-13,1334000.0,1668100.0
2004-01-14,1337500.0,1662700.0
2004-01-15,1348800.0,1669700.0
2004-01-16,1338300.0,1670200.0
2004-01-19,1338700.0,1663200.0
2004-01-20,1353900.0,1666400.0
2004-01-21,1338100.0,1664300.0
2004-01-22,1330800.0,1661500.0
2004-01-23,1323100.0,1668200.0
2004-01-26,1327900.0,1662200.0
2004-01-27,1321800.0,1662600.0
2004-01-28,1322200.0,1659600.0
2004-01-29,1328300.0,1663600.0
2004-01-30,1342200.0,1658100.0
2004-02-02,1344600.0,1645900.0
2004-02-03,1339300.0,1646600.0
2004-02-04,1338900.0,1638500.0
2004-02-05,1333400.0,1641100.0
2004-02-06,1327200.0,1642500.0
2004-02-09,1350000.0,1634100.0
2004-02-10,1344300.0,1638700.0
2004-02-11,1344400.0,1647900.0
2004-02-12,1344200.0,1653300.0
2004-02-13,1317800.0,1653200.0
2004-02-16,1317100.0,1666700.0
2004-02-17,1327300.0,1663100.0
2004-02-18,1322900.0,1637700.0
2004-02-19,1318600.0,1621200.0
2004-02-20,1324700.0,1633900.0
2004-02-23,1326700.0,1636200.0
2004-02-24,1327900.0,1623900.0
2004-02-25,1326200.0,1637900.0
2004-02-26,1323500.0,1617800.0
2004-02-27,1333200.0,1620000.0
2004-03-01,1323900.0,1614300.0
2004-03-02,1319000.0,1614300.0
2004-03-03,1319800.0,1596200.0
2004-03-04,1333900.0,1652800.0
2004-03-05,1328400.0,1632000.0
2004-03-08,1324700.0,1608100.0
2004-03-09,1321500.0,1608100.0
2004-03-10,1316700.0,1612500.0
2004-03-11,1318000.0,1609300.0
2004-03-12,1325300.0,1627300.0
2004-03-15,1319800.0,1633800.0
2004-03-16,1315700.0,1633800.0
2004-03-17,1318300.0,1647300.0
2004-03-18,1322400.0,1688700.0
2004-03-19,1327800.0,1657800.0
2004-03-22,1315200.0,1705100.0
2004-03-23,1319800.0,1705100.0
2004-03-24,1322200.0,1721500.0
2004-03-25,1319900.0,1763200.0
2004-03-26,1325300.0,1733200.0
2004-03-29,1320500.0,1721500.0
2004-03-30,1320800.0,1721500.0
2004-03-31,1321000.0,1709200.0
2004-04-01,1318900.0,1710900.0
2004-04-02,1310600.0,1697700.0
2004-04-05,1306900.0,1681900.0
2004-04-06,1315600.0,1681900.0
2004-04-07,1312100.0,1657600.0
2004-04-08,1325800.0,1651900.0
2004-04-09,1342800.0,1638800.0
2004-04-12,1342800.0,1652900.0
2004-04-13,1342800.0,1652900.0
2004-04-14,1359000.0,1646900.0
2004-04-15,1345500.0,1630800.0
2004-04-16,1381000.0,1616300.0
2004-04-19,1361700.0,1608100.0
2004-04-20,1355200.0,1608100.0
2004-04-21,1369900.0,1608100.0
2004-04-22,1388100.0,1608100.0
2004-04-23,1388200.0,1600600.0
2004-04-26,1383400.0,1595200.0
2004-04-27,1376600.0,1595200.0
2004-04-28,1417500.0,1593900.0
2004-04-29,1419900.0,1586400.0
2004-04-30,1449900.0,1590900.0
2004-05-03,1421300.0,1572200.0
2004-05-04,1459500.0,1572200.0
2004-05-05,1445800.0,1535700.0
2004-05-06,1439100.0,1528800.0
2004-05-07,1460200.0,1530300.0
2004-05-10,1485800.0,1517300.0
2004-05-11,1540200.0,1517300.0
2004-05-12,1547400.0,1499200.0
2004-05-13,1527200.0,1503000.0
2004-05-14,1546900.0,1495100.0
2004-05-17,1537000.0,1485400.0
2004-05-18,1534300.0,1485400.0
2004-05-19,1548200.0,1495800.0
2004-05-20,1550400.0,1490700.0
2004-05-21,1554900.0,1461700.0
2004-05-24,1555800.0,1475300.0
2004-05-25,1537300.0,1475300.0
2004-05-26,1517700.0,1465600.0
2004-05-27,1503500.0,1457700.0
2004-05-28,1526300.0,1453700.0
2004-05-31,1490000.0,1457100.0
2004-06-01,1501300.0,1457100.0
2004-06-02,1501000.0,1427800.0
2004-06-03,1514600.0,1422200.0
2004-06-04,1522400.0,1439100.0
2004-06-07,1502600.0,1448000.0
2004-06-08,1475000.0,1448000.0
2004-06-09,1473700.0,1428100.0
2004-06-10,1484200.0,1414800.0
2004-06-11,1499200.0,1426600.0
2004-06-14,1488300.0,1419000.0
2004-06-15,1509000.0,1419000.0
2004-06-16,1511800.0,1414300.0
2004-06-17,1496800.0,1414700.0
2004-06-18,1496000.0,1417300.0
2004-06-21,1488200.0,1428600.0
2004-06-22,1488600.0,1428600.0
2004-06-23,1485700.0,1415700.0
2004-06-24,1491300.0,1431700.0
2004-06-25,1487300.0,1440600.0
2004-06-28,1494000.0,1443300.0
2004-06-29,1494800.0,1443300.0
2004-06-30,1493000.0,1428200.0
2004-07-01,1485200.0,1415900.0
2004-07-02,1472200.0,1409500.0
2004-07-05,1461800.0,1399100.0
2004-07-06,1443800.0,1399100.0
2004-07-07,1441500.0,1391900.0
2004-07-08,1443900.0,1403200.0
2004-07-09,1447500.0,1403800.0
2004-07-12,1445400.0,1408900.0
2004-07-13,1444500.0,1408900.0
2004-07-14,1438200.0,1392800.0
2004-07-15,1433200.0,1387700.0
2004-07-16,1433400.0,1379100.0
2004-07-19,1435900.0,1386300.0
2004-07-20,1429200.0,1386300.0
2004-07-21,1446300.0,1395800.0
2004-07-22,1452600.0,1389600.0
2004-07-23,1463900.0,1390300.0
2004-07-26,1458500.0,1425800.0
2004-07-27,1482400.0,1425800.0
2004-07-28,1495200.0,1415000.0
2004-07-29,1489700.0,1418700.0
2004-07-30,1474400.0,1439500.0
2004-08-02,1470000.0,1419000.0
2004-08-03,1463800.0,1419000.0
2004-08-04,1476700.0,1440600.0
2004-08-05,1487400.0,1421200.0
2004-08-06,1470800.0,1403900.0
2004-08-09,1468000.0,1412000.0
2004-08-10,1447200.0,1412000.0
2004-08-11,1452000.0,1402100.0
2004-08-12,1461800.0,1403300.0
2004-08-13,1459800.0,1402500.0
2004-08-16,1469200.0,1402000.0
2004-08-17,1458000.0,1402000.0
2004-08-18,1462100.0,1399500.0
2004-08-19,1461400.0,1399700.0
2004-08-20,1465900.0,1405300.0
2004-08-23,1475400.0,1398900.0
2004-08-24,1496700.0,1398900.0
2004-08-25,1509800.0,1393400.0
2004-08-26,1505900.0,1391400.0
2004-08-27,1506800.0,1392400.0
2004-08-30,1504600.0,1406500.0
2004-08-31,1515100.0,1406500.0
2004-09-01,1505700.0,1399300.0
2004-09-02,1505600.0,1391200.0
2004-09-03,1511700.0,1390500.0
2004-09-06,1506100.0,1386600.0
2004-09-07,1510600.0,1386600.0
2004-09-08,1506900.0,1384200.0
2004-09-09,1502800.0,1382000.0
2004-09-10,1490200.0,1384800.0
2004-09-13,1489100.0,1386300.0
2004-09-14,1502900.0,1386300.0
2004-09-15,1502900.0,1374900.0
2004-09-16,1495100.0,1374000.0
2004-09-17,1509400.0,1373200.0
2004-09-20,1512800.0,1372900.0
2004-09-21,1532300.0,1372900.0
2004-09-22,1519600.0,1367800.0
2004-09-23,1511600.0,1355900.0
2004-09-24,1495700.0,1353900.0
2004-09-27,1496400.0,1374700.0
2004-09-28,1496100.0,1374700.0
2004-09-29,1501800.0,1371100.0
2004-09-30,1503900.0,1394000.0
2004-10-01,1501800.0,1397200.0
2004-10-04,1506800.0,1412800.0
2004-10-05,1510900.0,1412800.0
2004-10-06,1505800.0,1393100.0
2004-10-07,1505700.0,1365400.0
2004-10-08,1503700.0,1378300.0
2004-10-11,1498600.0,1386200.0
2004-10-12,1494400.0,1386200.0
2004-10-13,1496700.0,1392100.0
2004-10-14,1487300.0,1408300.0
2004-10-15,1490200.0,1411400.0
2004-10-18,1489700.0,1415600.0
2004-10-19,1481500.0,1415600.0
2004-10-20,1473700.0,1442300.0
2004-10-21,1486700.0,1437800.0
2004-10-22,1484200.0,1452300.0
2004-10-25,1480700.0,1478900.0
2004-10-26,1475200.0,1478900.0
2004-10-27,1482700.0,1482900.0
2004-10-28,1477400.0,1503000.0
2004-10-29,1474900.0,1523200.0
2004-11-01,1474100.0,1491600.0
2004-11-02,1474400.0,1491600.0
2004-11-03,1474900.0,1484600.0
2004-11-04,1464300.0,1474200.0
2004-11-05,1463300.0,1474500.0
2004-11-08,1459400.0,1494100.0
2004-11-09,1455500.0,1494100.0
2004-11-10,1459500.0,1504200.0
2004-11-11,1454700.0,1490200.0
2004-11-12,1461000.0,1488200.0
2004-11-15,1456100.0,1480000.0
2004-11-16,1454700.0,1480000.0
2004-11-17,1457600.0,1472000.0
2004-11-18,1453300.0,1468100.0
2004-11-19,1445100.0,1465200.0
2004-11-22,1441200.0,1482500.0
2004-11-23,1440200.0,1482500.0
2004-11-24,1435200.0,1470200.0
2004-11-25,1427900.0,1471400.0
2004-11-26,1431200.0,1470200.0
2004-11-29,1427000.0,1463100.0
2004-11-30,1431900.0,1463100.0
2004-12-01,1429000.0,1457400.0
2004-12-02,1422000.0,1451800.0
2004-12-03,1420100.0,1458500.0
2004-12-06,1415400.0,1454900.0
2004-12-07,1398100.0,1454900.0
2004-12-08,1397800.0,1451100.0
2004-12-09,1414700.0,1435400.0
2004-12-10,1437400.0,1432500.0
2004-12-13,1437300.0,1445600.0
2004-12-14,1431000.0,1445600.0
2004-12-15,1421600.0,1436000.0
2004-12-16,1418300.0,1432800.0
2004-12-17,1403000.0,1426500.0
2004-12-20,1405400.0,1432800.0
2004-12-21,1387100.0,1432800.0
2004-12-22,1390200.0,1427900.0
2004-12-23,1389900.0,1432600.0
2004-12-24,1379500.0,1429600.0
2004-12-27,1369500.0,1426900.0
2004-12-28,1356500.0,1426900.0
2004-12-29,1350200.0,1426900.0
2004-12-30,1359100.0,1413000.0
2004-12-31,1344500.0,1402500.0
2005-01-03,1348100.0,1402700.0
2005-01-04,?,1402700.0
2005-01-05,?,1397700.0
2005-01-06,?,1377700.0
2005-01-07,?,1375300.0
2005-01-10,?,1366900.0
2005-01-11,?,1366900.0
2005-01-12,?,1359100.0
2005-01-13,?,1334000.0
2005-01-14,?,1337500.0
2005-01-17,?,1338300.0
2005-01-18,?,1338300.0
2005-01-19,?,1338700.0
2005-01-20,?,1353900.0
2005-01-21,?,1338100.0
2005-01-24,?,1323100.0
2005-01-25,?,1323100.0
2005-01-26,?,1327900.0
2005-01-27,?,1321800.0
2005-01-28,?,1322200.0
2005-01-31,?,1342200.0
2005-02-01,?,1342200.0
2005-02-02,?,1344600.0
2005-02-03,?,1339300.0
2005-02-04,?,1338900.0
2005-02-07,?,1327200.0
2005-02-08,?,1327200.0
2005-02-09,?,1350000.0
2005-02-10,?,1344300.0
2005-02-11,?,1344400.0
2005-02-14,?,1317800.0
2005-02-15,?,1317800.0
2005-02-16,?,1317100.0
2005-02-17,?,1327300.0
2005-02-18,?,1322900.0
2005-02-21,?,1324700.0
2005-02-22,?,1324700.0
2005-02-23,?,1326700.0
2005-02-24,?,1327900.0
2005-02-25,?,1326200.0
2005-02-28,?,1333200.0
2005-03-01,?,1323900.0
2005-03-02,?,1319000.0
2005-03-03,?,1319800.0
2005-03-04,?,1333900.0
2005-03-07,?,1328400.0
2005-03-08,?,1324700.0
2005-03-09,?,1321500.0
2005-03-10,?,1316700.0
2005-03-11,?,1318000.0
2005-03-14,?,1325300.0
2005-03-15,?,1319800.0
2005-03-16,?,1315700.0
2005-03-17,?,1318300.0
2005-03-18,?,1322400.0
2005-03-21,?,1327800.0
2005-03-22,?,1315200.0
2005-03-23,?,1319800.0
2005-03-24,?,1322200.0
2005-03-25,?,1319900.0
2005-03-28,?,1325300.0
2005-03-29,?,1320500.0
2005-03-30,?,1320800.0
2005-03-31,?,1321000.0
2005-04-01,?,1318900.0
2005-04-04,?,1310600.0
2005-04-05,?,1306900.0
2005-04-06,?,1315600.0
2005-04-07,?,1312100.0
2005-04-08,?,1325800.0
2005-04-11,?,1342800.0
2005-04-12,?,1342800.0
2005-04-13,?,1342800.0
2005-04-14,?,1359000.0
2005-04-15,?,1345500.0
2005-04-18,?,1381000.0
2005-04-19,?,1361700.0
2005-04-20,?,1355200.0
2005-04-21,?,1369900.0
2005-04-22,?,1388100.0
2005-04-25,?,1388200.0
2005-04-26,?,1383400.0
2005-04-27,?,1376600.0
2005-04-28,?,1417500.0
2005-04-29,?,1419900.0
2005-05-02,?,1449900.0
2005-05-03,?,1421300.0
2005-05-04,?,1459500.0
2005-05-05,?,1445800.0
2005-05-06,?,1439100.0
2005-05-09,?,1460200.0
2005-05-10,?,1485800.0
2005-05-11,?,1540200.0
2005-05-12,?,1547400.0
2005-05-13,?,1527200.0
2005-05-16,?,1546900.0
2005-05-17,?,1537000.0
2005-05-18,?,1534300.0
2005-05-19,?,1548200.0
2005-05-20,?,1550400.0
2005-05-23,?,1554900.0
2005-05-24,?,1555800.0
2005-05-25,?,1537300.0
2005-05-26,?,1517700.0
2005-05-27,?,1503500.0
2005-05-30,?,1526300.0
2005-05-31,?,1490000.0
2005-06-01,?,1501300.0
2005-06-02,?,1501000.0
2005-06-03,?,1514600.0
2005-06-06,?,1522400.0
2005-06-07,?,1502600.0
2005-06-08,?,1475000.0
2005-06-09,?,1473700.0
2005-06-10,?,1484200.0
2005-06-13,?,1499200.0
2005-06-14,?,1488300.0
2005-06-15,?,1509000.0
2005-06-16,?,1511800.0
2005-06-17,?,1496800.0
2005-06-20,?,1496000.0
2005-06-21,?,1488200.0
2005-06-22,?,1488600.0
2005-06-23,?,1485700.0
2005-06-24,?,1491300.0
2005-06-27,?,1487300.0
2005-06-28,?,1494000.0
2005-06-29,?,1494800.0
2005-06-30,?,1493000.0
2005-07-01,?,1485200.0
2005-07-04,?,1472200.0
2005-07-05,?,1461800.0
2005-07-06,?,1443800.0
2005-07-07,?,1441500.0
2005-07-08,?,1443900.0
2005-07-11,?,1447500.0
2005-07-12,?,1445400.0
2005-07-13,?,1444500.0
2005-07-14,?,1438200.0
2005-07-15,?,1433200.0
2005-07-18,?,1433400.0
2005-07-19,?,1435900.0
2005-07-20,?,1429200.0
2005-07-21,?,1446300.0
2005-07-22,?,1452600.0
2005-07-25,?,1463900.0
2005-07-26,?,1458500.0
2005-07-27,?,1482400.0
2005-07-28,?,1495200.0
2005-07-29,?,1489700.0
2005-08-01,?,1474400.0
2005-08-02,?,1470000.0
2005-08-03,?,1463800.0
2005-08-04,?,1476700.0
2005-08-05,?,1487400.0
2005-08-08,?,1470800.0
2005-08-09,?,1468000.0
2005-08-10,?,1447200.0
2005-08-11,?,1452000.0
2005-08-12,?,1461800.0
2005-08-15,?,1459800.0
2005-08-16,?,1469200.0
2005-08-17,?,1458000.0
2005-08-18,?,1462100.0
2005-08-19,?,1461400.0
2005-08-22,?,1465900.0
2005-08-23,?,1475400.0
2005-08-24,?,1496700.0
2005-08-25,?,1509800.0
2005-08-26,?,1505900.0
2005-08-29,?,1506800.0
2005-08-30,?,1504600.0
2005-08-31,?,1515100.0
2005-09-01,?,1505700.0
2005-09-02,?,1505600.0
2005-09-05,?,1511700.0
2005-09-06,?,1506100.0
2005-09-07,?,1510600.0
2005-09-08,?,1506900.0
2005-09-09,?,1502800.0
2005-09-12,?,1490200.0
2005-09-13,?,1489100.0
2005-09-14,?,1502900.0
2005-09-15,?,1502900.0
2005-09-16,?,1495100.0
2005-09-19,?,1509400.0
2005-09-20,?,1512800.0
2005-09-21,?,1532300.0
2005-09-22,?,1519600.0
2005-09-23,?,1511600.0
2005-09-26,?,1495700.0
2005-09-27,?,1496400.0
2005-09-28,?,1496100.0
2005-09-29,?,1501800.0
2005-09-30,?,1503900.0
2005-10-03,?,1501800.0
2005-10-04,?,1506800.0
2005-10-05,?,1510900.0
2005-10-06,?,1505800.0
2005-10-07,?,1505700.0
2005-10-10,?,1503700.0
2005-10-11,?,1498600.0
2005-10-12,?,1494400.0
2005-10-13,?,1496700.0
2005-10-14,?,1487300.0
2005-10-17,?,1490200.0
2005-10-18,?,1489700.0
2005-10-19,?,1481500.0
2005-10-20,?,1473700.0
2005-10-21,?,1486700.0
2005-10-24,?,1484200.0
2005-10-25,?,1480700.0
2005-10-26,?,1475200.0
2005-10-27,?,1482700.0
2005-10-28,?,1477400.0
2005-10-31,?,1474900.0
2005-11-01,?,1474100.0
2005-11-02,?,1474400.0
2005-11-03,?,1474900.0
2005-11-04,?,1464300.0
2005-11-07,?,1463300.0
2005-11-08,?,1459400.0
2005-11-09,?,1455500.0
2005-11-10,?,1459500.0
2005-11-11,?,1454700.0
2005-11-14,?,1461000.0
2005-11-15,?,1456100.0
2005-11-16,?,1454700.0
2005-11-17,?,1457600.0
2005-11-18,?,1453300.0
2005-11-21,?,1445100.0
2005-11-22,?,1441200.0
2005-11-23,?,1440200.0
2005-11-24,?,1435200.0
2005-11-25,?,1427900.0
2005-11-28,?,1431200.0
2005-11-29,?,1427000.0
2005-11-30,?,1431900.0
2005-12-01,?,1429000.0
2005-12-02,?,1422000.0
2005-12-05,?,1420100.0
2005-12-06,?,1415400.0
2005-12-07,?,1398100.0
2005-12-08,?,1397800.0
2005-12-09,?,1414700.0
2005-12-12,?,1437400.0
2005-12-13,?,1437300.0
2005-12-14,?,1431000.0
2005-12-15,?,1421600.0
2005-12-16,?,1418300.0
2005-12-19,?,1403000.0
2005-12-20,?,1405400.0
2005-12-21,?,1387100.0
2005-12-22,?,1390200.0
2005-12-23,?,1389900.0
2005-12-26,?,1379500.0
2005-12-27,?,1369500.0
2005-12-28,?,1356500.0
2005-12-29,?,1350200.0
2005-12-30,?,1359100.0
2006-01-02,?,1344500.0
2006-01-03,?,1348100.0
2006-01-04,?,?
2006-01-05,?,?
2006-01-06,?,?
2006-01-09,?,?
2006-01-10,?,?
2006-01-11,?,?
2006-01-12,?,?
2006-01-13,?,?
2006-01-16,?,?
2006-01-17,?,?
2006-01-18,?,?
2006-01-19,?,?
2006-01-20,?,?
2006-01-23,?,?
2006-01-24,?,?
2006-01-25,?,?
2006-01-26,?,?
2006-01-27,?,?
2006-01-30,?,?
2006-01-31,?,?
2006-02-01,?,?
2006-02-02,?,?
2006-02-03,?,?
2006-02-06,?,?
2006-02-07,?,?
2006-02-08,?,?
2006-02-09,?,?
2006-02-10,?,?
2006-02-13,?,?
2006-02-14,?,?
2006-02-15,?,?
2006-02-16,?,?
2006-02-17,?,?
2006-02-20,?,?
2006-02-21,?,?
2006-02-22,?,?
2006-02-23,?,?
2006-02-24,?,?
2006-02-27,?,?
2006-02-28,?,?
2006-03-01,?,?
2006-03-02,?,?
2006-03-03,?,?
2006-03-06,?,?
2006-03-07,?,?
2006-03-08,?,?
2006-03-09,?,?
2006-03-10,?,?
2006-03-13,?,?
2006-03-14,?,?
2006-03-15,?,?
2006-03-16,?,?
2006-03-17,?,?
2006-03-20,?,?
2006-03-21,?,?
2006-03-22,?,?
2006-03-23,?,?
2006-03-24,?,?
2006-03-27,?,?
2006-03-28,?,?
2006-03-29,?,?
2006-03-30,?,?
2006-03-31,?,?
2006-04-03,?,?
2006-04-04,?,?
2006-04-05,?,?
2006-04-06,?,?
2006-04-07,?,?
2006-04-10,?,?
2006-04-11,?,?
2006-04-12,?,?
2006-04-13,?,?
2006-04-14,?,?
2006-04-17,?,?
2006-04-18,?,?
2006-04-19,?,?
2006-04-20,?,?
2006-04-21,?,?
2006-04-24,?,?
2006-04-25,?,?
2006-04-26,?,?
2006-04-27,?,?
2006-04-28,?,?
2006-05-01,?,?
2006-05-02,?,?
2006-05-03,?,?
2006-05-04,?,?
2006-05-05,?,?
2006-05-08,?,?
2006-05-09,?,?
2006-05-10,?,?
2006-05-11,?,?
2006-05-12,?,?
2006-05-15,?,?
2006-05-16,?,?
2006-05-17,?,?
2006-05-18,?,?
2006-05-19,?,?
2006-05-22,?,?
2006-05-23,?,?
2006-05-24,?,?
2006-05-25,?,?
2006-05-26,?,?
2006-05-29,?,?
2006-05-30,?,?
2006-05-31,?,?
2006-06-01,?,?
2006-06-02,?,?
2006-06-05,?,?
2006-06-06,?,?
2006-06-07,?,?
2006-06-08,?,?
2006-06-09,?,?
2006-06-12,?,?
2006-06-13,?,?
2006-06-14,?,?
2006-06-15,?,?
2006-06-16,?,?
2006-06-19,?,?
2006-06-20,?,?
2006-06-21,?,?
2006-06-22,?,?
2006-06-23,?,?
2006-06-26,?,?
2006-06-27,?,?
2006-06-28,?,?
2006-06-29,?,?
2006-06-30,?,?
2006-07-03,?,?
2006-07-04,?,?
2006-07-05,?,?
2006-07-06,?,?
2006-07-07,?,?
2006-07-10,?,?
2006-07-11,?,?
2006-07-12,?,?
2006-07-13,?,?
2006-07-14,?,?
2006-07-17,?,?
2006-07-18,?,?
2006-07-19,?,?
2006-07-20,?,?
2006-07-21,?,?
2006-07-24,?,?
2006-07-25,?,?
2006-07-26,?,?
2006-07-27,?,?
2006-07-28,?,?
2006-07-31,?,?
2006-08-01,?,?
2006-08-02,?,?
2006-08-03,?,?
2006-08-04,?,?
2006-08-07,?,?
2006-08-08,?,?
2006-08-09,?,?
2006-08-10,?,?
2006-08-11,?,?
2006-08-14,?,?
2006-08-15,?,?
2006-08-16,?,?
2006-08-17,?,?
2006-08-18,?,?
2006-08-21,?,?
2006-08-22,?,?
2006-08-23,?,?
2006-08-24,?,?
2006-08-25,?,?
2006-08-28,?,?
2006-08-29,?,?
2006-08-30,?,?
2006-08-31,?,?
2006-09-01,?,?
2006-09-04,?,?
2006-09-05,?,?
2006-09-06,?,?
2006-09-07,?,?
2006-09-08,?,?
2006-09-11,?,?
2006-09-12,?,?
2006-09-13,?,?
2006-09-14,?,?
2006-09-15,?,?
2006-09-18,?,?
2006-09-19,?,?
2006-09-20,?,?
2006-09-21,?,?
2006-09-22,?,?
2006-09-25,?,?
2006-09-26,?,?
2006-09-27,?,?
2006-09-28,?,?
2006-09-29,?,?
2006-10-02,?,?
2006-10-03,?,?
2006-10-04,?,?
2006-10-05,?,?
2006-10-06,?,?
2006-10-09,?,?
2006-10-10,?,?
2006-10-11,?,?
2006-10-12,?,?
2006-10-13,?,?
2006-10-16,?,?
2006-10-17,?,?
2006-10-18,?,?
2006-10-19,?,?
2006-10-20,?,?
2006-10-23,?,?
2006-10-24,?,?
2006-10-25,?,?
2006-10-26,?,?
2006-10-27,?,?
2006-10-30,?,?
2006-10-31,?,?
2006-11-01,?,?
2006-11-02,?,?
2006-11-03,?,?
2006-11-06,?,?
2006-11-07,?,?
2006-11-08,?,?
2006-11-09,?,?
2006-11-10,?,?
2006-11-13,?,?
2006-11-14,?,?
2006-11-15,?,?
2006-11-16,?,?
2006-11-17,?,?
2006-11-20,?,?
2006-11-21,?,?
2006-11-22,?,?
2006-11-23,?,?
2006-11-24,?,?
2006-11-27,?,?
2006-11-28,?,?
2006-11-29,?,?
2006-11-30,?,?
2006-12-01,?,?
2006-12-04,?,?
2006-12-05,?,?
2006-12-06,?,?
2006-12-07,?,?
2006-12-08,?,?
2006-12-11,?,?
2006-12-12,?,?
2006-12-13,?,?
2006-12-14,?,?
2006-12-15,?,?
2006-12-18,?,?
2006-12-19,?,?
2006-12-20,?,?
2006-12-21,?,?
2006-12-22,?,?
2006-12-25,?,?
2006-12-26,?,?
2006-12-27,?,?
2006-12-28,?,?
2006-12-29,?,?
2007-01-01,?,?
2007-01-02,?,?
2007-01-03,?,?
2007-01-04,?,?
2007-01-05,?,?
2007-01-08,?,?
2007-01-09,?,?
2007-01-10,?,?
2007-01-11,?,?
2007-01-12,?,?
2007-01-15,?,?
2007-01-16,?,?
2007-01-17,?,?
2007-01-18,?,?
2007-01-19,?,?
2007-01-22,?,?
2007-01-23,?,?
2007-01-24,?,?
2007-01-25,?,?
2007-01-26,?,?
2007-01-29,?,?
2007-01-30,?,?
2007-01-31,?,?
2007-02-01,?,?
2007-02-02,?,?
2007-02-05,?,?
2007-02-06,?,?
2007-02-07,?,?
2007-02-08,?,?
2007-02-09,?,?
2007-02-12,?,?
2007-02-13,?,?
2007-02-14,?,?
2007-02-15,?,?
2007-02-16,?,?
2007-02-19,?,?
2007-02-20,?,?
2007-02-21,?,?
2007-02-22,?,?
2007-02-23,?,?
2007-02-26,?,?
2007-02-27,?,?
2007-02-28,?,?
2007-03-01,?,?
2007-03-02,?,?
2007-03-05,?,?
2007-03-06,?,?
2007-03-07,?,?
2007-03-08,?,?
2007-03-09,?,?
2007-03-12,?,?
2007-03-13,?,?
2007-03-14,?,?
2007-03-15,?,?
2007-03-16,?,?
2007-03-19,?,?
2007-03-20,?,?
2007-03-21,?,?
2007-03-22,?,?
2007-03-23,?,?
2007-03-26,?,?
2007-03-27,?,?
2007-03-28,?,?
2007-03-29,?,?
2007-03-30,?,?
2007-04-02,?,?
2007-04-03,?,?
2007-04-04,?,?
2007-04-05,?,?
2007-04-06,?,?
2007-04-09,?,?
2007-04-10,?,?
2007-04-11,?,?
2007-04-12,?,?
2007-04-13,?,?
2007-04-16,?,?
2007-04-17,?,?
2007-04-18,?,?
2007-04-19,?,?
2007-04-20,?,?
2007-04-23,?,?
2007-04-24,?,?
2007-04-25,?,?
2007-04-26,?,?
2007-04-27,?,?
2007-04-30,?,?
2007-05-01,?,?
2007-05-02,?,?
2007-05-03,?,?
2007-05-04,?,?
2007-05-07,?,?
2007-05-08,?,?
2007-05-09,?,?
2007-05-10,?,?
2007-05-11,?,?
2007-05-14,?,?
2007-05-15,?,?
2007-05-16,?,?
2007-05-17,?,?
2007-05-18,?,?
2007-05-21,?,?
2007-05-22,?,?
2007-05-23,?,?
2007-05-24,?,?
2007-05-25,?,?
2007-05-28,?,?
2007-05-29,?,?
2007-05-30,?,?
2007-05-31,?,?
2007-06-01,?,?
2007-06-04,?,?
2007-06-05,?,?
2007-06-06,?,?
2007-06-07,?,?
2007-06-08,?,?
2007-06-11,?,?
2007-06-12,?,?
2007-06-13,?,?
2007-06-14,?,?
2007-06-15,?,?
2007-06-18,?,?
2007-06-19,?,?
2007-06-20,?,?
2007-06-21,?,?
2007-06-22,?,?
2007-06-25,?,?
2007-06-26,?,?
2007-06-27,?,?
2007-06-28,?,?
2007-06-29,?,?
2007-07-02,?,?
2007-07-03,?,?
2007-07-04,?,?
2007-07-05,?,?
2007-07-06,?,?
2007-07-09,?,?
2007-07-10,?,?
2007-07-11,?,?
2007-07-12,?,?
2007-07-13,?,?
2007-07-16,?,?
2007-07-17,?,?
2007-07-18,?,?
2007-07-19,?,?
2007-07-20,?,?
2007-07-23,?,?
2007-07-24,?,?
2007-07-25,?,?
2007-07-26,?,?
2007-07-27,?,?
2007-07-30,?,?
2007-07-31,?,?
2007-08-01,?,?
2007-08-02,?,?
2007-08-03,?,?
2007-08-06,?,?
2007-08-07,?,?
2007-08-08,?,?
2007-08-09,?,?
2007-08-10,?,?
2007-08-13,?,?
2007-08-14,?,?
2007-08-15,?,?
2007-08-16,?,?
2007-08-17,?,?
2007-08-20,?,?
2007-08-21,?,?
2007-08-22,?,?
2007-08-23,?,?
2007-08-24,?,?
2007-08-27,?,?
2007-08-28,?,?
2007-08-29,?,?
2007-08-30,?,?
2007-08-31,?,?
2007-09-03,?,?
2007-09-04,?,?
2007-09-05,?,?
2007-09-06,?,?
2007-09-07,?,?
2007-09-10,?,?
2007-09-11,?,?
2007-09-12,?,?
2007-09-13,?,?
2007-09-14,?,?
2007-09-17,?,?
2007-09-18,?,?
2007-09-19,?,?
2007-09-20,?,?
2007-09-21,?,?
2007-09-24,?,?
2007-09-25,?,?
2007-09-26,?,?
2007-09-27,?,?
2007-09-28,?,?
2007-10-01,?,?
2007-10-02,?,?
2007-10-03,?,?
2007-10-04,?,?
2007-10-05,?,?
2007-10-08,?,?
2007-10-09,?,?
2007-10-10,?,?
2007-10-11,?,?
2007-10-12,?,?
2007-10-15,?,?
2007-10-16,?,?
2007-10-17,?,?
2007-10-18,?,?
2007-10-19,?,?
2007-10-22,?,?
2007-10-23,?,?
2007-10-24,?,?
2007-10-25,?,?
2007-10-26,?,?
2007-10-29,?,?
2007-10-30,?,?
2007-10-31,?,?
2007-11-01,?,?
2007-11-02,?,?
2007-11-05,?,?
2007-11-06,?,?
2007-11-07,?,?
2007-11-08,?,?
2007-11-09,?,?
2007-11-12,?,?
2007-11-13,?,?
2007-11-14,?,?
2007-11-15,?,?
2007-11-16,?,?
2007-11-19,?,?
2007-11-20,?,?
2007-11-21,?,?
2007-11-22,?,?
2007-11-23,?,?
2007-11-26,?,?
2007-11-27,?,?
2007-11-28,?,?
2007-11-29,?,?
2007-11-30,?,?
2007-12-03,?,?
2007-12-04,?,?
2007-12-05,?,?
2007-12-06,?,?
2007-12-07,?,?
2007-12-10,?,?
2007-12-11,?,?
2007-12-12,?,?
2007-12-13,?,?
2007-12-14,?,?
2007-12-17,?,?
2007-12-18,?,?
2007-12-19,?,?
2007-12-20,?,?
2007-12-21,?,?
2007-12-24,?,?
2007-12-25,?,?
2007-12-26,?,?
2007-12-27,?,?
2007-12-28,?,?
2007-12-31,?,?
2008-01-01,?,?
2008-01-02,?,?
2008-01-03,?,?
2008-01-04,?,?
2008-01-07,?,?
2008-01-08,?,?
2008-01-09,?,?
2008-01-10,?,?
2008-01-11,?,?
2008-01-14,?,?
2008-01-15,?,?
2008-01-16,?,?
2008-01-17,?,?
2008-01-18,?,?
2008-01-21,?,?
2008-01-22,?,?
2008-01-23,?,?
2008-01-24,?,?
2008-01-25,?,?
2008-01-28,?,?
2008-01-29,?,?
2008-01-30,?,?
2008-01-31,?,?
2008-02-01,?,?
2008-02-04,?,?
2008-02-05,?,?
2008-02-06,?,?
2008-02-07,?,?
2008-02-08,?,?
2008-02-11,?,?
2008-02-12,?,?
2008-02-13,?,?
2008-02-14,?,?
2008-02-15,?,?
2008-02-18,?,?
2008-02-19,?,?
2008-02-20,?,?
2008-02-21,?,?
2008-02-22,?,?
2008-02-25,?,?
2008-02-26,?,?
2008-02-27,?,?
2008-02-28,?,?
2008-02-29,?,?
2008-03-03,?,?
2008-03-04,?,?
2008-03-05,?,?
2008-03-06,?,?
2008-03-07,?,?
2008-03-10,?,?
2008-03-11,?,?
2008-03-12,?,?
2008-03-13,?,?
2008-03-14,?,?
2008-03-17,?,?
2008-03-18,?,?
2008-03-19,?,?
2008-03-20,?,?
2008-03-21,?,?
2008-03-24,?,?
2008-03-25,?,?
2008-03-26,?,?
2008-03-27,?,?
2008-03-28,?,?
2008-03-31,?,?
2008-04-01,?,?
2008-04-02,?,?
2008-04-03,?,?
2008-04-04,?,?
2008-04-07,?,?
2008-04-08,?,?
2008-04-09,?,?
2008-04-10,?,?
2008-04-11,?,?
2008-04-14,?,?
2008-04-15,?,?
2008-04-16,?,?
2008-04-17,?,?
2008-04-18,?,?
2008-04-21,?,?
2008-04-22,?,?
2008-04-23,?,?
2008-04-24,?,?
2008-04-25,?,?
2008-04-28,?,?
2008-04-29,?,?
2008-04-30,?,?
2008-05-01,?,?
2008-05-02,?,?
2008-05-05,?,?
2008-05-06,?,?
2008-05-07,?,?
2008-05-08,?,?
2008-05-09,?,?
2008-05-12,?,?
2008-05-13,?,?
2008-05-14,?,?
2008-05-15,?,?
2008-05-16,?,?
2008-05-19,?,?
2008-05-20,?,?
2008-05-21,?,?
2008-05-22,?,?
2008-05-23,?,?
2008-05-26,?,?
2008-05-27,?,?
2008-05-28,?,?
2008-05-29,?,?
2008-05-30,?,?
2008-06-02,?,?
2008-06-03,?,?
2008-06-04,?,?
2008-06-05,?,?
2008-06-06,?,?
2008-06-09,?,?
2008-06-10,?,?
2008-06-11,?,?
2008-06-12,?,?
2008-06-13,?,?
2008-06-16,?,?
2008-06-17,?,?
2008-06-18,?,?
2008-06-19,?,?
2008-06-20,?,?
2008-06-23,?,?
2008-06-24,?,?
2008-06-25,?,?
2008-06-26,?,?
2008-06-27,?,?
2008-06-30,?,?
2008-07-01,?,?
2008-07-02,?,?
2008-07-03,?,?
2008-07-04,?,?
2008-07-07,?,?
2008-07-08,?,?
2008-07-09,?,?
2008-07-10,?,?
2008-07-11,?,?
2008-07-14,?,?
2008-07-15,?,?
2008-07-16,?,?
2008-07-17,?,?
2008-07-18,?,?
2008-07-21,?,?
2008-07-22,?,?
2008-07-23,?,?
2008-07-24,?,?
2008-07-25,?,?
2008-07-28,?,?
2008-07-29,?,?
2008-07-30,?,?
2008-07-31,?,?
2008-08-01,?,?
2008-08-04,?,?
2008-08-05,?,?
2008-08-06,?,?
2008-08-07,?,?
2008-08-08,?,?
2008-08-11,?,?
2008-08-12,?,?
2008-08-13,?,?
2008-08-14,?,?
2008-08-15,?,?
2008-08-18,?,?
2008-08-19,?,?
2008-08-20,?,?
2008-08-21,?,?
2008-08-22,?,?
2008-08-25,?,?
2008-08-26,?,?
2008-08-27,?,?
2008-08-28,?,?
2008-08-29,?,?
2008-09-01,?,?
2008-09-02,?,?
2008-09-03,?,?
2008-09-04,?,?
2008-09-05,?,?
2008-09-08,?,?
2008-09-09,?,?
2008-09-10,?,?
2008-09-11,?,?
2008-09-12,?,?
2008-09-15,?,?
2008-09-16,?,?
2008-09-17,?,?
2008-09-18,?,?
2008-09-19,?,?
2008-09-22,?,?
2008-09-23,?,?
2008-09-24,?,?
2008-09-25,?,?
2008-09-26,?,?
2008-09-29,?,?
2008-09-30,?,?
2008-10-01,?,?
2008-10-02,?,?
2008-10-03,?,?
2008-10-06,?,?
2008-10-07,?,?
2008-10-08,?,?
2008-10-09,?,?
2008-10-10,?,?
2008-10-13,?,?
2008-10-14,?,?
2008-10-15,?,?
2008-10-16,?,?
2008-10-17,?,?
2008-10-20,?,?
2008-10-21,?,?
2008-10-22,?,?
2008-10-23,?,?
2008-10-24,?,?
2008-10-27,?,?
2008-10-28,?,?
2008-10-29,?,?
2008-10-30,?,?
2008-10-31,?,?
2008-11-03,?,?
2008-11-04,?,?
2008-11-05,?,?
2008-11-06,?,?
2008-11-07,?,?
2008-11-10,?,?
2008-11-11,?,?
2008-11-12,?,?
2008-11-13,?,?
2008-11-14,?,?
2008-11-17,?,?
2008-11-18,?,?
2008-11-19,?,?
2008-11-20,?,?
2008-11-21,?,?
2008-11-24,?,?
2008-11-25,?,?
2008-11-26,?,?
2008-11-27,?,?
2008-11-28,?,?
2008-12-01,?,?
2008-12-02,?,?
2008-12-03,?,?
2008-12-04,?,?
2008-12-05,?,?
2008-12-08,?,?
2008-12-09,?,?
2008-12-10,?,?
2008-12-11,?,?
2008-12-12,?,?
2008-12-15,?,?
2008-12-16,?,?
2008-12-17,?,?
2008-12-18,?,?
2008-12-19,?,?
2008-12-22,?,?
2008-12-23,?,?
2008-12-24,?,?
2008-12-25,?,?
2008-12-26,?,?
2008-12-29,?,?
2008-12-30,?,?
2008-12-31,?,?
2009-01-01,?,?
2009-01-02,?,?
2009-01-05,?,?
2009-01-06,?,?
2009-01-07,?,?
2009-01-08,?,?
2009-01-09,?,?
2009-01-12,?,?
2009-01-13,?,?
2009-01-14,?,?
2009-01-15,?,?
2009-01-16,?,?
2009-01-19,?,?
2009-01-20,?,?
2009-01-21,?,?
2009-01-22,?,?
2009-01-23,?,?
2009-01-26,?,?
2009-01-27,?,?
2009-01-28,?,?
2009-01-29,?,?
2009-01-30,?,?
2009-02-02,?,?
2009-02-03,?,?
2009-02-04,?,?
2009-02-05,?,?
2009-02-06,?,?
2009-02-09,?,?
2009-02-10,?,?
2009-02-11,?,?
2009-02-12,?,?
2009-02-13,?,?
2009-02-16,?,?
2009-02-17,?,?
2009-02-18,?,?
2009-02-19,?,?
2009-02-20,?,?
2009-02-23,?,?
2009-02-24,?,?
2009-02-25,?,?
2009-02-26,?,?
2009-02-27,?,?
2009-03-02,?,?
2009-03-03,?,?
2009-03-04,?,?
2009-03-05,?,?
2009-03-06,?,?
2009-03-09,?,?
2009-03-10,?,?
2009-03-11,?,?
2009-03-12,?,?
2009-03-13,?,?
2009-03-16,?,?
2009-03-17,?,?
2009-03-18,?,?
2009-03-19,?,?
2009-03-20,?,?
2009-03-23,?,?
2009-03-24,?,?
2009-03-25,?,?
2009-03-26,?,?
2009-03-27,?,?
2009-03-30,?,?
2009-03-31,?,?
2009-04-01,?,?
2009-04-02,?,?
2009-04-03,?,?
2009-04-06,?,?
2009-04-07,?,?
2009-04-08,?,?
2009-04-09,?,?
2009-04-10,?,?
2009-04-13,?,?
2009-04-14,?,?
2009-04-15,?,?
2009-04-16,?,?
2009-04-17,?,?
2009-04-20,?,?
2009-04-21,?,?
2009-04-22,?,?
2009-04-23,?,?
2009-04-24,?,?
2009-04-27,?,?
2009-04-28,?,?
2009-04-29,?,?
2009-04-30,?,?
2009-05-01,?,?
2009-05-04,?,?
2009-05-05,?,?
2009-05-06,?,?
2009-05-07,?,?
2009-05-08,?,?
2009-05-11,?,?
2009-05-12,?,?
2009-05-13,?,?
2009-05-14,?,?
2009-05-15,?,?
2009-05-18,?,?
2009-05-19,?,?
2009-05-20,?,?
2009-05-21,?,?
2009-05-22,?,?
2009-05-25,?,?
2009-05-26,?,?
2009-05-27,?,?
2009-05-28,?,?
2009-05-29,?,?
2009-06-01,?,?
2009-06-02,?,?
2009-06-03,?,?
2009-06-04,?,?
2009-06-05,?,?
2009-06-08,?,?
2009-06-09,?,?
2009-06-10,?,?
2009-06-11,?,?
2009-06-12,?,?
2009-06-15,?,?
2009-06-16,?,?
2009-06-17,?,?
2009-06-18,?,?
2009-06-19,?,?
2009-06-22,?,?
2009-06-23,?,?
2009-06-24,?,?
2009-06-25,?,?
2009-06-26,?,?
2009-06-29,?,?
2009-06-30,?,?
2009-07-01,?,?
2009-07-02,?,?
2009-07-03,?,?
2009-07-06,?,?
2009-07-07,?,?
2009-07-08,?,?
2009-07-09,?,?
2009-07-10,?,?
2009-07-13,?,?
2009-07-14,?,?
2009-07-15,?,?
2009-07-16,?,?
2009-07-17,?,?
2009-07-20,?,?
2009-07-21,?,?
2009-07-22,?,?
2009-07-23,?,?
2009-07-24,?,?
2009-07-27,?,?
2009-07-28,?,?
2009-07-29,?,?
2009-07-30,?,?
2009-07-31,?,?
2009-08-03,?,?
2009-08-04,?,?
2009-08-05,?,?
2009-08-06,?,?
2009-08-07,?,?
2009-08-10,?,?
2009-08-11,?,?
2009-08-12,?,?
2009-08-13,?,?
2009-08-14,?,?
2009-08-17,?,?
2009-08-18,?,?
2009-08-19,?,?
2009-08-20,?,?
2009-08-21,?,?
2009-08-24,?,?
2009-08-25,?,?
2009-08-26,?,?
2009-08-27,?,?
2009-08-28,?,?
2009-08-31,?,?
2009-09-01,?,?
2009-09-02,?,?
2009-09-03,?,?
2009-09-04,?,?
2009-09-07,?,?
2009-09-08,?,?
2009-09-09,?,?
2009-09-10,?,?
2009-09-11,?,?
2009-09-14,?,?
2009-09-15,?,?
2009-09-16,?,?
2009-09-17,?,?
2009-09-18,?,?
2009-09-21,?,?
2009-09-22,?,?
2009-09-23,?,?
2009-09-24,?,?
2009-09-25,?,?
2009-09-28,?,?
2009-09-29,?,?
2009-09-30,?,?
2009-10-01,?,?
2009-10-02,?,?
2009-10-05,?,?
2009-10-06,?,?
2009-10-07,?,?
2009-10-08,?,?
2009-10-09,?,?
2009-10-12,?,?
2009-10-13,?,?
2009-10-14,?,?
2009-10-15,?,?
2009-10-16,?,?
2009-10-19,?,?
2009-10-20,?,?
2009-10-21,?,?
2009-10-22,?,?
2009-10-23,?,?
2009-10-26,?,?
2009-10-27,?,?
2009-10-28,?,?
2009-10-29,?,?
2009-10-30,?,?
2009-11-02,?,?
2009-11-03,?,?
2009-11-04,?,?
2009-11-05,?,?
2009-11-06,?,?
2009-11-09,?,?
2009-11-10,?,?
2009-11-11,?,?
2009-11-12,?,?
2009-11-13,?,?
2009-11-16,?,?
2009-11-17,?,?
2009-11-18,?,?
2009-11-19,?,?
2009-11-20,?,?
2009-11-23,?,?
2009-11-24,?,?
2009-11-25,?,?
2009-11-26,?,?
2009-11-27,?,?
2009-11-30,?,?
2009-12-01,?,?
2009-12-02,?,?
2009-12-03,?,?
2009-12-04,?,?
2009-12-07,?,?
2009-12-08,?,?
2009-12-09,?,?
2009-12-10,?,?
2009-12-11,?,?
2009-12-14,?,?
2009-12-15,?,?
2009-12-16,?,?
2009-12-17,?,?
2009-12-18,?,?
2009-12-21,?,?
2009-12-22,?,?
2009-12-23,?,?
2009-12-24,?,?
2009-12-25,?,?
2009-12-28,?,?
2009-12-29,?,?
2009-12-30,?,?
2009-12-31,?,?
2010-01-01,?,?
2010-01-04,?,?
2010-01-05,?,?
2010-01-06,?,?
2010-01-07,?,?
2010-01-08,?,?
2010-01-11,?,?
2010-01-12,?,?
2010-01-13,?,?
2010-01-14,?,?
2010-01-15,?,?
2010-01-18,?,?
2010-01-19,?,?
2010-01-20,?,?
2010-01-21,?,?
2010-01-22,?,?
2010-01-25,?,?
2010-01-26,?,?
2010-01-27,?,?
2010-01-28,?,?
2010-01-29,?,?
2010-02-01,?,?
2010-02-02,?,?
2010-02-03,?,?
2010-02-04,?,?
2010-02-05,?,?
2010-02-08,?,?
2010-02-09,?,?
2010-02-10,?,?
2010-02-11,?,?
2010-02-12,?,?
2010-02-15,?,?
2010-02-16,?,?
2010-02-17,?,?
2010-02-18,?,?
2010-02-19,?,?
2010-02-22,?,?
2010-02-23,?,?
2010-02-24,?,?
2010-02-25,?,?
2010-02-26,?,?
2010-03-01,?,?
2010-03-02,?,?
2010-03-03,?,?
2010-03-04,?,?
2010-03-05,?,?
2010-03-08,?,?
2010-03-09,?,?
2010-03-10,?,?
2010-03-11,?,?
2010-03-12,?,?
2010-03-15,?,?
2010-03-16,?,?
2010-03-17,?,?
2010-03-18,?,?
2010-03-19,?,?
2010-03-22,?,?
2010-03-23,?,?
2010-03-24,?,?
2010-03-25,?,?
2010-03-26,?,?
2010-03-29,?,?
2010-03-30,?,?
2010-03-31,?,?
2010-04-01,?,?
2010-04-02,?,?
2010-04-05,?,?
2010-04-06,?,?
2010-04-07,?,?
2010-04-08,?,?
2010-04-09,?,?
2010-04-12,?,?
2010-04-13,?,?
2010-04-14,?,?
2010-04-15,?,?
2010-04-16,?,?
2010-04-19,?,?
2010-04-20,?,?
2010-04-21,?,?
2010-04-22,?,?
2010-04-23,?,?
2010-04-26,?,?
2010-04-27,?,?
2010-04-28,?,?
2010-04-29,?,?
2010-04-30,?,?
2010-05-03,?,?
2010-05-04,?,?
2010-05-05,?,?
2010-05-06,?,?
2010-05-07,?,?
2010-05-10,?,?
2010-05-11,?,?
2010-05-12,?,?
2010-05-13,?,?
2010-05-14,?,?
2010-05-17,?,?
2010-05-18,?,?
2010-05-19,?,?
2010-05-20,?,?
2010-05-21,?,?
2010-05-24,?,?
2010-05-25,?,?
2010-05-26,?,?
2010-05-27,?,?
2010-05-28,?,?
2010-05-31,?,?
2010-06-01,?,?
2010-06-02,?,?
2010-06-03,?,?
2010-06-04,?,?
2010-06-07,?,?
2010-06-08,?,?
2010-06-09,?,?
2010-06-10,?,?
2010-06-11,?,?
2010-06-14,?,?
2010-06-15,?,?
2010-06-16,?,?
2010-06-17,?,?
2010-06-18,?,?
2010-06-21,?,?
2010-06-22,?,?
2010-06-23,?,?
2010-06-24,?,?
2010-06-25,?,?
2010-06-28,?,?
2010-06-29,?,?
2010-06-30,?,?
2010-07-01,?,?
2010-07-02,?,?
2010-07-05,?,?
2010-07-06,?,?
2010-07-07,?,?
2010-07-08,?,?
2010-07-09,?,?
2010-07-12,?,?
2010-07-13,?,?
2010-07-14,?,?
2010-07-15,?,?
2010-07-16,?,?
2010-07-19,?,?
2010-07-20,?,?
2010-07-21,?,?
2010-07-22,?,?
2010-07-23,?,?
2010-07-26,?,?
2010-07-27,?,?
2010-07-28,?,?
2010-07-29,?,?
2010-07-30,?,?
2010-08-02,?,?
2010-08-03,?,?
2010-08-04,?,?
2010-08-05,?,?
2010-08-06,?,?
2010-08-09,?,?
2010-08-10,?,?
2010-08-11,?,?
2010-08-12,?,?
2010-08-13,?,?
2010-08-16,?,?
2010-08-17,?,?
2010-08-18,?,?
2010-08-19,?,?
2010-08-20,?,?
2010-08-23,?,?
2010-08-24,?,?
2010-08-25,?,?
2010-08-26,?,?
2010-08-27,?,?
2010-08-30,?,?
2010-08-31,?,?
2010-09-01,?,?
2010-09-02,?,?
2010-09-03,?,?
2010-09-06,?,?
2010-09-07,?,?
2010-09-08,?,?
2010-09-09,?,?
2010-09-10,?,?
2010-09-13,?,?
2010-09-14,?,?
2010-09-15,?,?
2010-09-16,?,?
2010-09-17,?,?
2010-09-20,?,?
2010-09-21,?,?
2010-09-22,?,?
2010-09-23,?,?
2010-09-24,?,?
2010-09-27,?,?
2010-09-28,?,?
2010-09-29,?,?
2010-09-30,?,?
2010-10-01,?,?
2010-10-04,?,?
2010-10-05,?,?
2010-10-06,?,?
2010-10-07,?,?
2010-10-08,?,?
2010-10-11,?,?
2010-10-12,?,?
2010-10-13,?,?
2010-10-14,?,?
2010-10-15,?,?
2010-10-18,?,?
2010-10-19,?,?
2010-10-20,?,?
2010-10-21,?,?
2010-10-22,?,?
2010-10-25,?,?
2010-10-26,?,?
2010-10-27,?,?
2010-10-28,?,?
2010-10-29,?,?
2010-11-01,?,?
2010-11-02,?,?
2010-11-03,?,?
2010-11-04,?,?
2010-11-05,?,?
2010-11-08,?,?
2010-11-09,?,?
2010-11-10,?,?
2010-11-11,?,?
2010-11-12,?,?
2010-11-15,?,?
2010-11-16,?,?
2010-11-17,?,?
2010-11-18,?,?
2010-11-19,?,?
2010-11-22,?,?
2010-11-23,?,?
2010-11-24,?,?
2010-11-25,?,?
2010-11-26,?,?
2010-11-29,?,?
2010-11-30,?,?
2010-12-01,?,?
2010-12-02,?,?
2010-12-03,?,?
2010-12-06,?,?
2010-12-07,?,?
2010-12-08,?,?
2010-12-09,?,?
2010-12-10,?,?
2010-12-13,?,?
2010-12-14,?,?
2010-12-15,?,?
2010-12-16,?,?
2010-12-17,?,?
2010-12-20,?,?
2010-12-21,?,?
2010-12-22,?,?
2010-12-23,?,?
2010-12-24,?,?
2010-12-27,?,?
2010-12-28,?,?
2010-12-29,?,?
2010-12-30,?,?
2010-12-31,?,?
2011-01-03,?,?
2011-01-04,?,?
2011-01-05,?,?
2011-01-06,?,?
2011-01-07,?,?
2011-01-10,?,?
2011-01-11,?,?
2011-01-12,?,?
2011-01-13,?,?
2011-01-14,?,?
2011-01-17,?,?
2011-01-18,?,?
2011-01-19,?,?
2011-01-20,?,?
2011-01-21,?,?
2011-01-24,?,?
2011-01-25,?,?
2011-01-26,?,?
2011-01-27,?,?
2011-01-28,?,?
2011-01-31,?,?
2011-02-01,?,?
2011-02-02,?,?
2011-02-03,?,?
2011-02-04,?,?
2011-02-07,?,?
2011-02-08,?,?
2011-02-09,?,?
2011-02-10,?,?
2011-02-11,?,?
2011-02-14,?,?
2011-02-15,?,?
2011-02-16,?,?
2011-02-17,?,?
2011-02-18,?,?
2011-02-21,?,?
2011-02-22,?,?
2011-02-23,?,?
2011-02-24,?,?
2011-02-25,?,?
2011-02-28,?,?
2011-03-01,?,?
2011-03-02,?,?
2011-03-03,?,?
2011-03-04,?,?
2011-03-07,?,?
2011-03-08,?,?
2011-03-09,?,?
2011-03-10,?,?
2011-03-11,?,?
2011-03-14,?,?
2011-03-15,?,?
2011-03-16,?,?
2011-03-17,?,?
2011-03-18,?,?
2011-03-21,?,?
2011-03-22,?,?
2011-03-23,?,?
2011-03-24,?,?
2011-03-25,?,?
2011-03-28,?,?
2011-03-29,?,?
2011-03-30,?,?
2011-03-31,?,?
2011-04-01,?,?
2011-04-04,?,?
2011-04-05,?,?
2011-04-06,?,?
2011-04-07,?,?
2011-04-08,?,?
2011-04-11,?,?
2011-04-12,?,?
2011-04-13,?,?
2011-04-14,?,?
2011-04-15,?,?
2011-04-18,?,?
2011-04-19,?,?
2011-04-20,?,?
2011-04-21,?,?
2011-04-22,?,?
2011-04-25,?,?
2011-04-26,?,?
2011-04-27,?,?
2011-04-28,?,?
2011-04-29,?,?
2011-05-02,?,?
2011-05-03,?,?
2011-05-04,?,?
2011-05-05,?,?
2011-05-06,?,?
2011-05-09,?,?
2011-05-10,?,?
2011-05-11,?,?
2011-05-12,?,?
2011-05-13,?,?
2011-05-16,?,?
2011-05-17,?,?
2011-05-18,?,?
2011-05-19,?,?
2011-05-20,?,?
2011-05-23,?,?
2011-05-24,?,?
2011-05-25,?,?
2011-05-26,?,?
2011-05-27,?,?
2011-05-30,?,?
2011-05-31,?,?
2011-06-01,?,?
2011-06-02,?,?
2011-06-03,?,?
2011-06-06,?,?
2011-06-07,?,?
2011-06-08,?,?
2011-06-09,?,?
2011-06-10,?,?
2011-06-13,?,?
2011-06-14,?,?
2011-06-15,?,?
2011-06-16,?,?
2011-06-17,?,?
2011-06-20,?,?
2011-06-21,?,?
2011-06-22,?,?
2011-06-23,?,?
2011-06-24,?,?
2011-06-27,?,?
2011-06-28,?,?
2011-06-29,?,?
2011-06-30,?,?
2011-07-01,?,?
2011-07-04,?,?
2011-07-05,?,?
2011-07-06,?,?
2011-07-07,?,?
2011-07-08,?,?
2011-07-11,?,?
2011-07-12,?,?
2011-07-13,?,?
2011-07-14,?,?
2011-07-15,?,?
2011-07-18,?,?
2011-07-19,?,?
2011-07-20,?,?
2011-07-21,?,?
2011-07-22,?,?
2011-07-25,?,?
2011-07-26,?,?
2011-07-27,?,?
2011-07-28,?,?
2011-07-29,?,?
2011-08-01,?,?
2011-08-02,?,?
2011-08-03,?,?
2011-08-04,?,?
2011-08-05,?,?
2011-08-08,?,?
2011-08-09,?,?
2011-08-10,?,?
2011-08-11,?,?
2011-08-12,?,?
2011-08-15,?,?
2011-08-16,?,?
2011-08-17,?,?
2011-08-18,?,?
2011-08-19,?,?
2011-08-22,?,?
2011-08-23,?,?
2011-08-24,?,?
2011-08-25,?,?
2011-08-26,?,?
2011-08-29,?,?
2011-08-30,?,?
2011-08-31,?,?
2011-09-01,?,?
2011-09-02,?,?
2011-09-05,?,?
2011-09-06,?,?
2011-09-07,?,?
2011-09-08,?,?
2011-09-09,?,?
2011-09-12,?,?
2011-09-13,?,?
2011-09-14,?,?
2011-09-15,?,?
2011-09-16,?,?
2011-09-19,?,?
2011-09-20,?,?
2011-09-21,?,?
2011-09-22,?,?
2011-09-23,?,?
2011-09-26,?,?
2011-09-27,?,?
2011-09-28,?,?
2011-09-29,?,?
2011-09-30,?,?
2011-10-03,?,?
2011-10-04,?,?
2011-10-05,?,?
2011-10-06,?,?
2011-10-07,?,?
2011-10-10,?,?
2011-10-11,?,?
2011-10-12,?,?
2011-10-13,?,?
2011-10-14,?,?
2011-10-17,?,?
2011-10-18,?,?
2011-10-19,?,?
2011-10-20,?,?
2011-10-21,?,?
2011-10-24,?,?
2011-10-25,?,?
2011-10-26,?,?
2011-10-27,?,?
2011-10-28,?,?
2011-10-31,?,?
2011-11-01,?,?
2011-11-02,?,?
2011-11-03,?,?
2011-11-04,?,?
2011-11-07,?,?
2011-11-08,?,?
2011-11-09,?,?
2011-11-10,?,?
2011-11-11,?,?
2011-11-14,?,?
2011-11-15,?,?
2011-11-16,?,?
2011-11-17,?,?
2011-11-18,?,?
2011-11-21,?,?
2011-11-22,?,?
2011-11-23,?,?
2011-11-24,?,?
2011-11-25,?,?
2011-11-28,?,?
2011-11-29,?,?
2011-11-30,?,?
2011-12-01,?,?
2011-12-02,?,?
2011-12-05,?,?
2011-12-06,?,?
2011-12-07,?,?
2011-12-08,?,?
2011-12-09,?,?
2011-12-12,?,?
2011-12-13,?,?
2011-12-14,?,?
2011-12-15,?,?
2011-12-16,?,?
2011-12-19,?,?
2011-12-20,?,?
2011-12-21,?,?
2011-12-22,?,?
2011-12-23,?,?
2011-12-26,?,?
2011-12-27,?,?
2011-12-28,?,?
2011-12-29,?,?
2011-12-30,?,?
2012-01-02,?,?
2012-01-03,?,?
2012-01-04,?,?
2012-01-05,?,?
2012-01-06,?,?
2012-01-09,?,?
2012-01-10,?,?
2012-01-11,?,?
2012-01-12,?,?
2012-01-13,?,?
2012-01-16,?,?
2012-01-17,?,?
2012-01-18,?,?
2012-01-19,?,?
2012-01-20,?,?
2012-01-23,?,?
2012-01-24,?,?
2012-01-25,?,?
2012-01-26,?,?
2012-01-27,?,?
2012-01-30,?,?
2012-01-31,?,?
2012-02-01,?,?
2012-02-02,?,?
2012-02-03,?,?
2012-02-06,?,?
2012-02-07,?,?
2012-02-08,?,?
2012-02-09,?,?
2012-02-10,?,?
2012-02-13,?,?
2012-02-14,?,?
2012-02-15,?,?
2012-02-16,?,?
2012-02-17,?,?
2012-02-20,?,?
2012-02-21,?,?
2012-02-22,?,?
2012-02-23,?,?
2012-02-24,?,?
2012-02-27,?,?
2012-02-28,?,?
2012-02-29,?,?
2012-03-01,?,?
2012-03-02,?,?
2012-03-05,?,?
2012-03-06,?,?
2012-03-07,?,?
2012-03-08,?,?
2012-03-09,?,?
2012-03-12,?,?
2012-03-13,?,?
2012-03-14,?,?
2012-03-15,?,?
2012-03-16,?,?
2012-03-19,?,?
2012-03-20,?,?
2012-03-21,?,?
2012-03-22,?,?
2012-03-23,?,?
2012-03-26,?,?
2012-03-27,?,?
2012-03-28,?,?
2012-03-29,?,?
2012-03-30,?,?
2012-04-02,?,?
2012-04-03,?,?
2012-04-04,?,?
2012-04-05,?,?
2012-04-06,?,?
2012-04-09,?,?
2012-04-10,?,?
2012-04-11,?,?
2012-04-12,?,?
2012-04-13,?,?
2012-04-16,?,?
2012-04-17,?,?
2012-04-18,?,?
2012-04-19,?,?
2012-04-20,?,?
2012-04-23,?,?
2012-04-24,?,?
2012-04-25,?,?
2012-04-26,?,?
2012-04-27,?,?
2012-04-30,?,?
2012-05-01,?,?
2012-05-02,?,?
2012-05-03,?,?
2012-05-04,?,?
2012-05-07,?,?
2012-05-08,?,?
2012-05-09,?,?
2012-05-10,?,?
2012-05-11,?,?
2012-05-14,?,?
2012-05-15,?,?
2012-05-16,?,?
2012-05-17,?,?
2012-05-18,?,?
2012-05-21,?,?
2012-05-22,?,?
2012-05-23,?,?
2012-05-24,?,?
2012-05-25,?,?
2012-05-28,?,?
2012-05-29,?,?
2012-05-30,?,?
2012-05-31,?,?
2012-06-01,?,?
2012-06-04,?,?
2012-06-05,?,?
2012-06-06,?,?
2012-06-07,?,?
2012-06-08,?,?
2012-06-11,?,?
2012-06-12,?,?
2012-06-13,?,?
2012-06-14,?,?
2012-06-15,?,?
2012-06-18,?,?
2012-06-19,?,?
2012-06-20,?,?
2012-06-21,?,?
2012-06-22,?,?
2012-06-25,?,?
2012-06-26,?,?
2012-06-27,?,?
2012-06-28,?,?
2012-06-29,?,?
2012-07-02,?,?
2012-07-03,?,?
2012-07-04,?,?
2012-07-05,?,?
2012-07-06,?,?
2012-07-09,?,?
2012-07-10,?,?
2012-07-11,?,?
2012-07-12,?,?
2012-07-13,?,?
2012-07-16,?,?
2012-07-17,?,?
2012-07-18,?,?
2012-07-19,?,?
2012-07-20,?,?
2012-07-23,?,?
2012-07-24,?,?
2012-07-25,?,?
2012-07-26,?,?
2012-07-27,?,?
2012-07-30,?,?
2012-07-31,?,?
2012-08-01,?,?
2012-08-02,?,?
2012-08-03,?,?
2012-08-06,?,?
2012-08-07,?,?
2012-08-08,?,?
2012-08-09,?,?
2012-08-10,?,?
2012-08-13,?,?
2012-08-14,?,?
2012-08-15,?,?
2012-08-16,?,?
2012-08-17,?,?
2012-08-20,?,?
2012-08-21,?,?
2012-08-22,?,?
2012-08-23,?,?
2012-08-24,?,?
2012-08-27,?,?
2012-08-28,?,?
2012-08-29,?,?
2012-08-30,?,?
2012-08-31,?,?
2012-09-03,?,?
2012-09-04,?,?
2012-09-05,?,?
2012-09-06,?,?
2012-09-07,?,?
2012-09-10,?,?
2012-09-11,?,?
2012-09-12,?,?
2012-09-13,?,?
2012-09-14,?,?
2012-09-17,?,?
2012-09-18,?,?
2012-09-19,?,?
2012-09-20,?,?
2012-09-21,?,?
2012-09-24,?,?
2012-09-25,?,?
2012-09-26,?,?
2012-09-27,?,?
2012-09-28,?,?
2012-10-01,?,?
2012-10-02,?,?
2012-10-03,?,?
2012-10-04,?,?
2012-10-05,?,?
2012-10-08,?,?
2012-10-09,?,?
2012-10-10,?,?
2012-10-11,?,?
2012-10-12,?,?
2012-10-15,?,?
2012-10-16,?,?
2012-10-17,?,?
2012-10-18,?,?
2012-10-19,?,?
2012-10-22,?,?
2012-10-23,?,?
2012-10-24,?,?
2012-10-25,?,?
2012-10-26,?,?
2012-10-29,?,?
2012-10-30,?,?
2012-10-31,?,?
2012-11-01,?,?
2012-11-02,?,?
2012-11-05,?,?
2012-11-06,?,?
2012-11-07,?,?
2012-11-08,?,?
2012-11-09,?,?
2012-11-12,?,?
2012-11-13,?,?
2012-11-14,?,?
2012-11-15,?,?
2012-11-16,?,?
2012-11-19,?,?
2012-11-20,?,?
2012-11-21,?,?
2012-11-22,?,?
2012-11-23,?,?
2012-11-26,?,?
2012-11-27,?,?
2012-11-28,?,?
2012-11-29,?,?
2012-11-30,?,?
2012-12-03,?,?
2012-12-04,?,?
2012-12-05,?,?
2012-12-06,?,?
2012-12-07,?,?
2012-12-10,?,?
2012-12-11,?,?
2012-12-12,?,?
2012-12-13,?,?
2012-12-14,?,?
2012-12-17,?,?
2012-12-18,?,?
2012-12-19,?,?
2012-12-20,?,?
2012-12-21,?,?
2012-12-24,?,?
2012-12-25,?,?
2012-12-26,?,?
2012-12-27,?,?
2012-12-28,?,?
2012-12-31,?,?
2013-01-01,?,?
2013-01-02,?,?
2013-01-03,?,?
2013-01-04,?,?
2013-01-07,?,?
2013-01-08,?,?
2013-01-09,?,?
2013-01-10,?,?
2013-01-11,?,?
2013-01-14,?,?
2013-01-15,?,?
2013-01-16,?,?
2013-01-17,?,?
2013-01-18,?,?
2013-01-21,?,?
2013-01-22,?,?
2013-01-23,?,?
2013-01-24,?,?
2013-01-25,?,?
2013-01-28,?,?
2013-01-29,?,?
2013-01-30,?,?
2013-01-31,?,?
2013-02-01,?,?
2013-02-04,?,?
2013-02-05,?,?
2013-02-06,?,?
2013-02-07,?,?
2013-02-08,?,?
2013-02-11,?,?
2013-02-12,?,?
2013-02-13,?,?
2013-02-14,?,?
2013-02-15,?,?
2013-02-18,?,?
2013-02-19,?,?
2013-02-20,?,?
2013-02-21,?,?
2013-02-22,?,?
2013-02-25,?,?
2013-02-26,?,?
2013-02-27,?,?
2013-02-28,?,?
2013-03-01,?,?
2013-03-04,?,?
2013-03-05,?,?
2013-03-06,?,?
2013-03-07,?,?
2013-03-08,?,?
2013-03-11,?,?
2013-03-12,?,?
2013-03-13,?,?
2013-03-14,?,?
2013-03-15,?,?
2013-03-18,?,?
2013-03-19,?,?
2013-03-20,?,?
2013-03-21,?,?
2013-03-22,?,?
2013-03-25,?,?
2013-03-26,?,?
2013-03-27,?,?
2013-03-28,?,?
2013-03-29,?,?
2013-04-01,?,?
2013-04-02,?,?
2013-04-03,?,?
2013-04-04,?,?
2013-04-05,?,?
2013-04-08,?,?
2013-04-09,?,?
2013-04-10,?,?
2013-04-11,?,?
2013-04-12,?,?
2013-04-15,?,?
2013-04-16,?,?
2013-04-17,?,?
2013-04-18,?,?
2013-04-19,?,?
2013-04-22,?,?
2013-04-23,?,?
2013-04-24,?,?
2013-04-25,?,?
2013-04-26,?,?
2013-04-29,?,?
2013-04-30,?,?
2013-05-01,?,?
2013-05-02,?,?
2013-05-03,?,?
2013-05-06,?,?
2013-05-07,?,?
2013-05-08,?,?
2013-05-09,?,?
2013-05-10,?,?
2013-05-13,?,?
2013-05-14,?,?
2013-05-15,?,?
2013-05-16,?,?
2013-05-17,?,?
2013-05-20,?,?
2013-05-21,?,?
2013-05-22,?,?
2013-05-23,?,?
2013-05-24,?,?
2013-05-27,?,?
2013-05-28,?,?
2013-05-29,?,?
2013-05-30,?,?
2013-05-31,?,?
2013-06-03,?,?
2013-06-04,?,?
2013-06-05,?,?
2013-06-06,?,?
2013-06-07,?,?
2013-06-10,?,?
2013-06-11,?,?
2013-06-12,?,?
2013-06-13,?,?
2013-06-14,?,?
2013-06-17,?,?
2013-06-18,?,?
2013-06-19,?,?
2013-06-20,?,?
2013-06-21,?,?
2013-06-24,?,?
2013-06-25,?,?
2013-06-26,?,?
2013-06-27,?,?
2013-06-28,?,?
2013-07-01,?,?
2013-07-02,?,?
2013-07-03,?,?
2013-07-04,?,?
2013-07-05,?,?
2013-07-08,?,?
2013-07-09,?,?
2013-07-10,?,?
2013-07-11,?,?
2013-07-12,?,?
2013-07-15,?,?
2013-07-16,?,?
2013-07-17,?,?
2013-07-18,?,?
2013-07-19,?,?
2013-07-22,?,?
2013-07-23,?,?
2013-07-24,?,?
2013-07-25,?,?
2013-07-26,?,?
2013-07-29,?,?
2013-07-30,?,?
2013-07-31,?,?
2013-08-01,?,?
2013-08-02,?,?
2013-08-05,?,?
2013-08-06,?,?
2013-08-07,?,?
2013-08-08,?,?
2013-08-09,?,?
2013-08-12,?,?
2013-08-13,?,?
2013-08-14,?,?
2013-08-15,?,?
2013-08-16,?,?
2013-08-19,?,?
2013-08-20,?,?
2013-08-21,?,?
2013-08-22,?,?
2013-08-23,?,?
2013-08-26,?,?
2013-08-27,?,?
2013-08-28,?,?
2013-08-29,?,?
2013-08-30,?,?
2013-09-02,?,?
2013-09-03,?,?
2013-09-04,?,?
2013-09-05,?,?
2013-09-06,?,?
2013-09-09,?,?
2013-09-10,?,?
2013-09-11,?,?
2013-09-12,?,?
2013-09-13,?,?
2013-09-16,?,?
2013-09-17,?,?
2013-09-18,?,?
2013-09-19,?,?
2013-09-20,?,?
2013-09-23,?,?
2013-09-24,?,?
2013-09-25,?,?
2013-09-26,?,?
2013-09-27,?,?
2013-09-30,?,?
2013-10-01,?,?
2013-10-02,?,?
2013-10-03,?,?
2013-10-04,?,?
2013-10-07,?,?
2013-10-08,?,?
2013-10-09,?,?
2013-10-10,?,?
2013-10-11,?,?
2013-10-14,?,?
2013-10-15,?,?
2013-10-16,?,?
2013-10-17,?,?
2013-10-18,?,?
2013-10-21,?,?
2013-10-22,?,?
2013-10-23,?,?
2013-10-24,?,?
2013-10-25,?,?
2013-10-28,?,?
2013-10-29,?,?
2013-10-30,?,?
2013-10-31,?,?
2013-11-01,?,?
2013-11-04,?,?
2013-11-05,?,?
2013-11-06,?,?
2013-11-07,?,?
2013-11-08,?,?
2013-11-11,?,?
2013-11-12,?,?
2013-11-13,?,?
2013-11-14,?,?
2013-11-15,?,?
2013-11-18,?,?
2013-11-19,?,?
2013-11-20,?,?
2013-11-21,?,?
2013-11-22,?,?
2013-11-25,?,?
2013-11-26,?,?
2013-11-27,?,?
2013-11-28,?,?
2013-11-29,?,?
2013-12-02,?,?
2013-12-03,?,?
2013-12-04,?,?
2013-12-05,?,?
2013-12-06,?,?
2013-12-09,?,?
2013-12-10,?,?
2013-12-11,?,?
2013-12-12,?,?
2013-12-13,?,?
2013-12-16,?,?
2013-12-17,?,?
2013-12-18,?,?
2013-12-19,?,?
2013-12-20,?,?
2013-12-23,?,?
2013-12-24,?,?
2013-12-25,?,?
2013-12-26,?,?
2013-12-27,?,?
2013-12-30,?,?
2013-12-31,?,?
2014-01-01,?,?
2014-01-02,?,?
2014-01-03,?,?
2014-01-06,?,?
2014-01-07,?,?
2014-01-08,?,?
2014-01-09,?,?
2014-01-10,?,?
2014-01-13,?,?
2014-01-14,?,?
2014-01-15,?,?
2014-01-16,?,?
2014-01-17,?,?
2014-01-20,?,?
2014-01-21,?,?
2014-01-22,?,?
2014-01-23,?,?
2014-01-24,?,?
2014-01-27,?,?
2014-01-28,?,?
2014-01-29,?,?
2014-01-30,?,?
2014-01-31,?,?
2014-02-03,?,?
2014-02-04,?,?
2014-02-05,?,?
2014-02-06,?,?
2014-02-07,?,?
2014-02-10,?,?
2014-02-11,?,?
2014-02-12,?,?
2014-02-13,?,?
2014-02-14,?,?
2014-02-17,?,?
2014-02-18,?,?
2014-02-19,?,?
2014-02-20,?,?
2014-02-21,?,?
2014-02-24,?,?
2014-02-25,?,?
2014-02-26,?,?
2014-02-27,?,?
2014-02-28,?,?
2014-03-03,?,?
2014-03-04,?,?
2014-03-05,?,?
2014-03-06,?,?
2014-03-07,?,?
2014-03-10,?,?
2014-03-11,?,?
2014-03-12,?,?
2014-03-13,?,?
2014-03-14,?,?
2014-03-17,?,?
2014-03-18,?,?
2014-03-19,?,?
2014-03-20,?,?
2014-03-21,?,?
2014-03-24,?,?
2014-03-25,?,?
2014-03-26,?,?
2014-03-27,?,?
2014-03-28,?,?
2014-03-31,?,?
2014-04-01,?,?
2014-04-02,?,?
2014-04-03,?,?
2014-04-04,?,?
2014-04-07,?,?
2014-04-08,?,?
2014-04-09,?,?
2014-04-10,?,?
2014-04-11,?,?
2014-04-14,?,?
2014-04-15,?,?
2014-04-16,?,?
2014-04-17,?,?
2014-04-18,?,?
2014-04-21,?,?
2014-04-22,?,?
2014-04-23,?,?
2014-04-24,?,?
2014-04-25,?,?
2014-04-28,?,?
2014-04-29,?,?
2014-04-30,?,?
2014-05-01,?,?
2014-05-02,?,?
2014-05-05,?,?
2014-05-06,?,?
2014-05-07,?,?
2014-05-08,?,?
2014-05-09,?,?
2014-05-12,?,?
2014-05-13,?,?
2014-05-14,?,?
2014-05-15,?,?
2014-05-16,?,?
2014-05-19,?,?
2014-05-20,?,?
2014-05-21,?,?
2014-05-22,?,?
2014-05-23,?,?
2014-05-26,?,?
2014-05-27,?,?
2014-05-28,?,?
2014-05-29,?,?
2014-05-30,?,?
2014-06-02,?,?
2014-06-03,?,?
2014-06-04,?,?
2014-06-05,?,?
2014-06-06,?,?
2014-06-09,?,?
2014-06-10,?,?
2014-06-11,?,?
2014-06-12,?,?
2014-06-13,?,?
2014-06-16,?,?
2014-06-17,?,?
2014-06-18,?,?
2014-06-19,?,?
2014-06-20,?,?
2014-06-23,?,?
2014-06-24,?,?
2014-06-25,?,?
2014-06-26,?,?
2014-06-27,?,?
2014-06-30,?,?
2014-07-01,?,?
2014-07-02,?,?
2014-07-03,?,?
2014-07-04,?,?
2014-07-07,?,?
2014-07-08,?,?
2014-07-09,?,?
2014-07-10,?,?
2014-07-11,?,?
2014-07-14,?,?
2014-07-15,?,?
2014-07-16,?,?
2014-07-17,?,?
2014-07-18,?,?
2014-07-21,?,?
2014-07-22,?,?
2014-07-23,?,?
2014-07-24,?,?
2014-07-25,?,?
2014-07-28,?,?
2014-07-29,?,?
2014-07-30,?,?
2014-07-31,?,?
2014-08-01,?,?
2014-08-04,?,?
2014-08-05,?,?
2014-08-06,?,?
2014-08-07,?,?
2014-08-08,?,?
2014-08-11,?,?
2014-08-12,?,?
2014-08-13,?,?
2014-08-14,?,?
2014-08-15,?,?
2014-08-18,?,?
2014-08-19,?,?
2014-08-20,?,?
2014-08-21,?,?
2014-08-22,?,?
2014-08-25,?,?
2014-08-26,?,?
2014-08-27,?,?
2014-08-28,?,?
2014-08-29,?,?
2014-09-01,?,?
2014-09-02,?,?
2014-09-03,?,?
2014-09-04,?,?
2014-09-05,?,?
2014-09-08,?,?
2014-09-09,?,?
2014-09-10,?,?
2014-09-11,?,?
2014-09-12,?,?
2014-09-15,?,?
2014-09-16,?,?
2014-09-17,?,?
2014-09-18,?,?
2014-09-19,?,?
2014-09-22,?,?
2014-09-23,?,?
2014-09-24,?,?
2014-09-25,?,?
2014-09-26,?,?
2014-09-29,?,?
2014-09-30,?,?
2014-10-01,?,?
2014-10-02,?,?
2014-10-03,?,?
2014-10-06,?,?
2014-10-07,?,?
2014-10-08,?,?
2014-10-09,?,?
2014-10-10,?,?
2014-10-13,?,?
2014-10-14,?,?
2014-10-15,?,?
2014-10-16,?,?
2014-10-17,?,?
2014-10-20,?,?
2014-10-21,?,?
2014-10-22,?,?
2014-10-23,?,?
2014-10-24,?,?
2014-10-27,?,?
2014-10-28,?,?
2014-10-29,?,?
2014-10-30,?,?
2014-10-31,?,?
2014-11-03,?,?
2014-11-04,?,?
2014-11-05,?,?
2014-11-06,?,?
2014-11-07,?,?
2014-11-10,?,?
2014-11-11,?,?
2014-11-12,?,?
2014-11-13,?,?
2014-11-14,?,?
2014-11-17,?,?
2014-11-18,?,?
2014-11-19,?,?
2014-11-20,?,?
2014-11-21,?,?
2014-11-24,?,?
2014-11-25,?,?
2014-11-26,?,?
2014-11-27,?,?
2014-11-28,?,?
2014-12-01,?,?
2014-12-02,?,?
2014-12-03,?,?
2014-12-04,?,?
2014-12-05,?,?
2014-12-08,?,?
2014-12-09,?,?
2014-12-10,?,?
2014-12-11,?,?
2014-12-12,?,?
2014-12-15,?,?
2014-12-16,?,?
2014-12-17,?,?
2014-12-18,?,?
2014-12-19,?,?
2014-12-22,?,?
2014-12-23,?,?
2014-12-24,?,?
2014-12-25,?,?
2014-12-26,?,?
2014-12-29,?,?
2014-12-30,?,?
2014-12-31,?,?
2015-01-01,?,?
2015-01-02,?,?
2015-01-05,?,?
2015-01-06,?,?
2015-01-07,?,?
2015-01-08,?,?
2015-01-09,?,?
2015-01-12,?,?
2015-01-13,?,?
2015-01-14,?,?
2015-01-15,?,?
2015-01-16,?,?
2015-01-19,?,?
2015-01-20,?,?
2015-01-21,?,?
2015-01-22,?,?
2015-01-23,?,?
2015-01-26,?,?
2015-01-27,?,?
2015-01-28,?,?
2015-01-29,?,?
2015-01-30,?,?
2015-02-02,?,?
2015-02-03,?,?
2015-02-04,?,?
2015-02-05,?,?
2015-02-06,?,?
2015-02-09,?,?
2015-02-10,?,?
2015-02-11,?,?
2015-02-12,?,?
2015-02-13,?,?
2015-02-16,?,?
2015-02-17,?,?
2015-02-18,?,?
2015-02-19,?,?
2015-02-20,?,?
2015-02-23,?,?
2015-02-24,?,?
2015-02-25,?,?
2015-02-26,?,?
2015-02-27,?,?
2015-03-02,?,?
2015-03-03,?,?
2015-03-04,?,?
2015-03-05,?,?
2015-03-06,?,?
2015-03-09,?,?
2015-03-10,?,?
2015-03-11,?,?
2015-03-12,?,?
2015-03-13,?,?
2015-03-16,?,?
2015-03-17,?,?
2015-03-18,?,?
2015-03-19,?,?
2015-03-20,?,?
2015-03-23,?,?
2015-03-24,?,?
2015-03-25,?,?
2015-03-26,?,?
2015-03-27,?,?
2015-03-30,?,?
2015-03-31,?,?
2015-04-01,?,?
2015-04-02,?,?
2015-04-03,?,?
2015-04-06,?,?
2015-04-07,?,?
2015-04-08,?,?
2015-04-09,?,?
2015-04-10,?,?
2015-04-13,?,?
2015-04-14,?,?
2015-04-15,?,?
2015-04-16,?,?
2015-04-17,?,?
2015-04-20,?,?
2015-04-21,?,?
2015-04-22,?,?
2015-04-23,?,?
2015-04-24,?,?
2015-04-27,?,?
2015-04-28,?,?
2015-04-29,?,?
2015-04-30,?,?
2015-05-01,?,?
2015-05-04,?,?
2015-05-05,?,?
2015-05-06,?,?
2015-05-07,?,?
2015-05-08,?,?
2015-05-11,?,?
2015-05-12,?,?
2015-05-13,?,?
2015-05-14,?,?
2015-05-15,?,?
2015-05-18,?,?
2015-05-19,?,?
2015-05-20,?,?
2015-05-21,?,?
2015-05-22,?,?
2015-05-25,?,?
2015-05-26,?,?
2015-05-27,?,?
2015-05-28,?,?
2015-05-29,?,?
2015-06-01,?,?
2015-06-02,?,?
2015-06-03,?,?
2015-06-04,?,?
2015-06-05,?,?
2015-06-08,?,?
2015-06-09,?,?
2015-06-10,?,?
2015-06-11,?,?
2015-06-12,?,?
2015-06-15,?,?
2015-06-16,?,?
2015-06-17,?,?
2015-06-18,?,?
2015-06-19,?,?
2015-06-22,?,?
2015-06-23,?,?
2015-06-24,?,?
2015-06-25,?,?
2015-06-26,?,?
2015-06-29,?,?
2015-06-30,?,?
2015-07-01,?,?
2015-07-02,?,?
2015-07-03,?,?
2015-07-06,?,?
2015-07-07,?,?
2015-07-08,?,?
2015-07-09,?,?
2015-07-10,?,?
2015-07-13,?,?
2015-07-14,?,?
2015-07-15,?,?
2015-07-16,?,?
2015-07-17,?,?
2015-07-20,?,?
2015-07-21,?,?
2015-07-22,?,?
2015-07-23,?,?
2015-07-24,?,?
2015-07-27,?,?
2015-07-28,?,?
2015-07-29,?,?
2015-07-30,?,?
2015-07-31,?,?
2015-08-03,?,?
2015-08-04,?,?
2015-08-05,?,?
2015-08-06,?,?
2015-08-07,?,?
2015-08-10,?,?
2015-08-11,?,?
2015-08-12,?,?
2015-08-13,?,?
2015-08-14,?,?
2015-08-17,?,?
2015-08-18,?,?
2015-08-19,?,?
2015-08-20,?,?
2015-08-21,?,?
2015-08-24,?,?
2015-08-25,?,?
2015-08-26,?,?
2015-08-27,?,?
2015-08-28,?,?
2015-08-31,?,?
2015-09-01,?,?
2015-09-02,?,?
2015-09-03,?,?
2015-09-04,?,?
2015-09-07,?,?
2015-09-08,?,?
2015-09-09,?,?
2015-09-10,?,?
2015-09-11,?,?
2015-09-14,?,?
2015-09-15,?,?
2015-09-16,?,?
2015-09-17,?,?
2015-09-18,?,?
2015-09-21,?,?
2015-09-22,?,?
2015-09-23,?,?
2015-09-24,?,?
2015-09-25,?,?
2015-09-28,?,?
2015-09-29,?,?
2015-09-30,?,?
2015-10-01,?,?
2015-10-02,?,?
2015-10-05,?,?
2015-10-06,?,?
2015-10-07,?,?
2015-10-08,?,?
2015-10-09,?,?
2015-10-12,?,?
2015-10-13,?,?
2015-10-14,?,?
2015-10-15,?,?
2015-10-16,?,?
2015-10-19,?,?
2015-10-20,?,?
2015-10-21,?,?
2015-10-22,?,?
2015-10-23,?,?
2015-10-26,?,?
2015-10-27,?,?
2015-10-28,?,?
2015-10-29,?,?
2015-10-30,?,?
2015-11-02,?,?
2015-11-03,?,?
2015-11-04,?,?
2015-11-05,?,?
2015-11-06,?,?
2015-11-09,?,?
2015-11-10,?,?
2015-11-11,?,?
2015-11-12,?,?
2015-11-13,?,?
2015-11-16,?,?
2015-11-17,?,?
2015-11-18,?,?
2015-11-19,?,?
2015-11-20,?,?
2015-11-23,?,?
2015-11-24,?,?
2015-11-25,?,?
2015-11-26,?,?
2015-11-27,?,?
2015-11-30,?,?
2015-12-01,?,?
2015-12-02,?,?
2015-12-03,?,?
2015-12-04,?,?
2015-12-07,?,?
2015-12-08,?,?
2015-12-09,?,?
2015-12-10,?,?
2015-12-11,?,?
2015-12-14,?,?
2015-12-15,?,?
2015-12-16,?,?
2015-12-17,?,?
2015-12-18,?,?
2015-12-21,?,?
2015-12-22,?,?
2015-12-23,?,?
2015-12-24,?,?
2015-12-25,?,?
2015-12-28,?,?
2015-12-29,?,?
2015-12-30,?,?
2015-12-31,?,?
2016-01-01,?,?
2016-01-04,?,?
2016-01-05,?,?
2016-01-06,?,?
2016-01-07,?,?
2016-01-08,?,?
2016-01-11,?,?
2016-01-12,?,?
2016-01-13,?,?
2016-01-14,?,?
2016-01-15,?,?
2016-01-18,?,?
2016-01-19,?,?
2016-01-20,?,?
2016-01-21,?,?
2016-01-22,?,?
2016-01-25,?,?
2016-01-26,?,?
2016-01-27,?,?
2016-01-28,?,?
2016-01-29,?,?
2016-02-01,?,?
2016-02-02,?,?
2016-02-03,?,?
2016-02-04,?,?
2016-02-05,?,?
2016-02-08,?,?
2016-02-09,?,?
2016-02-10,?,?
2016-02-11,?,?
2016-02-12,?,?
2016-02-15,?,?
2016-02-16,?,?
2016-02-17,?,?
2016-02-18,?,?
2016-02-19,?,?
2016-02-22,?,?
2016-02-23,?,?
2016-02-24,?,?
2016-02-25,?,?
2016-02-26,?,?
2016-02-29,?,?
2016-03-01,?,?
2016-03-02,?,?
2016-03-03,?,?
2016-03-04,?,?
2016-03-07,?,?
2016-03-08,?,?
2016-03-09,?,?
2016-03-10,?,?
2016-03-11,?,?
2016-03-14,?,?
2016-03-15,?,?
2016-03-16,?,?
2016-03-17,?,?
2016-03-18,?,?
2016-03-21,?,?
2016-03-22,?,?
2016-03-23,?,?
2016-03-24,?,?
2016-03-25,?,?
2016-03-28,?,?
2016-03-29,?,?
2016-03-30,?,?
2016-03-31,?,?
2016-04-01,?,?
2016-04-04,?,?
2016-04-05,?,?
2016-04-06,?,?
2016-04-07,?,?
2016-04-08,?,?
2016-04-11,?,?
2016-04-12,?,?
2016-04-13,?,?
2016-04-14,?,?
2016-04-15,?,?
2016-04-18,?,?
2016-04-19,?,?
2016-04-20,?,?
2016-04-21,?,?
2016-04-22,?,?
2016-04-25,?,?
2016-04-26,?,?
2016-04-27,?,?
2016-04-28,?,?
2016-04-29,?,?
2016-05-02,?,?
2016-05-03,?,?
2016-05-04,?,?
2016-05-05,?,?
2016-05-06,?,?
2016-05-09,?,?
2016-05-10,?,?
2016-05-11,?,?
2016-05-12,?,?
2016-05-13,?,?
2016-05-16,?,?
2016-05-17,?,?
2016-05-18,?,?
2016-05-19,?,?
2016-05-20,?,?
2016-05-23,?,?
2016-05-24,?,?
2016-05-25,?,?
2016-05-26,?,?
2016-05-27,?,?
2016-05-30,?,?
2016-05-31,?,?
2016-06-01,?,?
2016-06-02,?,?
2016-06-03,?,?
2016-06-06,?,?
2016-06-07,?,?
2016-06-08,?,?
2016-06-09,?,?
2016-06-10,?,?
2016-06-13,?,?
2016-06-14,?,?
2016-06-15,?,?
2016-06-16,?,?
2016-06-17,?,?
2016-06-20,?,?
2016-06-21,?,?
2016-06-22,?,?
2016-06-23,?,?
2016-06-24,?,?
2016-06-27,?,?
2016-06-28,?,?
2016-06-29,?,?
2016-06-30,?,?
2016-07-01,?,?
2016-07-04,?,?
2016-07-05,?,?
2016-07-06,?,?
2016-07-07,?,?
2016-07-08,?,?
2016-07-11,?,?
2016-07-12,?,?
2016-07-13,?,?
2016-07-14,?,?
2016-07-15,?,?
2016-07-18,?,?
2016-07-19,?,?
2016-07-20,?,?
2016-07-21,?,?
2016-07-22,?,?
2016-07-25,?,?
2016-07-26,?,?
2016-07-27,?,?
2016-07-28,?,?
2016-07-29,?,?
2016-08-01,?,?
2016-08-02,?,?
2016-08-03,?,?
2016-08-04,?,?
2016-08-05,?,?
2016-08-08,?,?
2016-08-09,?,?
2016-08-10,?,?
2016-08-11,?,?
2016-08-12,?,?
2016-08-15,?,?
2016-08-16,?,?
2016-08-17,?,?
2016-08-18,?,?
2016-08-19,?,?
2016-08-22,?,?
2016-08-23,?,?
2016-08-24,?,?
2016-08-25,?,?
2016-08-26,?,?
2016-08-29,?,?
2016-08-30,?,?
2016-08-31,?,?
2016-09-01,?,?
2016-09-02,?,?
2016-09-05,?,?
2016-09-06,?,?
2016-09-07,?,?
2016-09-08,?,?
2016-09-09,?,?
2016-09-12,?,?
2016-09-13,?,?
2016-09-14,?,?
2016-09-15,?,?
2016-09-16,?,?
2016-09-19,?,?
2016-09-20,?,?
2016-09-21,?,?
2016-09-22,?,?
2016-09-23,?,?
2016-09-26,?,?
2016-09-27,?,?
2016-09-28,?,?
2016-09-29,?,?
2016-09-30,?,?
2016-10-03,?,?
2016-10-04,?,?
2016-10-05,?,?
2016-10-06,?,?
2016-10-07,?,?
2016-10-10,?,?
2016-10-11,?,?
2016-10-12,?,?
2016-10-13,?,?
2016-10-14,?,?
2016-10-17,?,?
2016-10-18,?,?
2016-10-19,?,?
2016-10-20,?,?
2016-10-21,?,?
2016-10-24,?,?
2016-10-25,?,?
2016-10-26,?,?
2016-10-27,?,?
2016-10-28,?,?
2016-10-31,?,?
2016-11-01,?,?
2016-11-02,?,?
2016-11-03,?,?
2016-11-04,?,?
2016-11-07,?,?
2016-11-08,?,?
2016-11-09,?,?
2016-11-10,?,?
2016-11-11,?,?
2016-11-14,?,?
2016-11-15,?,?
2016-11-16,?,?
2016-11-17,?,?
2016-11-18,?,?
2016-11-21,?,?
2016-11-22,?,?
2016-11-23,?,?
2016-11-24,?,?
2016-11-25,?,?
2016-11-28,?,?
2016-11-29,?,?
2016-11-30,?,?
2016-12-01,?,?
2016-12-02,?,?
2016-12-05,?,?
2016-12-06,?,?
2016-12-07,?,?
2016-12-08,?,?
2016-12-09,?,?
2016-12-12,?,?
2016-12-13,?,?
2016-12-14,?,?
2016-12-15,?,?
2016-12-16,?,?
2016-12-19,?,?
2016-12-20,?,?
2016-12-21,?,?
2016-12-22,?,?
2016-12-23,?,?
2016-12-26,?,?
2016-12-27,?,?
2016-12-28,?,?
2016-12-29,?,?
2016-12-30,?,?
2017-01-02,?,?
2017-01-03,?,?
2017-01-04,?,?
2017-01-05,?,?
2017-01-06,?,?
2017-01-09,?,?
2017-01-10,?,?
2017-01-11,?,?
2017-01-12,?,?
2017-01-13,?,?
2017-01-16,?,?
2017-01-17,?,?
2017-01-18,?,?
2017-01-19,?,?
2017-01-20,?,?
2017-01-23,?,?
2017-01-24,?,?
2017-01-25,?,?
2017-01-26,?,?
2017-01-27,?,?
2017-01-30,?,?
2017-01-31,?,?
2017-02-01,?,?
2017-02-02,?,?
2017-02-03,?,?
2017-02-06,?,?
2017-02-07,?,?
2017-02-08,?,?
2017-02-09,?,?
2017-02-10,?,?
2017-02-13,?,?
2017-02-14,?,?
2017-02-15,?,?
2017-02-16,?,?
2017-02-17,?,?
2017-02-20,?,?
2017-02-21,?,?
2017-02-22,?,?
2017-02-23,?,?
2017-02-24,?,?
2017-02-27,?,?
2017-02-28,?,?
2017-03-01,?,?
2017-03-02,?,?
2017-03-03,?,?
2017-03-06,?,?
2017-03-07,?,?
2017-03-08,?,?
2017-03-09,?,?
2017-03-10,?,?
2017-03-13,?,?
2017-03-14,?,?
2017-03-15,?,?
2017-03-16,?,?
2017-03-17,?,?
2017-03-20,?,?
2017-03-21,?,?
2017-03-22,?,?
2017-03-23,?,?
2017-03-24,?,?
2017-03-27,?,?
2017-03-28,?,?
2017-03-29,?,?
2017-03-30,?,?
2017-03-31,?,?
2017-04-03,?,?
2017-04-04,?,?
2017-04-05,?,?
2017-04-06,?,?
2017-04-07,?,?
2017-04-10,?,?
2017-04-11,?,?
2017-04-12,?,?
2017-04-13,?,?
2017-04-14,?,?
2017-04-17,?,?
2017-04-18,?,?
2017-04-19,?,?
2017-04-20,?,?
2017-04-21,?,?
2017-04-24,?,?
2017-04-25,?,?
2017-04-26,?,?
2017-04-27,?,?
2017-04-28,?,?
2017-05-01,?,?
2017-05-02,?,?
2017-05-03,?,?
2017-05-04,?,?
2017-05-05,?,?
2017-05-08,?,?
2017-05-09,?,?
2017-05-10,?,?
2017-05-11,?,?
2017-05-12,?,?
2017-05-15,?,?
2017-05-16,?,?
2017-05-17,?,?
2017-05-18,?,?
2017-05-19,?,?
2017-05-22,?,?
2017-05-23,?,?
2017-05-24,?,?
2017-05-25,?,?
2017-05-26,?,?
2017-05-29,?,?
2017-05-30,?,?
2017-05-31,?,?
2017-06-01,?,?
2017-06-02,?,?
2017-06-05,?,?
2017-06-06,?,?
2017-06-07,?,?
2017-06-08,?,?
2017-06-09,?,?
2017-06-12,?,?
2017-06-13,?,?
2017-06-14,?,?
2017-06-15,?,?
2017-06-16,?,?
2017-06-19,?,?
2017-06-20,?,?
2017-06-21,?,?
2017-06-22,?,?
2017-06-23,?,?
2017-06-26,?,?
2017-06-27,?,?
2017-06-28,?,?
2017-06-29,?,?
2017-06-30,?,?
2017-07-03,?,?
2017-07-04,?,?
2017-07-05,?,?
2017-07-06,?,?
2017-07-07,?,?
2017-07-10,?,?
2017-07-11,?,?
2017-07-12,?,?
2017-07-13,?,?
2017-07-14,?,?
2017-07-17,?,?
2017-07-18,?,?
2017-07-19,?,?
2017-07-20,?,?
2017-07-21,?,?
2017-07-24,?,?
2017-07-25,?,?
2017-07-26,?,?
2017-07-27,?,?
2017-07-28,?,?
2017-07-31,?,?
2017-08-01,?,?
2017-08-02,?,?
2017-08-03,?,?
2017-08-04,?,?
2017-08-07,?,?
2017-08-08,?,?
2017-08-09,?,?
2017-08-10,?,?
2017-08-11,?,?
2017-08-14,?,?
2017-08-15,?,?
2017-08-16,?,?
2017-08-17,?,?
2017-08-18,?,?
2017-08-21,?,?
2017-08-22,?,?
2017-08-23,?,?
2017-08-24,?,?
2017-08-25,?,?
2017-08-28,?,?
2017-08-29,?,?
2017-08-30,?,?
2017-08-31,?,?
2017-09-01,?,?
2017-09-04,?,?
2017-09-05,?,?
2017-09-06,?,?
2017-09-07,?,?
2017-09-08,?,?
2017-09-11,?,?
2017-09-12,?,?
2017-09-13,?,?
2017-09-14,?,?
2017-09-15,?,?
2017-09-18,?,?
2017-09-19,?,?
2017-09-20,?,?
2017-09-21,?,?
2017-09-22,?,?
2017-09-25,?,?
2017-09-26,?,?
2017-09-27,?,?
2017-09-28,?,?
2017-09-29,?,?
2017-10-02,?,?
2017-10-03,?,?
2017-10-04,?,?
2017-10-05,?,?
2017-10-06,?,?
2017-10-09,?,?
2017-10-10,?,?
2017-10-11,?,?
2017-10-12,?,?
2017-10-13,?,?
2017-10-16,?,?
2017-10-17,?,?
2017-10-18,?,?
2017-10-19,?,?
2017-10-20,?,?
2017-10-23,?,?
2017-10-24,?,?
2017-10-25,?,?
2017-10-26,?,?
2017-10-27,?,?
2017-10-30,?,?
2017-10-31,?,?
2017-11-01,?,?
2017-11-02,?,?
2017-11-03,?,?
2017-11-06,?,?
2017-11-07,?,?
2017-11-08,?,?
2017-11-09,?,?
2017-11-10,?,?
2017-11-13,?,?
2017-11-14,?,?
2017-11-15,?,?
2017-11-16,?,?
2017-11-17,?,?
2017-11-20,?,?
2017-11-21,?,?
2017-11-22,?,?
2017-11-23,?,?
2017-11-24,?,?
2017-11-27,?,?
2017-11-28,?,?
2017-11-29,?,?
2017-11-30,?,?
2017-12-01,?,?
2017-12-04,?,?
2017-12-05,?,?
2017-12-06,?,?
2017-12-07,?,?
2017-12-08,?,?
2017-12-11,?,?
2017-12-12,?,?
2017-12-13,?,?
2017-12-14,?,?
2017-12-15,?,?
2017-12-18,?,?
2017-12-19,?,?
2017-12-20,?,?
2017-12-21,?,?
2017-12-22,?,?
2017-12-25,?,?
2017-12-26,?,?
2017-12-27,?,?
2017-12-28,?,?
2017-12-29,?,?
2018-01-01,?,?
2018-01-02,?,?
2018-01-03,?,?
2018-01-04,?,?
2018-01-05,?,?
2018-01-08,?,?
2018-01-09,?,?
2018-01-10,?,?
2018-01-11,?,?
2018-01-12,?,?
2018-01-15,?,?
2018-01-16,?,?
2018-01-17,?,?
2018-01-18,?,?
2018-01-19,?,?
2018-01-22,?,?
2018-01-23,?,?
2018-01-24,?,?
2018-01-25,?,?
2018-01-26,?,?
2018-01-29,?,?
2018-01-30,?,?
2018-01-31,?,?
2018-02-01,?,?
2018-02-02,?,?
2018-02-05,?,?
2018-02-06,?,?
2018-02-07,?,?
2018-02-08,?,?
2018-02-09,?,?
2018-02-12,?,?
2018-02-13,?,?
2018-02-14,?,?
2018-02-15,?,?
2018-02-16,?,?
2018-02-19,?,?
2018-02-20,?,?
2018-02-21,?,?
2018-02-22,?,?
2018-02-23,?,?
2018-02-26,?,?
2018-02-27,?,?
2018-02-28,?,?
2018-03-01,?,?
2018-03-02,?,?
2018-03-05,?,?
2018-03-06,?,?
2018-03-07,?,?
2018-03-08,?,?
