Date,AUD,CAD,CHF,CYP,CZK,DKK,EEK,EUR,GBP,HKD,HUF,ISK,JPY,KRW,LTL,LVL,MTL,NOK,NZD,PLN,ROL,SEK,SGD,SIT,SKK,TRL,ZAR
1999-01-04,1.6202,1.5272,1.3714,0.49394,29.779,6.3195,13.273,0.84825,0.60319,7.7472,213.32,69.115,113.44,1186.4,4.0012,0.56561,0.37594,7.5112,1.8856,3.4534,11121.0,8.0326,1.6587,160.35,36.467,315780.0,5.8833
1999-01-05,1.6068,1.5237,1.3675,0.49389,29.616,6.3185,13.271,0.84818,0.60407,7.7473,212.72,69.152,111.08,1164.5,4.0012,0.56463,0.37591,7.4423,1.8669,3.4135,11169.0,7.975,1.6671,160.12,36.343,316220.0,5.7655
1999-01-06,1.6027,1.5082,1.3724,0.49561,29.677,6.3401,13.325,0.85157,0.60257,7.7501,213.46,69.437,111.91,1157.7,4.0019,0.56621,0.37639,7.4372,1.8641,3.4118,11213.0,7.9239,1.6775,160.69,36.429,316950.0,5.7317
1999-01-07,1.5882,1.5132,1.3897,0.50023,29.991,6.3988,13.452,0.8597,0.60682,7.7485,215.0,69.687,111.27,1149.6,4.0017,0.56972,0.37938,7.4188,1.851,3.453,11255.0,7.892,1.6709,162.31,36.765,318220.0,5.8703
1999-01-08,1.5787,1.5133,1.3842,0.49907,29.967,6.3842,13.421,0.85771,0.60846,7.7453,214.56,69.466,111.58,1172.2,4.0006,0.57072,0.37902,7.3677,1.849,3.462,11273.0,7.8609,1.6757,161.97,36.504,318920.0,5.82
1999-01-11,1.5675,1.5095,1.392,0.50278,30.403,6.4338,13.525,0.86438,0.60887,7.7496,215.84,69.626,109.2,1172.7,4.0017,0.56928,0.38076,7.3978,1.8374,3.4852,11220.0,7.8646,1.6733,163.34,36.744,321960.0,5.87
1999-01-12,1.5703,1.5097,1.3951,0.50469,30.599,6.4609,13.582,0.86806,0.61337,7.747,216.32,69.957,112.53,1174.8,4.0007,0.573,0.3822,7.474,1.8411,3.5009,11208.0,7.8954,1.6791,164.53,36.884,323000.0,6.04
1999-01-13,1.5855,1.5432,1.3565,0.49549,30.75,6.3379,13.323,0.8515,0.6032,7.7493,217.14,69.176,112.3,1173.3,4.0009,0.56846,0.37764,7.4481,1.8515,3.5791,11196.0,7.7827,1.6872,162.81,36.439,320460.0,6.177
1999-01-14,1.575,1.5195,1.3674,0.49936,30.634,6.3878,13.427,0.85815,0.60602,7.748,217.83,69.45,113.91,1186.1,4.0021,0.57144,0.37879,7.4869,1.851,3.5472,11271.0,7.8392,1.6833,162.14,36.692,321890.0,6.12
1999-01-15,1.5816,1.5308,1.3748,0.50049,30.845,6.403,13.459,0.86014,0.60545,7.75,217.91,69.413,113.31,1183.4,4.001,0.56916,0.38027,7.4961,1.8564,3.6126,11323.0,7.8763,1.6833,160.96,36.761,321860.0,6.21
1999-01-18,1.5753,1.5257,1.3782,0.50089,30.671,6.4098,13.475,0.86118,0.60394,7.7458,215.97,69.428,114.45,1180.9,4.0008,0.57053,0.38004,7.4556,1.8663,3.5022,11422.0,7.8307,1.6835,163.07,36.79,329000.0,5.9935
1999-01-19,1.575,1.5271,1.3775,0.50083,30.772,6.4032,13.47,0.86088,0.60262,7.7431,215.77,69.318,113.76,1174.7,3.9997,0.56904,0.37982,7.4294,1.8607,3.5273,11480.0,7.7518,1.6805,163.09,36.791,328900.0,6.04
1999-01-20,1.5606,1.5228,1.3844,0.50251,30.905,6.4257,13.518,0.86393,0.60596,7.7413,215.97,69.538,113.68,1165.6,3.9987,0.56942,0.38056,7.4298,1.8574,3.5289,11468.0,7.7447,1.6759,163.34,36.861,328670.0,6.0
1999-01-21,1.5703,1.5148,1.3852,0.50262,31.161,6.428,13.521,0.86415,0.6069,7.7469,216.19,69.409,112.63,1172.5,4.0009,0.56991,0.38049,7.4361,1.857,3.567,11478.0,7.7281,1.6737,163.33,37.009,328670.0,6.0315
1999-01-22,1.5756,1.5142,1.3818,0.50292,31.371,6.4297,13.527,0.86453,0.6056,7.7581,216.27,69.543,114.01,1180.8,4.005,0.57085,0.38039,7.4544,1.8604,3.5953,11485.0,7.7903,1.6825,162.93,37.093,326960.0,6.0776
1999-01-25,1.5812,1.5211,1.3783,0.50213,31.259,6.4198,13.507,0.86326,0.60333,7.7491,216.22,69.294,114.03,1179.4,4.0008,0.5701,0.38087,7.4348,1.8697,3.5918,11497.0,7.7175,1.6883,162.93,37.071,328160.0,6.0636
1999-01-26,1.5879,1.5204,1.3834,0.50241,31.614,6.4203,13.51,0.86341,0.60231,7.7541,216.45,69.107,113.81,1174.7,3.998,0.57166,0.37981,7.4361,1.8709,3.6122,11508.0,7.7025,1.6847,163.69,37.07,328500.0,6.04
1999-01-27,1.5884,1.5202,1.3949,0.50435,31.628,6.4496,13.572,0.86738,0.60439,7.75,216.91,69.286,114.42,1175.0,4.0018,0.57308,0.3826,7.4581,1.873,3.6073,11538.0,7.7041,1.6867,164.56,37.204,329400.0,6.0427
1999-01-28,1.6005,1.5227,1.4136,0.5094,31.93,6.517,13.713,0.87642,0.60719,7.75,218.53,69.833,115.91,1175.4,4.0016,0.57599,0.38352,7.511,1.8725,3.6267,11568.0,7.7695,1.6906,166.21,37.435,331680.0,6.06
1999-01-29,1.5888,1.5162,1.4163,0.51047,32.35,6.5319,13.745,0.87843,0.60699,7.747,218.94,69.914,116.04,1174.7,4.0006,0.57546,0.38396,7.5356,1.8541,3.6551,11665.0,7.8004,1.6895,165.58,37.532,331930.0,6.0439
1999-02-01,1.5772,1.5102,1.419,0.51252,32.759,6.5587,13.8,0.88199,0.60893,7.7473,219.59,70.259,115.43,1174.5,4.0003,0.57532,0.38508,7.5318,1.8399,3.7361,11825.0,7.8144,1.6907,167.11,37.822,334850.0,6.035
1999-02-02,1.5649,1.5065,1.4115,0.51236,32.985,6.5598,13.802,0.88207,0.60757,7.7489,219.63,70.124,112.64,1170.0,4.001,0.57387,0.38493,7.5721,1.8312,3.7308,11993.0,7.8306,1.686,168.37,37.668,335350.0,6.01
1999-02-03,1.5532,1.5128,1.4091,0.51241,32.785,6.5601,13.802,0.88207,0.61083,7.7511,219.63,70.213,111.9,1170.7,4.0022,0.57334,0.38538,7.6078,1.8141,3.7059,12049.0,7.8636,1.6876,168.02,37.461,335400.0,6.01
1999-02-04,1.5574,1.505,1.4221,0.5156,32.991,6.6023,13.892,0.88786,0.61209,7.7507,220.87,70.425,113.34,1170.6,4.0024,0.57258,0.38702,7.6734,1.8167,3.6857,12124.0,7.9011,1.6877,169.07,37.662,337590.0,6.0305
1999-02-05,1.5315,1.4847,1.418,0.51443,33.09,6.585,13.857,0.88558,0.60972,7.7506,220.43,70.351,113.31,1170.1,4.0019,0.57129,0.38611,7.6802,1.8093,3.6976,12238.0,7.8569,1.6888,168.51,37.6,338610.0,6.0325
1999-02-08,1.5321,1.4872,1.4243,0.51645,33.532,6.6117,13.913,0.88921,0.61248,7.7489,221.09,70.558,113.66,1175.7,3.9994,0.57229,0.38734,7.6649,1.7917,3.7309,12198.0,7.8757,1.6897,169.24,37.842,339910.0,5.954
1999-02-09,1.5484,1.4951,1.4117,0.51257,33.846,6.561,13.807,0.88238,0.60981,7.7509,220.37,70.22,114.63,1175.6,3.9997,0.57434,0.38595,7.633,1.801,3.7554,12110.0,7.8593,1.6926,168.23,37.669,339200.0,6.0875
1999-02-10,1.549,1.494,1.4074,0.51218,33.623,6.555,13.796,0.88168,0.61312,7.7485,221.35,70.226,115.26,1177.7,3.9999,0.57653,0.386,7.6199,1.8118,3.7425,12143.0,7.876,1.693,168.8,37.654,339660.0,6.1154
1999-02-11,1.5406,1.4896,1.4114,0.51351,33.54,6.5724,13.832,0.88402,0.6166,7.7529,220.69,70.456,114.35,1175.7,4.0026,0.57443,0.38676,7.641,1.8106,3.7588,12242.0,7.8845,1.6888,168.14,37.859,340210.0,6.0621
1999-02-12,1.5527,1.4899,1.4223,0.51641,33.671,6.6121,13.916,0.88936,0.61517,7.752,221.74,70.802,114.66,1175.9,4.0031,0.57542,0.38776,7.6552,1.8276,3.7622,12152.0,7.9425,1.6931,169.37,38.24,344160.0,6.0975
1999-02-15,1.5441,1.4932,1.4193,0.51675,33.989,6.6158,13.923,0.88984,0.61354,7.7492,222.16,70.751,115.06,1175.4,4.0007,0.57537,0.3877,7.6464,1.8269,3.7918,12158.0,7.9031,1.6883,168.68,38.202,343710.0,6.1238
1999-02-16,1.5629,1.5038,1.4294,0.51943,34.207,6.6524,14.001,0.89477,0.61328,7.749,223.3,71.296,117.95,1174.9,4.0011,0.57785,0.39164,7.7134,1.866,3.8249,12253.0,7.9214,1.6979,170.32,38.427,345040.0,6.1917
1999-02-17,1.5774,1.5,1.4194,0.516,33.742,6.6072,13.905,0.88865,0.61077,7.7511,223.13,71.021,118.62,1175.8,4.0041,0.57691,0.38701,7.7273,1.8591,3.8025,12258.0,7.9152,1.6988,168.98,38.18,344930.0,6.13
1999-02-18,1.5747,1.4922,1.4229,0.517,33.826,6.6193,13.931,0.89031,0.61173,7.7475,224.41,71.163,119.66,1181.8,4.0012,0.5779,0.38827,7.78,1.8556,3.8141,12337.0,7.9483,1.7004,168.95,38.348,345570.0,6.19
1999-02-19,1.5679,1.4885,1.4317,0.52,33.838,6.66,14.017,0.89582,0.61256,7.7534,225.64,71.441,120.01,1205.2,4.0027,0.57932,0.38878,7.8003,1.842,3.8152,12386.0,7.9826,1.7081,169.96,39.081,348270.0,6.2325
1999-02-22,1.5681,1.4875,1.4543,0.52766,34.455,6.7636,14.235,0.90975,0.61763,7.7497,227.55,72.389,121.55,1216.8,4.0026,0.58197,0.39292,7.9044,1.8556,3.8763,12445.0,8.1036,1.7144,172.33,39.927,351300.0,6.2327
1999-02-23,1.563,1.4972,1.4545,0.52865,34.504,6.7776,14.265,0.91166,0.61956,7.7327,227.82,72.349,121.38,1209.0,3.9934,0.58228,0.39511,7.9082,1.8589,3.8662,12579.0,8.1215,1.7188,173.27,39.973,351630.0,6.228
1999-02-24,1.5824,1.5024,1.4442,0.52542,34.422,6.736,14.177,0.90604,0.62363,7.7462,228.53,72.067,121.28,1217.2,4.0009,0.58358,0.3906,7.8409,1.8817,3.879,12746.0,8.0742,1.7257,172.44,39.83,351600.0,6.1494
1999-02-25,1.5924,1.4997,1.4418,0.5258,34.443,6.7397,14.185,0.90654,0.62442,7.7478,228.95,72.061,120.45,1224.5,4.0033,0.58481,0.39335,7.8837,1.8948,3.9027,12845.0,8.1353,1.7281,172.5,39.815,352180.0,6.1875
1999-02-26,1.6173,1.5142,1.4422,0.52642,34.406,6.7475,14.201,0.90761,0.6238,7.7493,230.45,72.2,119.2,1224.0,4.0033,0.58377,0.39308,7.893,1.9124,3.9465,12775.0,8.1707,1.7213,172.87,39.897,352290.0,6.1775
1999-03-01,1.6171,1.5091,1.45,0.52786,34.198,6.7674,14.243,0.91025,0.62161,7.7498,231.69,72.055,119.36,1219.9,4.0028,0.58374,0.39359,7.8714,1.9057,3.9208,12815.0,8.1927,1.7243,173.28,39.908,355160.0,6.1638
1999-03-02,1.6067,1.5252,1.4616,0.53232,34.521,6.8288,14.372,0.91853,0.62129,7.7481,231.6,72.499,120.67,1224.4,4.0018,0.58529,0.39552,7.9471,1.8922,3.969,12967.0,8.253,1.7341,174.74,40.165,356990.0,6.2383
1999-03-03,1.6014,1.5245,1.4612,0.53187,34.454,6.8213,14.356,0.91752,0.61685,7.7453,233.07,72.364,121.28,1228.8,4.0002,0.58473,0.39444,7.9342,1.8871,3.9793,13135.0,8.2485,1.7347,174.53,40.046,357180.0,6.2284
1999-03-04,1.61,1.5285,1.4617,0.53332,34.528,6.8419,14.4,0.9203,0.62203,7.7467,234.33,72.667,123.25,1238.7,3.9992,0.58743,0.39619,7.9289,1.9023,3.9659,13399.0,8.2459,1.7352,175.16,40.098,357980.0,6.2395
1999-03-05,1.5995,1.522,1.4687,0.53483,34.413,6.8603,14.442,0.92302,0.62184,7.7496,233.67,72.706,122.94,1241.7,4.001,0.58815,0.39791,7.9195,1.892,3.9219,13389.0,8.2476,1.7285,175.91,40.497,359930.0,6.2158
1999-03-08,1.5904,1.5151,1.4607,0.53143,34.473,6.8135,14.345,0.91676,0.6212,7.7457,229.66,72.241,121.72,1237.2,3.9945,0.58572,0.39256,7.8644,1.8714,3.9025,12981.0,8.2032,1.7254,174.41,40.282,358950.0,6.1532
1999-03-09,1.5765,1.514,1.4665,0.5335,34.951,6.8424,14.404,0.92056,0.62174,7.7519,230.45,72.439,121.93,1235.8,4.0022,0.58796,0.39685,7.8804,1.8737,3.931,13415.0,8.2279,1.7322,174.75,41.014,360750.0,6.1475
1999-03-10,1.5737,1.5162,1.4621,0.52936,34.639,6.7863,14.286,0.91299,0.6159,7.7468,230.83,71.907,120.28,1232.7,3.9997,0.58578,0.39423,7.8001,1.8681,3.9388,13540.0,8.1188,1.7301,174.71,40.519,359590.0,6.1625
1999-03-11,1.5741,1.5229,1.4665,0.53222,34.738,6.8246,14.367,0.91819,0.61464,7.7512,232.18,71.94,120.28,1230.4,4.0017,0.587,0.39684,7.8055,1.8702,3.9528,13728.0,8.1085,1.7365,174.58,40.832,361090.0,6.1775
1999-03-12,1.5777,1.5238,1.4613,0.53029,34.751,6.799,14.313,0.91475,0.6116,7.7473,231.74,71.89,119.65,1233.5,4.0008,0.58489,0.39343,7.8014,1.8772,3.9329,13555.0,8.106,1.7334,174.12,41.03,362000.0,6.1575
1999-03-15,1.5823,1.5263,1.4622,0.52953,34.569,6.7883,14.291,0.91333,0.61549,7.7511,231.49,71.833,117.68,1230.7,3.9995,0.58425,0.39291,7.7884,1.8708,3.9367,13894.0,8.109,1.714,174.34,40.787,362320.0,6.2203
1999-03-16,1.593,1.5281,1.4673,0.53161,34.905,6.8179,14.354,0.91735,0.6149,7.7437,232.69,71.966,118.02,1225.6,3.9961,0.58664,0.39712,7.8447,1.8909,3.9544,14614.0,8.2277,1.7221,174.65,40.593,363420.0,6.2549
1999-03-17,1.596,1.5215,1.4579,0.52876,34.616,6.777,14.269,0.91191,0.61499,7.7488,231.45,71.831,118.71,1226.9,4.0,0.58773,0.39322,7.7877,1.9006,3.9276,16255.0,8.1871,1.7252,173.2,40.622,363070.0,6.255
1999-03-18,1.5854,1.5191,1.4507,0.52668,34.499,6.7491,14.209,0.9081,0.61388,7.7487,231.2,71.576,117.85,1224.8,3.9988,0.58763,0.39212,7.6998,1.8817,3.9139,16247.0,8.1166,1.7237,173.0,40.545,362450.0,6.2388
1999-03-19,1.5864,1.5156,1.4646,0.53114,34.766,6.8085,14.335,0.91617,0.61457,7.7499,232.38,71.901,117.26,1215.2,4.0003,0.58882,0.39414,7.743,1.8801,3.9054,14850.0,8.1878,1.724,174.42,40.88,365720.0,6.2217
1999-03-22,1.5808,1.512,1.4696,0.53345,35.109,6.8407,14.403,0.92047,0.6146,7.7499,233.11,72.082,117.82,1222.8,4.0,0.58763,0.39516,7.7729,1.876,3.9401,14900.0,8.2221,1.7273,175.29,41.147,366820.0,6.1722
1999-03-23,1.5642,1.5065,1.4634,0.53198,35.153,6.8204,14.36,0.91777,0.61546,7.7477,233.22,72.063,118.34,1225.0,3.9994,0.58636,0.39418,7.7492,1.8558,3.9361,14906.0,8.1975,1.733,174.89,41.024,366980.0,6.1968
1999-03-24,1.5642,1.5071,1.4557,0.53048,35.307,6.8003,14.318,0.91508,0.6088,7.7501,234.36,71.934,117.68,1223.3,4.0012,0.58529,0.39303,7.7306,1.8577,3.9825,14500.0,8.2078,1.7249,174.62,40.908,366860.0,6.215
1999-03-25,1.5693,1.5114,1.463,0.53194,35.288,6.8191,14.358,0.9176,0.61186,7.7419,234.22,72.013,118.05,1222.6,3.9994,0.5857,0.39512,7.7661,1.8654,3.9608,14565.0,8.2648,1.7258,175.1,41.03,367700.0,6.2221
1999-03-26,1.5717,1.5054,1.4762,0.53568,35.465,6.8718,14.468,0.92464,0.61489,7.7427,234.77,72.325,119.21,1221.7,3.9987,0.58779,0.39704,7.7448,1.862,3.954,14750.0,8.2755,1.7304,176.2,41.38,369060.0,6.2025
1999-03-29,1.581,1.5137,1.4911,0.54169,36.046,6.9506,14.634,0.93528,0.61869,7.7486,237.52,72.849,120.45,1225.0,4.0015,0.59119,0.39918,7.8222,1.8774,3.999,15000.0,8.3754,1.7337,177.35,42.068,373930.0,6.2475
1999-03-30,1.5874,1.5146,1.4897,0.5406,35.888,6.9384,14.608,0.93362,0.61974,7.7536,237.97,72.804,120.31,1225.4,4.0043,0.59135,0.39894,7.8037,1.8772,3.9754,15330.0,8.3582,1.7344,177.87,41.92,373820.0,6.223
1999-03-31,1.5882,1.5091,1.4877,0.53907,35.741,6.9184,14.566,0.93093,0.62028,7.7477,237.22,72.705,118.98,1226.9,4.0014,0.58983,0.39918,7.7709,1.8845,3.998,14950.0,8.2731,1.7263,177.93,41.856,373120.0,6.19
1999-04-01,1.5715,1.5044,1.4813,0.53877,35.724,6.899,14.526,0.92833,0.62105,7.7689,236.18,72.698,119.49,1226.9,4.0106,0.59051,0.39723,7.7446,1.8667,4.0271,14810.0,8.2519,1.7333,176.94,41.767,374200.0,6.1735
1999-04-02,1.5774,1.5004,1.4828,0.53877,35.687,6.8991,14.526,0.92833,0.62384,7.7508,235.77,72.716,120.54,1225.0,4.0013,0.59088,0.39835,7.7479,1.8756,4.0382,14795.0,8.2446,1.7318,176.81,41.758,374130.0,6.1652
1999-04-05,1.577,1.497,1.4851,0.53888,35.795,6.9111,14.553,0.93006,0.62333,7.7509,235.58,72.805,121.42,1226.6,4.0009,0.59059,0.39862,7.7665,1.8739,4.0265,14870.0,8.2632,1.7336,176.89,41.837,375440.0,6.17
1999-04-06,1.5908,1.5048,1.487,0.53991,35.756,6.9282,14.588,0.93231,0.63015,7.7536,236.02,73.075,121.19,1224.0,3.9985,0.59109,0.40136,7.7704,1.8891,4.0223,14826.0,8.2701,1.7344,177.9,41.855,375840.0,6.2175
1999-04-07,1.592,1.5026,1.4754,0.53577,35.33,6.8732,14.472,0.9249,0.62634,7.7494,235.04,73.03,121.41,1222.3,3.999,0.58916,0.3978,7.74,1.8813,3.9821,14500.0,8.2584,1.7356,176.44,41.545,375680.0,6.175
1999-04-08,1.6014,1.4989,1.4751,0.53553,35.185,6.8702,14.464,0.92439,0.6222,7.7481,234.36,72.971,120.59,1223.1,4.0006,0.58957,0.39712,7.7745,1.8841,3.9682,14525.0,8.2862,1.7302,176.53,41.401,375860.0,6.2325
1999-04-09,1.5923,1.5032,1.4815,0.53853,35.29,6.8958,14.518,0.92782,0.62386,7.7468,235.04,73.056,121.31,1222.9,3.9987,0.59102,0.39896,7.8048,1.8753,3.982,14275.0,8.2984,1.7336,177.19,41.515,376640.0,6.1878
1999-04-12,1.5741,1.4982,1.4751,0.5342,35.09,6.8405,14.399,0.92022,0.61866,7.7535,234.49,72.771,119.88,1223.3,4.0025,0.58958,0.39652,7.7342,1.8442,3.9641,14283.0,8.3004,1.7226,176.17,41.319,377150.0,6.1709
1999-04-13,1.5718,1.4908,1.4893,0.53813,35.444,6.9052,14.535,0.92894,0.61969,7.7501,235.66,73.117,120.45,1221.6,3.9991,0.59164,0.40167,7.7701,1.8463,3.9966,14789.0,8.3209,1.7172,178.86,41.665,379350.0,6.2212
1999-04-14,1.5654,1.4928,1.4881,0.53704,35.228,6.8908,14.505,0.92704,0.61806,7.7512,235.16,72.838,119.17,1215.4,3.9995,0.58969,0.39789,7.7325,1.8389,3.9775,14900.0,8.2859,1.6948,179.33,41.617,379640.0,6.0975
1999-04-15,1.5744,1.494,1.4866,0.53709,34.962,6.8916,14.507,0.92713,0.61951,7.7487,235.17,72.733,118.68,1214.8,3.9989,0.58928,0.3982,7.7369,1.8508,3.9738,14950.0,8.2783,1.6909,178.66,41.608,379460.0,6.09
1999-04-16,1.55,1.4858,1.5023,0.54272,35.547,6.9678,14.667,0.93738,0.62177,7.7531,236.86,73.088,118.26,1216.7,4.0022,0.59027,0.40101,7.7686,1.8408,4.0156,14902.0,8.3263,1.707,180.31,42.098,382110.0,6.1296
1999-04-19,1.5349,1.4817,1.5057,0.54423,35.488,6.9885,14.711,0.9402,0.61922,7.7467,236.48,73.129,118.16,1207.4,4.0002,0.58941,0.40118,7.7741,1.8182,4.0106,14898.0,8.3518,1.7049,181.17,42.312,384380.0,6.0745
1999-04-20,1.538,1.4865,1.5067,0.54372,35.536,6.9818,14.698,0.93932,0.61892,7.7394,236.02,73.06,117.87,1206.3,3.9964,0.58886,0.40081,7.7733,1.8159,4.0085,14884.0,8.359,1.7033,180.9,42.272,384020.0,6.0688
1999-04-21,1.5444,1.4902,1.5114,0.54661,35.705,7.0212,14.781,0.94464,0.6228,7.748,236.36,73.399,119.27,1188.2,4.0007,0.5905,0.40195,7.799,1.8286,4.0168,14783.0,8.4121,1.7115,182.07,42.434,386180.0,6.0825
1999-04-22,1.5467,1.4866,1.5131,0.54696,35.802,7.0246,14.788,0.94509,0.62234,7.7516,235.79,73.519,119.98,1193.4,4.0022,0.59087,0.40195,7.8107,1.8327,4.03,14847.0,8.4198,1.71,181.25,42.557,386610.0,6.0825
1999-04-23,1.5288,1.4787,1.5068,0.54426,35.583,6.9903,14.714,0.94038,0.61905,7.7491,236.6,73.274,119.66,1189.9,4.0005,0.59065,0.40041,7.7831,1.8154,4.0068,14797.0,8.3642,1.7103,180.84,42.236,387400.0,6.1089
1999-04-26,1.5403,1.4784,1.51,0.54522,35.529,7.0035,14.742,0.94215,0.6189,7.7473,236.2,73.365,118.92,1184.7,4.0005,0.59054,0.40098,7.7886,1.8238,3.9926,14795.0,8.38,1.7002,181.82,42.207,388340.0,6.075
1999-04-27,1.5455,1.4811,1.5096,0.5445,35.45,6.994,14.72,0.94073,0.61966,7.7534,235.88,73.368,119.79,1180.2,4.0013,0.59125,0.40066,7.786,1.8272,3.9941,14845.0,8.3754,1.7008,181.84,42.162,389050.0,6.0643
1999-04-28,1.5305,1.4743,1.5083,0.54275,35.446,6.9694,14.67,0.93756,0.61719,7.7485,235.58,73.073,119.12,1178.7,4.0005,0.59141,0.40034,7.778,1.8159,3.9867,14872.0,8.3565,1.696,181.01,42.122,388380.0,6.0681
1999-04-29,1.5205,1.4718,1.5157,0.54574,35.545,7.0096,14.756,0.94304,0.6209,7.7502,236.31,73.453,118.97,1176.0,4.0008,0.591,0.40126,7.7985,1.7977,3.9841,14988.0,8.4034,1.6972,182.12,42.403,389560.0,6.0625
1999-04-30,1.5172,1.4645,1.5205,0.54604,35.522,7.0136,14.765,0.94366,0.62008,7.7498,236.41,73.54,119.75,1187.5,3.9995,0.59196,0.40134,7.7866,1.7894,3.9523,14940.0,8.4057,1.7002,182.4,42.419,390180.0,6.1038
1999-05-03,1.5098,1.4558,1.5215,0.54648,35.421,7.0186,14.777,0.94438,0.62055,7.7508,236.11,73.831,119.87,1190.3,4.001,0.59297,0.40164,7.7859,1.7864,3.944,14927.0,8.4224,1.7013,182.74,42.399,392180.0,6.0731
1999-05-04,1.5142,1.4524,1.5239,0.54765,35.539,7.0352,14.812,0.94661,0.62031,7.7506,236.18,74.129,121.2,1196.7,4.0014,0.59362,0.40297,7.7987,1.7922,3.9481,14957.0,8.4707,1.7045,183.17,42.616,392680.0,6.0769
1999-05-05,1.5181,1.4564,1.5038,0.54261,35.199,6.9675,14.669,0.93747,0.61423,7.7486,234.55,73.676,120.73,1197.1,4.0009,0.59145,0.39899,7.7402,1.7972,3.9153,14938.0,8.4227,1.6986,181.59,42.139,391170.0,6.0925
1999-05-06,1.4915,1.4474,1.489,0.5365,34.752,6.8824,14.489,0.92601,0.61126,7.7504,232.06,73.183,120.94,1202.4,4.0012,0.58931,0.39606,7.6567,1.7728,3.8894,14946.0,8.3387,1.7014,179.38,41.598,390030.0,6.0865
1999-05-07,1.4947,1.4579,1.4906,0.53709,34.943,6.8915,14.507,0.92713,0.61283,7.7501,233.22,73.271,120.65,1202.4,4.0012,0.58975,0.39644,7.6567,1.7831,3.8998,14970.0,8.3047,1.6983,179.64,41.767,390020.0,6.14
1999-05-10,1.4916,1.459,1.4974,0.53946,35.109,6.9234,14.576,0.93153,0.61518,7.7513,233.33,73.544,120.93,1200.9,4.0013,0.59022,0.39776,7.6488,1.787,3.9048,14970.0,8.3321,1.6991,180.36,42.064,392730.0,6.1425
1999-05-11,1.4881,1.4553,1.4985,0.53967,34.996,6.9257,14.58,0.93179,0.61675,7.7553,232.74,73.658,121.11,1199.1,4.0035,0.59057,0.39871,7.6607,1.7821,3.8996,14986.0,8.3321,1.6994,180.57,42.111,393200.0,6.1835
1999-05-12,1.4994,1.4556,1.5079,0.54377,35.385,6.9825,14.699,0.93941,0.61785,7.7499,234.91,73.866,121.07,1205.4,4.0013,0.59079,0.40085,7.7015,1.7853,3.9189,14953.0,8.4021,1.6993,182.33,42.725,395150.0,6.2044
1999-05-13,1.496,1.463,1.5075,0.54494,35.535,6.9977,14.731,0.94144,0.61759,7.7503,235.35,73.997,121.63,1206.0,4.0015,0.59028,0.40134,7.7377,1.788,3.9519,15020.0,8.4385,1.7047,182.46,42.783,395830.0,6.251
1999-05-14,1.5035,1.4576,1.5006,0.54224,35.244,6.9623,14.656,0.93668,0.6183,7.7491,234.42,73.595,122.5,1207.4,4.0011,0.59058,0.39753,7.6644,1.7893,3.9282,14973.0,8.3824,1.7117,181.52,42.793,394800.0,6.1731
1999-05-17,1.5084,1.4678,1.4996,0.54179,35.217,6.9578,14.644,0.93589,0.6175,7.7535,234.4,73.365,123.04,1206.9,4.0022,0.59073,0.39916,7.675,1.7946,3.923,15250.0,8.402,1.7123,181.34,43.234,396840.0,6.2175
1999-05-18,1.487,1.4579,1.4989,0.5416,35.239,6.954,14.637,0.93545,0.61665,7.7533,234.13,73.34,123.12,1200.5,4.0016,0.59065,0.39888,7.6815,1.7804,3.9181,15505.0,8.4219,1.7115,181.29,43.801,397350.0,6.1672
1999-05-19,1.5094,1.4668,1.5062,0.54426,35.462,6.9913,14.714,0.94038,0.61774,7.7518,234.84,73.509,124.51,1199.3,4.0,0.59225,0.40098,7.7716,1.8119,3.92,15470.0,8.4897,1.7218,181.73,44.653,398080.0,6.1875
1999-05-20,1.5117,1.4656,1.5058,0.54404,35.634,6.9891,14.707,0.93994,0.61951,7.7543,235.03,73.625,124.22,1198.7,4.0021,0.59366,0.39571,7.7639,1.8208,3.9307,15480.0,8.4562,1.722,182.24,44.211,398950.0,6.22
1999-05-21,1.5045,1.4607,1.5166,0.54736,35.78,7.0328,14.8,0.94589,0.62268,7.7532,236.56,73.837,124.15,1193.2,4.0011,0.59412,0.40229,7.7805,1.8242,3.9413,15522.0,8.4771,1.7206,183.36,44.413,400770.0,6.1925
1999-05-24,1.5213,1.4604,1.5137,0.54662,35.718,7.0246,14.782,0.94473,0.62513,7.7547,236.45,73.888,123.63,1189.3,4.0019,0.59433,0.40236,7.7879,1.8379,3.9335,15510.0,8.4794,1.7216,183.2,44.218,401620.0,6.2175
1999-05-25,1.5182,1.4568,1.5022,0.54459,35.679,6.9962,14.724,0.941,0.62426,7.7531,236.16,73.746,122.72,1186.4,4.0015,0.59452,0.40134,7.7694,1.8344,3.9431,15508.0,8.4591,1.7233,182.35,43.901,401200.0,6.2387
1999-05-26,1.5382,1.4662,1.5139,0.54912,35.944,7.0559,14.852,0.94922,0.62458,7.754,237.71,74.124,122.23,1191.0,4.0015,0.59516,0.40332,7.8196,1.8716,3.9633,15535.0,8.5306,1.732,183.14,44.089,403170.0,6.2652
1999-05-27,1.5332,1.468,1.5219,0.55192,36.093,7.0965,14.94,0.95484,0.62551,7.7551,238.64,74.573,122.27,1188.6,4.0019,0.59582,0.40466,7.8779,1.866,3.9785,15585.0,8.5725,1.7317,186.02,44.369,404700.0,6.2575
1999-05-28,1.5313,1.4756,1.5212,0.55181,35.867,7.0923,14.932,0.95429,0.62468,7.7534,238.69,74.415,120.91,1185.6,4.001,0.59366,0.3987,7.8676,1.8663,3.9844,15616.0,8.5838,1.725,185.19,43.618,404430.0,6.2549
1999-05-31,1.5373,1.4739,1.5248,0.55327,35.915,7.1077,14.965,0.95639,0.62395,7.7542,238.75,74.493,121.63,1186.2,4.0015,0.5944,0.40484,7.8783,1.8679,3.9707,15615.0,8.5769,1.7269,185.37,43.516,406510.0,6.215
1999-06-01,1.5514,1.4764,1.5265,0.55399,36.001,7.1222,14.996,0.95841,0.62344,7.7558,238.83,74.554,121.09,1187.2,4.0013,0.59431,0.39937,7.8929,1.8843,3.9846,15623.0,8.5945,1.7232,186.26,43.299,407580.0,6.2125
1999-06-02,1.5484,1.4833,1.5327,0.55651,36.098,7.1583,15.071,0.96321,0.62059,7.7519,239.47,74.61,121.08,1185.8,4.0006,0.59545,0.40609,7.9383,1.8965,3.992,15652.0,8.6525,1.7248,187.25,43.734,408800.0,6.1965
1999-06-03,1.549,1.4779,1.5342,0.55654,36.153,7.1577,15.071,0.96321,0.62204,7.7559,239.63,74.591,121.17,1184.7,4.0013,0.59622,0.40618,7.9378,1.9071,3.9925,15720.0,8.6053,1.7263,187.29,43.877,409480.0,6.21
1999-06-04,1.5353,1.4768,1.5392,0.56003,36.341,7.2033,15.169,0.96946,0.62162,7.7574,240.82,74.804,121.62,1183.9,4.0019,0.59719,0.40737,7.9762,1.885,4.0073,15754.0,8.6394,1.7267,188.58,44.301,411690.0,6.18
1999-06-07,1.5142,1.4684,1.5372,0.55991,36.306,7.2029,15.168,0.96937,0.62175,7.7598,240.94,74.826,120.88,1183.9,4.0028,0.59713,0.40752,7.944,1.8621,4.0004,15776.0,8.624,1.7248,188.47,44.383,412290.0,6.1356
1999-06-08,1.5149,1.4677,1.5319,0.55645,35.954,7.1547,15.067,0.96293,0.62484,7.7574,239.71,74.444,121.32,1178.1,4.0018,0.59721,0.40674,7.8888,1.8824,3.9817,15779.0,8.5734,1.7127,187.84,43.868,411220.0,6.0866
1999-06-09,1.5075,1.4727,1.5205,0.55243,35.627,7.0995,14.95,0.95547,0.62326,7.7579,238.48,74.088,118.94,1165.9,4.0011,0.59517,0.40455,7.8464,1.8697,3.9576,15759.0,8.531,1.7124,186.43,43.566,410360.0,6.1162
1999-06-10,1.5117,1.4698,1.5225,0.55197,35.605,7.094,14.939,0.95475,0.62421,7.7579,238.5,74.04,118.87,1167.2,4.0015,0.59462,0.40443,7.8289,1.8686,3.9293,15790.0,8.4991,1.7143,186.1,43.731,410600.0,6.1355
1999-06-11,1.5081,1.4582,1.5247,0.55207,35.485,7.0941,14.939,0.95475,0.62116,7.7566,238.52,73.878,118.47,1167.3,3.9982,0.59376,0.40414,7.8256,1.854,3.9331,15772.0,8.4767,1.7115,186.25,43.628,411350.0,6.1177
1999-06-14,1.5105,1.4596,1.5284,0.55396,35.503,7.1191,14.992,0.95813,0.6202,7.7562,239.41,74.217,120.17,1169.9,3.9989,0.59605,0.40471,7.838,1.8642,3.941,15740.0,8.4823,1.7131,187.0,43.741,413000.0,6.085
1999-06-15,1.5141,1.4633,1.534,0.55617,35.655,7.1499,15.057,0.96228,0.62558,7.7585,240.38,74.528,120.54,1165.6,3.9996,0.59767,0.40695,7.8801,1.8694,3.9374,15754.0,8.5287,1.7107,188.66,43.732,414290.0,6.098
1999-06-16,1.5229,1.4633,1.5412,0.55853,35.817,7.1824,15.125,0.96665,0.62929,7.7546,240.76,74.123,120.25,1164.0,3.9975,0.59865,0.40986,7.8961,1.8851,3.9272,15761.0,8.5162,1.7049,189.48,43.641,415340.0,6.1294
1999-06-17,1.5174,1.4551,1.5451,0.55877,35.796,7.187,15.132,0.96712,0.62679,7.7563,241.03,74.014,119.89,1166.6,3.9989,0.59903,0.40774,7.883,1.8674,3.9195,15825.0,8.5053,1.7019,189.5,43.907,416050.0,6.08
1999-06-18,1.5313,1.4647,1.5373,0.55612,35.519,7.1536,15.063,0.96265,0.6263,7.7555,240.23,73.883,119.87,1163.0,3.9971,0.59732,0.40672,7.8331,1.8786,3.9154,15825.0,8.4217,1.7048,188.67,43.744,414770.0,5.965
1999-06-21,1.5286,1.4623,1.5443,0.55879,35.645,7.1881,15.134,0.96721,0.62927,7.7608,241.15,74.736,122.16,1166.2,4.0017,0.60054,0.4099,7.8383,1.8875,3.9034,15872.0,8.4433,1.7097,188.76,43.986,417960.0,6.0221
1999-06-22,1.5366,1.4715,1.5468,0.56023,35.715,7.2068,15.172,0.96965,0.63008,7.7599,241.57,74.605,121.79,1159.3,4.0,0.60089,0.40871,7.844,1.8927,3.9153,15713.0,8.4025,1.7,190.44,44.022,418770.0,5.9909
1999-06-23,1.5262,1.4693,1.5535,0.5619,35.841,7.2295,15.221,0.97276,0.63337,7.7731,241.8,74.611,122.13,1164.8,4.0078,0.60282,0.41031,7.8852,1.8802,3.9244,15767.0,8.4791,1.7049,190.5,44.059,419990.0,6.0168
1999-06-24,1.5185,1.4693,1.548,0.5598,35.81,7.2009,15.16,0.9689,0.63298,7.7641,241.72,74.334,122.13,1158.2,4.0034,0.60227,0.40732,7.8578,1.8647,3.92,15683.0,8.4599,1.7024,189.74,43.891,418890.0,6.0334
1999-06-25,1.5078,1.4702,1.5316,0.55463,35.402,7.1169,14.983,0.95758,0.6299,7.7589,239.92,73.983,121.42,1155.0,4.0009,0.59877,0.40582,7.8071,1.8645,3.9153,15740.0,8.3857,1.7021,190.11,43.526,418600.0,6.0417
1999-06-28,1.5192,1.4673,1.5398,0.55631,35.46,7.1551,15.063,0.96265,0.63188,7.758,240.65,74.259,121.26,1156.3,4.0002,0.60002,0.40749,7.8278,1.8702,3.9339,15838.0,8.4275,1.7045,187.88,43.76,419890.0,6.0615
1999-06-29,1.5221,1.4722,1.545,0.55751,35.394,7.1732,15.097,0.96488,0.63142,7.7557,241.09,74.17,120.9,1156.9,4.0001,0.60044,0.40785,7.8358,1.8818,3.9293,15904.0,8.4412,1.7038,189.12,43.768,420620.0,6.055
1999-06-30,1.5103,1.4777,1.5525,0.55935,35.261,7.198,15.15,0.96824,0.63546,7.7572,241.71,74.584,120.86,1157.5,4.0013,0.60147,0.4116,7.8471,1.8788,3.9291,15868.0,8.4692,1.7,189.97,43.887,421120.0,6.0632
1999-07-01,1.4942,1.4648,1.563,0.56294,35.241,7.2443,15.245,0.97428,0.63348,7.7566,242.89,74.669,120.93,1164.4,4.0001,0.60181,0.41037,7.8775,1.8671,3.9208,15820.0,8.4972,1.6981,191.43,43.949,422650.0,6.0035
1999-07-02,1.4986,1.4711,1.5682,0.56378,35.332,7.2603,15.279,0.97647,0.63451,7.7636,243.26,74.817,121.01,1165.0,4.0021,0.60346,0.41168,7.8908,1.8789,3.9207,15891.0,8.4958,1.6999,191.9,44.121,423690.0,6.0436
1999-07-05,1.5022,1.4645,1.5691,0.56428,35.367,7.2667,15.292,0.97733,0.63438,7.7608,243.43,74.844,122.34,1163.7,4.0006,0.60409,0.41106,7.887,1.8889,3.9176,15833.0,8.5042,1.6976,192.03,44.145,425390.0,6.0187
1999-07-06,1.4944,1.466,1.5693,0.56482,35.365,7.2744,15.309,0.97838,0.63732,7.7608,243.59,74.954,122.17,1168.0,4.0014,0.60464,0.41209,7.8901,1.8828,3.9196,15892.0,8.5134,1.6996,192.26,44.158,426010.0,6.0164
1999-07-07,1.5082,1.4692,1.5686,0.56506,35.414,7.274,15.307,0.97828,0.64205,7.76,243.65,74.995,122.06,1172.1,3.9992,0.60565,0.41244,7.9109,1.9073,3.9066,15859.0,8.5062,1.6958,192.39,44.155,426100.0,6.0366
1999-07-08,1.5068,1.4699,1.5742,0.56691,35.59,7.3029,15.367,0.98213,0.6427,7.7586,243.91,75.349,122.49,1180.4,3.9981,0.60725,0.41338,7.9503,1.9117,3.9,15865.0,8.5352,1.6977,192.94,44.573,427200.0,6.06
1999-07-09,1.4983,1.4703,1.5744,0.56566,35.603,7.2879,15.334,0.98001,0.64455,7.7572,244.2,75.333,122.17,1186.6,3.9991,0.60692,0.41298,7.9523,1.8941,3.9055,15826.0,8.5334,1.6987,192.49,44.329,427080.0,6.0774
1999-07-12,1.5109,1.4784,1.5875,0.56996,35.829,7.3457,15.455,0.98775,0.64471,7.7629,245.63,75.741,122.3,1183.6,4.0014,0.60846,0.41812,8.0082,1.907,3.9209,15983.0,8.6102,1.6995,193.9,44.594,430640.0,6.1623
1999-07-13,1.5114,1.4826,1.5743,0.5667,35.826,7.3033,15.366,0.98203,0.64205,7.7593,244.6,75.42,121.6,1175.4,4.0006,0.60748,0.4098,7.9697,1.911,3.9271,15768.0,8.5746,1.7007,193.41,44.402,430030.0,6.1342
1999-07-14,1.5155,1.4866,1.5778,0.56763,36.077,7.3137,15.388,0.98348,0.64152,7.7708,244.85,75.531,120.94,1177.1,4.0065,0.60838,0.41041,8.0075,1.9138,3.9236,15792.0,8.6054,1.7032,193.8,44.468,430660.0,6.1433
1999-07-15,1.5131,1.4811,1.5739,0.56592,36.029,7.2907,15.339,0.9803,0.63847,7.7593,244.43,75.238,120.62,1182.9,4.0006,0.60602,0.41172,8.0075,1.9129,3.9028,15925.0,8.6045,1.699,193.21,44.065,430600.0,6.1525
1999-07-16,1.5153,1.4836,1.5741,0.5658,35.996,7.2898,15.337,0.9802,0.63801,7.7626,244.48,75.181,120.71,1184.0,4.0025,0.60655,0.41168,7.9661,1.9084,3.8931,15903.0,8.564,1.7064,193.15,44.118,432310.0,6.1387
1999-07-19,1.5216,1.4905,1.5836,0.56873,36.126,7.3311,15.422,0.98561,0.64173,7.7594,245.43,75.37,119.85,1187.5,4.0011,0.60723,0.41415,7.982,1.9121,3.8976,15955.0,8.5881,1.703,194.2,44.328,433520.0,6.156
1999-07-20,1.5334,1.4896,1.5406,0.55511,35.082,7.1459,15.031,0.96061,0.63573,7.7559,241.04,74.236,118.24,1192.3,4.0005,0.60096,0.40759,7.829,1.9108,3.8458,16003.0,8.3742,1.6977,189.33,43.28,429040.0,6.1489
1999-07-21,1.5518,1.4965,1.535,0.55264,35.111,7.1118,14.956,0.95584,0.63592,7.7609,240.25,74.24,118.72,1202.2,4.0018,0.60065,0.40011,7.8981,1.9139,3.847,15950.0,8.377,1.6973,188.43,43.101,428720.0,6.12
1999-07-22,1.5429,1.5026,1.5304,0.55081,35.006,7.0891,14.903,0.95247,0.63263,7.7627,239.85,74.074,118.16,1208.6,4.001,0.59901,0.39823,7.8779,1.8876,3.8478,15899.0,8.3622,1.7012,187.64,42.88,428440.0,6.0815
1999-07-23,1.5411,1.5072,1.5294,0.55097,34.853,7.0901,14.908,0.95274,0.63205,7.7617,239.89,73.828,116.2,1208.5,4.0014,0.59775,0.40511,7.8497,1.8845,3.8396,15955.0,8.3603,1.698,187.77,42.612,429750.0,6.1165
1999-07-26,1.5408,1.5146,1.5018,0.54113,34.252,6.9569,14.626,0.93475,0.62918,7.7646,237.06,73.088,115.72,1209.3,4.0041,0.59376,0.39708,7.7968,1.8923,3.8043,15915.0,8.2445,1.6836,184.13,41.829,426750.0,6.135
1999-07-27,1.5508,1.5092,1.5056,0.54459,34.53,7.0051,14.724,0.941,0.62859,7.7616,237.9,73.304,116.94,1203.6,4.0014,0.59518,0.4019,7.8362,1.9095,3.8155,15950.0,8.286,1.6881,185.45,42.083,428450.0,6.134
1999-07-28,1.5529,1.513,1.5077,0.54541,34.712,7.0208,14.757,0.94313,0.63029,7.7638,238.34,73.357,116.15,1198.2,4.0028,0.59502,0.40357,7.8728,1.9126,3.8317,16046.0,8.3127,1.6795,185.99,42.107,428600.0,6.1589
1999-07-29,1.5407,1.5088,1.4962,0.54208,34.316,6.9699,14.651,0.93633,0.62406,7.7603,237.21,73.146,115.34,1203.9,4.0006,0.59223,0.39738,7.8218,1.8953,3.8352,15904.0,8.2285,1.6892,184.86,41.921,428250.0,6.128
1999-07-30,1.534,1.5054,1.4939,0.54143,34.285,6.9596,14.632,0.9351,0.61698,7.7631,237.1,72.751,115.2,1203.7,4.0016,0.59117,0.39892,7.7936,1.8859,3.86,16053.0,8.2041,1.6853,184.66,41.815,429460.0,6.151
1999-08-02,1.5416,1.509,1.4968,0.54278,34.33,6.9784,14.671,0.93765,0.618,7.7597,237.52,72.789,114.28,1199.6,3.9997,0.59062,0.39972,7.7618,1.8989,3.9015,16052.0,8.2114,1.6789,185.09,42.055,430260.0,6.2025
1999-08-03,1.5306,1.4978,1.5025,0.54377,34.432,6.9918,14.699,0.93941,0.61888,7.7647,237.92,72.879,115.26,1198.3,4.0023,0.59286,0.40085,7.7501,1.8924,3.9659,16087.0,8.2189,1.684,185.4,41.977,431270.0,6.2196
1999-08-04,1.5175,1.4974,1.487,0.53825,33.819,6.9152,14.54,0.92928,0.61583,7.7626,235.93,72.428,114.66,1200.4,4.0008,0.58972,0.39532,7.7158,1.8632,3.9276,16065.0,8.1363,1.6776,183.28,41.532,429440.0,6.1667
1999-08-05,1.5243,1.4922,1.4814,0.53681,33.695,6.8974,14.5,0.9267,0.61811,7.7622,235.82,72.44,114.33,1201.5,4.0009,0.58947,0.39709,7.7004,1.8766,3.9623,16092.0,8.1336,1.6759,182.86,41.388,429410.0,6.162
1999-08-06,1.5325,1.4998,1.4915,0.53921,33.899,6.931,14.569,0.9311,0.61918,7.7639,236.64,72.672,114.65,1200.7,4.002,0.59069,0.39823,7.7398,1.8905,3.9494,16035.0,8.1899,1.6665,183.0,41.592,431830.0,6.1785
1999-08-09,1.5366,1.4999,1.494,0.54081,34.033,6.9525,14.617,0.93414,0.62261,7.7624,237.24,72.844,115.25,1198.4,4.0013,0.59206,0.39654,7.7193,1.8966,3.9546,16029.0,8.2036,1.6664,184.18,41.801,432800.0,6.1671
1999-08-10,1.5345,1.5022,1.4905,0.53942,33.875,6.9318,14.573,0.93136,0.61982,7.7668,236.74,72.646,114.79,1199.7,4.0037,0.59104,0.39713,7.7065,1.8901,3.9471,16003.0,8.2062,1.6651,183.78,41.686,432630.0,6.1665
1999-08-11,1.5423,1.4929,1.502,0.54269,34.147,6.9734,14.667,0.93738,0.62083,7.7612,237.8,72.657,115.22,1201.5,4.0009,0.59196,0.39679,7.7226,1.8921,3.9409,16065.0,8.2462,1.6716,185.01,41.956,434440.0,6.148
1999-08-12,1.5407,1.4867,1.5062,0.54409,34.228,6.9896,14.709,0.94003,0.62173,7.7638,238.47,72.918,115.86,1205.2,4.0012,0.59325,0.40073,7.7331,1.8888,3.9237,16060.0,8.2473,1.6763,185.51,42.07,435350.0,6.13
1999-08-13,1.5359,1.4836,1.5014,0.54267,34.072,6.9711,14.669,0.93747,0.62051,7.7665,238.11,72.72,114.76,1207.4,4.0026,0.59201,0.3988,7.743,1.8862,3.9309,16047.0,8.2427,1.6744,184.93,42.023,436360.0,6.0934
1999-08-16,1.5336,1.4789,1.5181,0.54822,34.333,7.0459,14.827,0.9476,0.62399,7.7626,239.87,72.984,114.92,1202.8,4.0,0.59282,0.40282,7.7897,1.8839,3.9564,16091.0,8.3081,1.6702,186.79,42.399,438690.0,6.1156
1999-08-17,1.5429,1.4795,1.521,0.54942,34.338,7.064,14.864,0.94994,0.62544,7.7627,240.3,73.212,114.32,1205.4,3.9996,0.59352,0.39878,7.7885,1.9041,3.9589,16082.0,8.2996,1.6816,187.18,42.358,439950.0,6.1038
1999-08-18,1.5547,1.4837,1.5229,0.54997,34.443,7.0708,14.878,0.95084,0.62337,7.7669,240.7,73.139,113.06,1203.0,4.0009,0.59323,0.40373,7.804,1.8995,3.9571,16090.0,8.3123,1.6767,187.65,42.324,440410.0,6.1209
1999-08-19,1.5736,1.488,1.5211,0.54997,34.544,7.0706,14.878,0.95084,0.62337,7.7645,240.69,72.882,111.27,1199.0,4.0012,0.5918,0.40344,7.8012,1.8853,3.9637,16095.0,8.3184,1.6756,187.19,42.389,440970.0,6.13
1999-08-20,1.5715,1.4972,1.4976,0.5427,34.113,6.9717,14.669,0.93747,0.61779,7.6553,238.31,71.857,111.71,1182.2,3.945,0.58348,0.39777,7.7313,1.8839,3.9653,15869.0,8.2282,1.652,184.5,41.792,434770.0,6.0438
1999-08-23,1.5688,1.4966,1.506,0.5457,34.359,7.0105,14.753,0.94286,0.6204,7.7649,239.31,72.553,111.29,1197.4,4.0013,0.58967,0.40109,7.78,1.8795,3.9664,16112.0,8.2604,1.6805,185.56,42.051,440470.0,6.0834
1999-08-24,1.5661,1.4969,1.5229,0.55017,34.502,7.0713,14.885,0.95129,0.62557,7.767,240.83,73.012,111.7,1198.8,4.0027,0.59237,0.39916,7.8363,1.8979,3.9775,16138.0,8.2967,1.6901,187.05,42.309,443340.0,6.0964
1999-08-25,1.5827,1.493,1.5346,0.55411,34.851,7.1248,14.998,0.9585,0.62992,7.7636,242.15,73.363,110.9,1191.4,4.0013,0.59302,0.39998,7.9014,1.9406,3.9778,16150.0,8.3226,1.691,188.43,42.588,445300.0,6.105
1999-08-26,1.5824,1.5019,1.5327,0.55409,34.938,7.112,14.97,0.95675,0.62897,7.7612,241.97,73.594,111.35,1189.8,3.9993,0.5929,0.39925,7.9645,1.9421,3.9837,16140.0,8.3362,1.6906,187.94,42.331,445090.0,6.0899
1999-08-27,1.5778,1.4946,1.5324,0.55323,35.017,7.1134,14.973,0.95694,0.63043,7.7653,242.05,73.55,111.66,1182.6,4.0019,0.59349,0.40593,7.9373,1.9465,3.9858,16195.0,8.3187,1.6877,188.19,42.292,447320.0,6.0937
1999-08-30,1.5784,1.4872,1.5323,0.55302,35.01,7.1107,14.967,0.95657,0.62962,7.764,242.0,73.484,111.06,1184.0,4.0011,0.59288,0.40568,7.9391,1.9474,3.9956,16220.0,8.337,1.6874,187.99,42.275,447370.0,6.093
1999-08-31,1.5666,1.4899,1.513,0.54705,34.591,7.0315,14.799,0.94581,0.62281,7.7659,240.13,72.742,109.27,1179.9,3.9994,0.58839,0.40197,7.8308,1.9331,3.9803,16209.0,8.22,1.6823,185.94,41.593,445560.0,6.0817
1999-09-01,1.5687,1.4936,1.508,0.54531,34.564,7.0051,14.743,0.94224,0.62122,7.7644,239.57,72.534,109.3,1184.6,4.0009,0.58777,0.39744,7.7994,1.9444,3.9709,16227.0,8.1984,1.6831,185.23,41.457,444600.0,6.063
1999-09-02,1.553,1.4892,1.4998,0.5429,34.451,6.9732,14.675,0.93791,0.62193,7.7652,239.79,72.425,108.95,1190.0,4.0002,0.58685,0.39927,7.8044,1.9212,4.0293,16190.0,8.1589,1.6846,184.36,41.272,444680.0,6.0311
1999-09-03,1.5499,1.4967,1.4949,0.54198,34.354,6.9646,14.648,0.93615,0.62104,7.7637,239.52,72.327,109.83,1191.0,3.9998,0.58725,0.39665,7.8071,1.9296,4.0304,16287.0,8.16,1.6874,183.97,41.112,446190.0,6.025
1999-09-06,1.5524,1.4903,1.5082,0.54631,34.49,7.0208,14.77,0.94393,0.62365,7.7639,241.88,72.607,109.78,1192.2,4.0001,0.58882,0.40532,7.8205,1.9349,4.0605,16446.0,8.1707,1.6886,185.46,41.391,448090.0,6.0851
1999-09-07,1.5515,1.4888,1.5134,0.54751,34.574,7.0386,14.81,0.94652,0.62243,7.7672,241.48,72.788,111.16,1193.8,4.0018,0.59044,0.40227,7.8301,1.906,4.1086,16284.0,8.1685,1.6936,185.99,41.53,449320.0,6.0385
1999-09-08,1.5406,1.49,1.5069,0.54512,34.596,7.0071,14.743,0.94224,0.61585,7.765,240.31,72.468,110.7,1194.7,4.0016,0.58805,0.40083,7.7495,1.8943,4.0987,16334.0,8.1193,1.6943,185.17,41.569,448880.0,6.0884
1999-09-09,1.5372,1.4852,1.5108,0.54626,34.564,7.0206,14.772,0.94411,0.6149,7.7653,240.68,72.441,108.91,1190.4,3.9996,0.58695,0.40219,7.7625,1.8944,4.0535,16363.0,8.1311,1.6885,185.45,41.513,449970.0,6.0981
1999-09-10,1.5346,1.4808,1.5233,0.54981,34.708,7.067,14.874,0.95057,0.61435,7.766,241.93,72.614,109.32,1192.6,4.0002,0.58783,0.40475,7.8175,1.8769,4.0105,16447.0,8.182,1.6916,186.69,41.733,451170.0,6.1266
1999-09-13,1.5249,1.4736,1.5525,0.5586,35.344,7.1878,15.13,0.96693,0.61951,7.7661,245.63,73.216,106.22,1190.7,4.0006,0.58838,0.4065,7.9013,1.8739,4.0753,16343.0,8.2977,1.6846,189.95,42.459,457290.0,6.0715
1999-09-14,1.5273,1.4703,1.5485,0.55755,35.032,7.174,15.1,0.96506,0.6242,7.765,244.81,73.306,106.4,1193.2,3.9998,0.58879,0.40687,7.8952,1.8855,4.144,16347.0,8.2957,1.6887,189.57,42.438,457380.0,6.079
1999-09-15,1.5416,1.478,1.5461,0.55727,35.092,7.1677,15.09,0.96441,0.6232,7.767,245.51,73.257,104.1,1192.1,4.0028,0.58646,0.40611,7.9362,1.9103,4.1526,16346.0,8.3176,1.6878,189.61,42.388,457280.0,6.0874
1999-09-16,1.5453,1.4774,1.5457,0.5572,35.027,7.1658,15.086,0.96413,0.61859,7.7645,245.64,73.207,104.2,1198.6,4.0013,0.58581,0.4058,7.9208,1.908,4.1453,16367.0,8.3282,1.6931,189.27,42.372,458550.0,6.14
1999-09-17,1.5402,1.4697,1.5434,0.55586,35.022,7.1485,15.05,0.96182,0.61777,7.7624,245.58,73.156,106.43,1202.6,3.9996,0.58584,0.40502,7.8999,1.9003,4.1177,16373.0,8.2928,1.6929,188.96,42.117,459620.0,6.102
1999-09-20,1.5537,1.4764,1.5423,0.55548,34.938,7.1421,15.037,0.96098,0.61599,7.7649,245.06,72.862,107.71,1200.4,4.0002,0.58716,0.40477,7.8637,1.9151,4.0931,16377.0,8.2438,1.6985,188.65,42.068,460000.0,6.0865
1999-09-21,1.5482,1.4754,1.5449,0.55644,34.961,7.1544,15.063,0.96265,0.61446,7.767,245.0,72.69,104.66,1202.4,4.0005,0.585,0.40479,7.874,1.9044,4.1009,16375.0,8.2566,1.699,189.09,42.019,460980.0,6.0734
1999-09-22,1.535,1.4701,1.5248,0.55029,34.541,7.0716,14.889,0.95157,0.61119,7.7678,242.93,72.233,104.18,1207.5,3.9992,0.58226,0.40194,7.8238,1.9008,4.0915,16377.0,8.2101,1.7067,186.98,41.46,459390.0,6.0636
1999-09-23,1.5459,1.4708,1.5378,0.55427,34.511,7.125,15.002,0.95877,0.61266,7.7694,245.05,72.493,103.98,1208.4,4.0004,0.58399,0.40393,7.8437,1.9143,4.1052,16394.0,8.2392,1.7156,187.98,41.709,461480.0,6.0709
1999-09-24,1.5369,1.473,1.5275,0.55193,34.317,7.0934,14.936,0.95456,0.60844,7.7642,244.36,72.232,104.43,1211.9,3.9971,0.58343,0.40235,7.8193,1.9333,4.0891,16391.0,8.2298,1.7087,187.3,41.273,463050.0,6.04
1999-09-27,1.5284,1.4689,1.5382,0.55512,34.447,7.1356,15.025,0.96025,0.60755,7.7688,244.83,72.585,105.31,1210.8,3.9998,0.58527,0.3986,7.8687,1.9307,4.0985,16422.0,8.273,1.7041,188.23,41.471,464160.0,6.0035
1999-09-28,1.5333,1.4628,1.5285,0.55153,34.068,7.0901,14.926,0.95393,0.60689,7.7701,244.33,72.26,106.18,1217.9,4.0003,0.58466,0.40179,7.7964,1.9486,4.1197,16451.0,8.2295,1.7162,186.97,41.316,463380.0,5.9711
1999-09-29,1.5235,1.4621,1.515,0.5476,33.71,7.0368,14.813,0.9467,0.60873,7.7672,243.2,72.006,106.84,1217.4,3.9987,0.58269,0.39705,7.7734,1.9391,4.1108,16453.0,8.2131,1.7089,185.45,40.996,462510.0,5.99
1999-09-30,1.5373,1.4676,1.4971,0.5428,33.544,6.9697,14.671,0.93765,0.60713,7.7668,241.62,71.608,105.64,1216.6,3.9992,0.57918,0.39803,7.7647,1.9361,4.0963,16465.0,8.1796,1.7001,183.79,40.559,461130.0,6.01
1999-10-01,1.52,1.4635,1.49,0.53978,33.156,6.9291,14.585,0.93214,0.6058,7.7664,241.38,71.234,105.56,1215.4,3.9987,0.57802,0.39653,7.6874,1.9284,4.0789,16503.0,8.1492,1.693,182.68,40.419,461540.0,6.0025
1999-10-04,1.5168,1.4749,1.4847,0.54024,33.327,6.9351,14.597,0.93292,0.60351,7.7729,240.91,71.294,105.98,1216.4,4.0021,0.57851,0.39687,7.6854,1.9192,4.0906,16516.0,8.1696,1.6944,184.11,40.453,461930.0,6.0076
1999-10-05,1.5022,1.4672,1.4909,0.5418,34.304,6.9554,14.643,0.9358,0.60415,7.769,241.23,71.308,106.66,1206.6,4.0014,0.58076,0.395,7.704,1.9095,4.0794,16569.0,8.1279,1.6767,184.14,40.634,463750.0,5.976
1999-10-06,1.5134,1.4691,1.4815,0.53944,33.839,6.9228,14.573,0.93136,0.60427,7.7687,240.37,70.923,107.65,1203.7,4.0001,0.58107,0.3962,7.6977,1.9157,4.0726,16588.0,8.1196,1.6803,184.02,40.376,463280.0,6.0235
1999-10-07,1.5135,1.4688,1.4842,0.53963,33.915,6.928,14.584,0.93205,0.6049,7.7662,240.65,70.957,107.63,1201.4,3.999,0.58011,0.39547,7.7123,1.914,4.0749,16628.0,8.134,1.6771,183.33,40.424,464130.0,6.0315
1999-10-08,1.5213,1.4691,1.4972,0.54315,34.391,6.9749,14.682,0.93835,0.60533,7.7671,241.52,71.099,107.49,1203.2,4.0003,0.58121,0.39542,7.8047,1.9395,4.0942,16658.0,8.1599,1.6826,184.09,40.779,467840.0,6.052
1999-10-11,1.5291,1.4727,1.5002,0.54442,34.477,6.9912,14.718,0.94065,0.60427,7.7659,241.76,71.132,106.69,1203.6,3.9995,0.58094,0.39836,7.7984,1.9401,4.0833,16662.0,8.1563,1.6754,184.98,40.882,468590.0,6.075
1999-10-12,1.5262,1.4745,1.4947,0.54262,34.362,6.9669,14.667,0.93738,0.60546,7.7469,240.6,70.894,106.35,1200.5,3.9894,0.5793,0.39679,7.7807,1.9332,4.0787,16604.0,8.143,1.6712,184.61,40.737,467240.0,6.056
1999-10-13,1.5212,1.4767,1.4759,0.53736,34.338,6.8959,14.518,0.92782,0.60475,7.7705,239.53,70.913,107.85,1205.1,4.0012,0.57775,0.39534,7.7185,1.9316,4.0673,16685.0,8.0929,1.6873,182.62,40.87,466910.0,6.11
1999-10-14,1.5363,1.4822,1.4787,0.53843,34.368,6.9093,14.545,0.92954,0.60411,7.7709,239.67,70.794,106.85,1208.4,4.0019,0.57734,0.39645,7.7217,1.9664,4.0779,16738.0,8.1288,1.6801,182.98,40.799,467950.0,6.1185
1999-10-15,1.5428,1.4807,1.4603,0.53333,34.067,6.8392,14.396,0.92005,0.59978,7.7657,237.87,70.255,105.94,1205.2,4.0024,0.57282,0.39304,7.6755,1.9576,4.0669,16712.0,8.0771,1.6728,181.18,40.396,465870.0,6.1275
1999-10-18,1.5529,1.4888,1.4614,0.53303,34.008,6.8402,14.397,0.92013,0.59891,7.7674,237.94,70.132,105.11,1203.3,4.0016,0.57223,0.39271,7.6997,1.9682,4.087,16721.0,8.1565,1.674,181.16,40.423,468420.0,6.1442
1999-10-19,1.5461,1.4933,1.4689,0.53559,34.103,6.8715,14.464,0.92439,0.59845,7.7731,239.03,70.272,105.66,1205.0,4.0019,0.57321,0.3937,7.7246,1.964,4.1207,16750.0,8.1623,1.6728,181.28,40.471,469260.0,6.1417
1999-10-20,1.5425,1.4876,1.4765,0.53748,34.128,6.8974,14.519,0.9279,0.59942,7.7701,239.12,70.428,106.19,1204.1,4.0016,0.57502,0.39464,7.715,1.9437,4.1139,16763.0,8.1604,1.6763,182.69,40.59,470800.0,6.13
1999-10-21,1.5403,1.4886,1.4747,0.53645,34.04,6.8852,14.492,0.92618,0.59702,7.7558,238.74,70.334,106.07,1204.8,4.0006,0.57433,0.39409,7.7142,1.9405,4.1207,16770.0,8.155,1.6689,182.23,40.531,470710.0,6.142
1999-10-22,1.5358,1.4786,1.4847,0.53846,34.173,6.911,14.545,0.92954,0.59732,7.7703,239.56,70.403,105.64,1205.4,4.0023,0.57436,0.39468,7.6994,1.9429,4.1125,16792.0,8.1247,1.6645,182.91,40.649,474250.0,6.1325
1999-10-25,1.5369,1.4798,1.4958,0.54189,34.279,6.9593,14.647,0.93607,0.60217,7.7711,241.15,70.682,105.46,1204.9,4.0011,0.57624,0.39689,7.7436,1.9444,4.123,16795.0,8.1368,1.6599,184.35,40.889,476220.0,6.1335
1999-10-26,1.5312,1.4696,1.5037,0.54429,34.565,6.9913,14.716,0.94047,0.60312,7.7737,242.42,70.845,104.7,1203.8,4.0021,0.57914,0.39801,7.7725,1.9356,4.1487,16804.0,8.1647,1.6669,185.04,41.123,478110.0,6.148
1999-10-27,1.5473,1.4727,1.5158,0.54871,34.692,7.0445,14.828,0.94769,0.60576,7.7783,242.73,71.086,104.01,1201.3,4.0055,0.58188,0.40002,7.8085,1.9641,4.2,16816.0,8.1861,1.6698,186.54,41.413,480230.0,6.1574
1999-10-28,1.5543,1.4722,1.5211,0.54917,34.779,7.0569,14.854,0.94931,0.60898,7.768,243.25,70.923,104.22,1199.2,4.0001,0.58202,0.40099,7.8318,1.9664,4.2235,16845.0,8.1973,1.6671,186.8,41.506,480700.0,6.1287
1999-10-29,1.5652,1.4751,1.5335,0.55308,35.025,7.1115,14.969,0.95666,0.61159,7.774,244.26,71.233,104.84,1200.0,4.0031,0.58481,0.40295,7.8886,1.9697,4.2237,16878.0,8.2847,1.6654,188.1,41.895,481000.0,6.1477
1999-11-01,1.5658,1.4686,1.5174,0.54724,34.694,7.0316,14.8,0.94589,0.6066,7.7642,242.33,70.762,104.27,1194.4,3.9991,0.58116,0.39992,7.8079,1.9651,4.1882,16921.0,8.2099,1.6566,185.98,41.321,482050.0,6.1417
1999-11-02,1.5602,1.4652,1.5276,0.55011,34.899,7.0752,14.892,0.95175,0.6074,7.7777,243.37,71.114,104.81,1194.3,4.0054,0.58304,0.40107,7.8648,1.9633,4.2382,16980.0,8.2521,1.6669,187.2,41.559,484670.0,6.1475
1999-11-03,1.5522,1.4689,1.5325,0.55095,35.011,7.0859,14.915,0.9532,0.60633,7.7705,243.69,71.395,104.06,1191.0,4.0009,0.58174,0.40149,7.8696,1.9506,4.2371,17065.0,8.2571,1.669,187.52,41.521,485900.0,6.153
1999-11-04,1.5707,1.464,1.5342,0.5505,34.975,7.0783,14.896,0.95202,0.60824,7.7732,243.41,71.087,104.72,1183.9,4.001,0.5813,0.40185,7.8627,1.9585,4.3014,17105.0,8.303,1.6662,187.24,41.493,485780.0,6.1335
1999-11-05,1.5718,1.4581,1.5504,0.55527,35.171,7.1438,15.034,0.9608,0.61462,7.7695,245.13,71.695,105.49,1185.8,4.0004,0.58321,0.40824,7.9127,1.951,4.3354,17243.0,8.3325,1.6674,189.09,41.889,488780.0,6.1694
1999-11-08,1.5629,1.4666,1.5473,0.5555,35.127,7.1456,15.038,0.96108,0.61624,7.7738,245.23,71.802,106.06,1183.7,4.0027,0.58539,0.40481,7.9077,1.9579,4.2228,17130.0,8.333,1.6704,189.28,41.899,491470.0,6.1258
1999-11-09,1.5706,1.4697,1.5433,0.556,34.95,7.1322,15.011,0.95932,0.61541,7.7745,244.98,71.652,104.92,1185.5,4.0029,0.58394,0.40436,7.8679,1.9634,4.2319,17170.0,8.3073,1.6702,188.9,41.732,492090.0,6.1115
1999-11-10,1.5621,1.4698,1.5458,0.55563,35.035,7.1474,15.042,0.96135,0.6168,7.7721,245.34,71.534,105.1,1179.7,4.0016,0.5845,0.40492,7.8663,1.9525,4.2874,17178.0,8.3229,1.6732,189.33,41.756,493010.0,6.12
1999-11-11,1.5573,1.4679,1.5457,0.55542,35.002,7.1461,15.037,0.96098,0.61638,7.7754,245.41,71.709,105.04,1173.6,4.0032,0.58476,0.40486,7.8729,1.9488,4.3102,17236.0,8.3101,1.6756,189.34,41.57,494720.0,6.1309
1999-11-12,1.5542,1.4631,1.5598,0.56056,35.264,7.2136,15.179,0.97012,0.61894,7.7723,247.01,72.002,104.99,1169.9,4.0008,0.58624,0.40716,7.9458,1.9406,4.3309,17320.0,8.377,1.6672,191.14,41.954,496290.0,6.127
1999-11-15,1.5522,1.4635,1.5588,0.56089,35.259,7.2196,15.19,0.97078,0.61848,7.7725,247.25,72.061,104.83,1181.1,3.9994,0.58645,0.40714,7.9279,1.9191,4.3054,17350.0,8.3647,1.6656,191.3,41.841,499240.0,6.1319
1999-11-16,1.5553,1.4658,1.5525,0.55895,35.159,7.1953,15.138,0.96749,0.6162,7.7752,246.62,71.894,105.86,1178.4,4.0005,0.58678,0.40615,7.9262,1.9279,4.2608,17420.0,8.362,1.6712,190.58,41.459,499620.0,6.1495
1999-11-17,1.5565,1.4641,1.5387,0.55541,34.963,7.1476,15.034,0.9608,0.61491,7.7752,245.47,71.493,105.28,1176.5,4.0008,0.58542,0.4044,7.8886,1.9371,4.2413,17500.0,8.3292,1.6692,189.26,41.25,498650.0,6.155
1999-11-18,1.5636,1.4663,1.5434,0.55681,34.95,7.1663,15.074,0.96339,0.61628,7.7646,246.0,71.484,105.62,1172.4,3.9953,0.58593,0.40549,7.8858,1.9501,4.2057,17800.0,8.3092,1.6685,189.53,41.329,500050.0,6.1445
1999-11-19,1.5644,1.4644,1.5597,0.56195,35.347,7.2358,15.222,0.97286,0.61806,7.7917,247.73,72.06,106.14,1177.4,4.0113,0.58955,0.40792,7.9575,1.9667,4.2269,17917.0,8.3685,1.6738,191.34,41.804,506250.0,6.1578
1999-11-22,1.5665,1.4634,1.5546,0.56021,35.118,7.2134,15.175,0.96984,0.61691,7.769,247.25,71.778,105.08,1172.6,3.9987,0.58685,0.40694,7.927,1.9596,4.2025,17900.0,8.3532,1.6703,190.78,41.798,504950.0,6.1395
1999-11-23,1.5699,1.4649,1.552,0.56006,35.109,7.2111,15.169,0.96946,0.61541,7.7716,247.23,72.002,104.68,1169.4,4.0006,0.58691,0.40659,7.9205,1.951,4.1891,17918.0,8.3349,1.6692,190.63,41.685,505700.0,6.132
1999-11-24,1.5807,1.4666,1.566,0.56522,35.36,7.2812,15.318,0.97895,0.61977,7.7729,248.93,72.472,104.38,1162.2,4.0016,0.58845,0.4092,7.9956,1.9591,4.1979,17837.0,8.4121,1.666,192.44,42.173,508790.0,6.1335
1999-11-25,1.5776,1.4686,1.5695,0.56624,35.449,7.2964,15.349,0.98097,0.61919,7.7718,249.41,72.464,104.23,1158.1,4.0017,0.58897,0.41063,7.988,1.9494,4.2138,17947.0,8.4236,1.6723,193.03,42.205,510760.0,6.1407
1999-11-26,1.5696,1.4661,1.5852,0.57126,35.748,7.3639,15.491,0.99,0.6238,7.777,251.04,72.765,103.81,1159.8,4.0036,0.59044,0.41214,8.0245,1.9582,4.2543,17875.0,8.4813,1.6734,194.79,42.679,515540.0,6.1267
1999-11-29,1.5687,1.4724,1.5907,0.57259,35.765,7.3806,15.527,0.99236,0.62489,7.7921,251.89,72.879,102.03,1162.0,4.0108,0.58956,0.41233,8.0505,1.9514,4.3019,17880.0,8.5144,1.6836,195.38,42.769,517030.0,6.152
1999-11-30,1.5765,1.4725,1.5867,0.57139,35.73,7.3678,15.497,0.99039,0.62642,7.772,251.71,72.843,102.01,1160.0,4.0047,0.58869,0.4125,8.0464,1.9569,4.2882,17865.0,8.4738,1.6827,194.87,42.592,516690.0,6.177
1999-12-01,1.5696,1.4748,1.5863,0.57167,35.782,7.3724,15.506,0.99098,0.62472,7.7817,252.06,72.847,102.42,1159.1,4.0071,0.58924,0.41235,8.0631,1.9566,4.2417,17880.0,8.5284,1.6831,195.11,42.674,517240.0,6.144
1999-12-02,1.5753,1.4793,1.5908,0.57353,35.866,7.3969,15.558,0.99433,0.62563,7.7812,252.27,73.183,102.45,1151.1,4.0069,0.59014,0.41334,8.0859,1.9586,4.2701,17870.0,8.5697,1.6875,195.84,42.798,519130.0,6.1542
1999-12-03,1.5848,1.4801,1.5943,0.57577,35.999,7.4276,15.624,0.9985,0.62456,7.7825,252.77,73.27,102.42,1151.4,4.0059,0.59031,0.41408,8.0929,1.9835,4.2436,17870.0,8.5951,1.6884,196.94,42.789,520970.0,6.165
1999-12-06,1.5782,1.4808,1.5684,0.56656,35.467,7.3054,15.367,0.98213,0.61972,7.7645,249.86,72.54,102.75,1148.7,3.9964,0.58623,0.41043,7.9857,1.9802,4.1924,17970.0,8.4517,1.6793,193.75,42.027,519190.0,6.165
1999-12-07,1.5702,1.4735,1.5626,0.56385,35.326,7.2649,15.282,0.97666,0.61549,7.7689,248.95,72.214,102.6,1139.0,3.9994,0.58492,0.40805,7.9241,1.9682,4.1866,18070.0,8.4163,1.6774,192.92,41.561,518620.0,6.1515
1999-12-08,1.5691,1.4785,1.5645,0.56412,35.282,7.2668,15.286,0.97694,0.61489,7.7767,248.91,72.069,102.89,1124.9,4.0024,0.5848,0.40787,7.9279,1.9658,4.1812,18030.0,8.3753,1.6801,193.12,41.465,520680.0,6.1527
1999-12-09,1.5628,1.4787,1.5716,0.56744,35.361,7.3113,15.378,0.9828,0.61533,7.7668,250.17,72.364,102.6,1128.7,3.9966,0.58428,0.40963,7.9671,1.9682,4.1525,17960.0,8.4226,1.6772,194.35,41.765,521630.0,6.149
1999-12-10,1.575,1.476,1.5762,0.56878,35.394,7.337,15.429,0.9861,0.61601,7.7754,250.74,72.547,102.37,1132.9,4.0025,0.58466,0.41031,7.9938,2.0093,4.1311,17900.0,8.4582,1.6781,195.2,41.817,523420.0,6.1305
1999-12-13,1.5723,1.4777,1.5818,0.56974,35.447,7.3472,15.449,0.98736,0.61592,7.7714,251.0,72.512,102.64,1127.6,3.9994,0.58323,0.41074,7.9927,2.0292,4.1573,17905.0,8.4627,1.6773,195.39,41.73,527110.0,6.12
1999-12-14,1.5735,1.481,1.5956,0.57485,35.741,7.4139,15.588,0.99621,0.61915,7.7728,252.65,72.923,103.67,1133.2,4.0001,0.58468,0.41313,8.0604,2.0157,4.2077,17918.0,8.5545,1.6788,197.47,42.068,529000.0,6.1325
1999-12-15,1.5746,1.4836,1.5967,0.57546,35.768,7.4258,15.614,0.9979,0.62279,7.7751,253.02,73.017,103.48,1134.3,4.0003,0.58467,0.41403,8.088,2.0267,4.2186,17905.0,8.5905,1.6771,198.29,42.209,530460.0,6.132
1999-12-16,1.5636,1.4824,1.5786,0.56866,35.314,7.3347,15.422,0.98561,0.61955,7.7746,250.94,72.472,102.97,1130.7,4.0018,0.58476,0.4107,7.9987,1.9916,4.1832,17940.0,8.4886,1.6741,196.36,41.771,529230.0,6.146
1999-12-17,1.5524,1.4774,1.5825,0.56988,35.507,7.3472,15.449,0.98736,0.62075,7.8128,251.29,72.739,103.36,1136.1,4.021,0.58778,0.41005,7.9883,1.9697,4.1817,17910.0,8.4874,1.6835,196.57,41.783,531020.0,6.138
1999-12-20,1.5564,1.4802,1.5852,0.57122,35.682,7.3703,15.498,0.99049,0.62203,7.7645,251.83,72.553,102.85,1133.6,3.996,0.58459,0.41244,7.9923,1.9778,4.1577,17915.0,8.5063,1.669,196.98,42.0,532580.0,6.1365
1999-12-21,1.5554,1.4808,1.5861,0.57206,35.811,7.3774,15.517,0.99167,0.62237,7.7822,252.09,72.382,102.21,1135.7,4.0062,0.58578,0.41224,8.0137,1.9402,4.1414,17911.0,8.5274,1.6704,196.86,41.987,534490.0,6.1417
1999-12-22,1.5497,1.4768,1.5873,0.57259,35.931,7.3851,15.532,0.99265,0.62071,7.7685,252.34,72.285,101.73,1131.2,4.0003,0.58537,0.41255,7.9844,1.9384,4.1215,17980.0,8.5051,1.6654,196.98,42.063,534890.0,6.145
1999-12-23,1.5538,1.4759,1.587,0.57174,35.861,7.3746,15.509,0.99118,0.62097,7.7726,252.25,72.029,101.62,1131.0,4.0031,0.58509,0.41213,7.9894,1.94,4.1205,17995.0,8.4746,1.6713,196.81,41.919,535960.0,6.1465
1999-12-24,1.556,1.471,1.5818,0.57005,35.639,7.3357,15.428,0.986,0.61793,7.7685,251.29,72.017,102.83,1131.7,3.9996,0.5845,0.41087,7.9965,1.9401,4.1093,18102.0,8.4553,1.6702,195.73,41.939,535180.0,6.1556
1999-12-27,1.5541,1.4671,1.5834,0.56937,35.652,7.3421,15.44,0.98678,0.61841,7.7672,251.71,72.015,102.38,1133.0,3.9991,0.58427,0.41109,7.9998,1.9381,4.1216,18205.0,8.4567,1.6687,196.05,42.094,537930.0,6.1523
1999-12-28,1.5529,1.4549,1.5915,0.57188,35.818,7.3752,15.509,0.99118,0.61939,7.7952,252.74,71.979,102.22,1146.0,4.0123,0.58539,0.41114,8.0167,1.94,4.1369,18227.0,8.4994,1.671,196.9,42.379,540470.0,6.1576
1999-12-29,1.5421,1.4509,1.5944,0.57271,35.849,7.3893,15.535,0.99285,0.61815,7.7788,252.81,72.419,102.28,1143.1,4.0049,0.58539,0.41213,8.0133,1.9183,4.1473,18325.0,8.5028,1.6661,197.34,42.304,541210.0,6.155
1999-12-30,1.5351,1.4541,1.5978,0.57403,35.938,7.4092,15.575,0.99542,0.61885,7.7676,253.53,72.497,102.26,1132.1,3.9985,0.58541,0.4132,8.0395,1.9268,4.1397,18261.0,8.5233,1.6641,198.0,42.208,542150.0,6.1587
1999-12-31,1.5351,1.4541,1.5978,0.57403,35.938,7.4092,15.575,0.99542,0.61885,7.7676,253.53,72.497,102.26,1132.1,3.9985,0.58541,0.4132,8.0395,1.9268,4.1397,18261.0,8.5233,1.6641,198.0,42.208,542150.0,6.1587
2000-01-03,1.5209,1.4447,1.59,0.57156,35.741,7.374,15.507,0.99108,0.61903,7.7923,252.26,72.379,101.83,1129.8,4.0093,0.58632,0.4114,7.9901,1.9159,4.1462,18110.0,8.4757,1.6619,197.12,41.94,541260.0,6.146
2000-01-04,1.5213,1.4494,1.5578,0.56041,35.197,7.2226,15.184,0.9704,0.61097,7.7827,246.99,71.732,102.75,1123.0,4.004,0.58282,0.40582,7.9088,1.9161,4.1167,18300.0,8.3663,1.6542,192.92,41.073,536000.0,6.122
2000-01-05,1.5213,1.453,1.549,0.55729,35.047,7.1802,15.092,0.96451,0.60995,7.7767,245.48,71.663,103.53,1134.4,4.0005,0.58218,0.40461,7.9147,1.9248,4.1114,18305.0,8.3348,1.655,192.39,40.952,535620.0,6.0725
2000-01-06,1.5237,1.4527,1.5468,0.55651,34.889,7.1661,15.063,0.96265,0.60666,7.7823,244.95,71.958,104.66,1147.4,4.0041,0.58337,0.40345,7.8966,1.9315,4.1002,18290.0,8.3216,1.6645,192.06,40.824,534920.0,6.094
2000-01-07,1.5303,1.4595,1.5635,0.56162,35.032,7.238,15.215,0.97238,0.60891,7.782,247.6,72.141,105.11,1137.2,4.0036,0.58557,0.40597,7.9682,1.9391,4.074,18302.0,8.4063,1.6624,194.11,41.233,539650.0,6.067
2000-01-10,1.5238,1.454,1.5729,0.56447,35.182,7.2781,15.297,0.97761,0.61091,7.7692,248.99,72.343,104.86,1131.9,3.9964,0.5852,0.40796,8.0066,1.934,4.0636,18310.0,8.4632,1.6595,195.16,41.345,540100.0,6.083
2000-01-11,1.5273,1.459,1.5691,0.56318,35.071,7.2586,15.256,0.97504,0.6095,7.7793,248.36,72.358,106.13,1146.2,4.002,0.58649,0.40669,8.0026,1.937,4.0725,18315.0,8.4458,1.6707,194.73,41.229,539850.0,6.075
2000-01-12,1.5185,1.4568,1.5617,0.56041,34.913,7.2228,15.179,0.97012,0.60662,7.7734,247.17,71.692,105.84,1143.3,3.9986,0.58508,0.40551,7.9705,1.9288,4.0587,18310.0,8.4134,1.6672,193.87,41.031,539260.0,6.0784
2000-01-13,1.5035,1.4497,1.5678,0.56209,35.178,7.245,15.227,0.97314,0.6087,7.7828,247.95,71.837,105.97,1135.7,4.0034,0.58603,0.40609,7.9598,1.9117,4.0631,18353.0,8.4152,1.6679,194.57,41.138,540550.0,6.063
2000-01-14,1.4995,1.4493,1.5775,0.56472,35.265,7.2811,15.303,0.978,0.60841,7.7797,249.4,72.068,105.67,1124.7,4.0014,0.58484,0.40733,7.9575,1.9164,4.0748,18363.0,8.4333,1.6753,195.6,41.371,541460.0,6.073
2000-01-17,1.507,1.4515,1.5986,0.5716,35.649,7.3735,15.501,0.99069,0.61224,7.7905,252.54,72.429,104.82,1122.3,4.0069,0.58619,0.41034,8.0211,1.9289,4.0928,18330.0,8.4842,1.676,198.13,41.937,547170.0,6.0725
2000-01-18,1.5082,1.4491,1.5982,0.57151,35.646,7.3753,15.503,0.99079,0.61171,7.7771,252.59,72.446,105.44,1126.1,3.9981,0.58546,0.41088,8.0318,1.9365,4.0837,18336.0,8.4915,1.672,198.15,41.957,546990.0,6.079
2000-01-19,1.5064,1.4495,1.5952,0.57091,35.737,7.3667,15.484,0.98961,0.61079,7.7816,252.34,72.568,105.88,1132.9,4.0011,0.58615,0.41029,7.9916,1.936,4.1024,18320.0,8.4943,1.677,197.84,41.894,546510.0,6.105
2000-01-20,1.5048,1.4496,1.6005,0.57178,35.77,7.3794,15.509,0.99118,0.6073,7.7801,252.83,72.445,105.5,1125.7,4.0024,0.58598,0.41005,8.0152,1.9397,4.0866,18348.0,8.5152,1.6744,198.18,41.931,546750.0,6.1
2000-01-21,1.5069,1.4467,1.5947,0.57149,35.687,7.374,15.497,0.99039,0.60543,7.7797,252.67,72.299,104.52,1127.4,4.0011,0.58512,0.41002,7.9994,1.9434,4.0856,18347.0,8.504,1.6751,198.03,41.917,547460.0,6.1
2000-01-24,1.5254,1.4421,1.6093,0.57548,35.778,7.4257,15.605,0.99731,0.60457,7.7903,254.43,72.704,105.26,1125.9,4.0072,0.58692,0.41059,8.0238,1.9722,4.0986,18370.0,8.536,1.6844,199.35,42.254,550550.0,6.141
2000-01-25,1.5263,1.4432,1.6108,0.57614,35.831,7.4379,15.634,0.9992,0.60781,7.7832,254.95,72.822,105.61,1127.5,4.0033,0.58703,0.41177,8.0351,1.9596,4.139,18382.0,8.5057,1.6838,199.82,42.338,551420.0,6.1637
2000-01-26,1.5253,1.4378,1.6085,0.57551,35.717,7.429,15.617,0.9981,0.60824,7.7832,254.7,72.832,105.84,1128.0,4.0032,0.58708,0.41162,8.0537,1.9671,4.1319,18410.0,8.5233,1.6922,199.73,42.236,551350.0,6.15
2000-01-27,1.5326,1.4365,1.6152,0.57793,35.848,7.4611,15.685,1.0024,0.61036,7.7699,255.91,72.755,105.68,1123.6,3.9965,0.58701,0.41339,8.1009,1.9646,4.1268,18455.0,8.556,1.6848,200.77,42.452,552360.0,6.1645
2000-01-28,1.5412,1.4397,1.637,0.58489,36.302,7.5574,15.889,1.0154,0.61444,7.7789,259.27,73.355,105.34,1119.9,4.0011,0.5923,0.41663,8.1682,2.0227,4.1624,18452.0,8.6556,1.7088,203.37,42.99,555670.0,6.28
2000-01-31,1.5759,1.4498,1.6434,0.59092,36.554,7.6013,15.981,1.0213,0.61761,7.7833,260.81,73.7,106.85,1123.7,4.0025,0.59534,0.41804,8.255,2.0272,4.2031,18459.0,8.7836,1.6996,204.62,43.175,558920.0,6.2935
2000-02-01,1.5733,1.4543,1.6558,0.59252,36.921,7.6655,16.114,1.0299,0.61998,7.7787,263.05,73.79,107.74,1126.3,4.0005,0.59784,0.42049,8.3141,2.0288,4.2217,18459.0,8.8424,1.698,206.34,43.579,560440.0,6.3
2000-02-02,1.5718,1.4509,1.657,0.5922,36.881,7.6596,16.103,1.0291,0.62272,7.7837,262.89,74.138,108.58,1131.2,4.0034,0.59813,0.4206,8.251,2.0458,4.2521,18458.0,8.7661,1.6995,206.49,43.537,560730.0,6.2555
2000-02-03,1.578,1.4408,1.6499,0.59042,36.703,7.6354,16.051,1.0259,0.62433,7.7801,262.2,74.005,108.51,1129.9,4.0011,0.59787,0.42039,8.2555,2.031,4.186,18555.0,8.7038,1.6944,205.95,43.385,560770.0,6.2652
2000-02-04,1.5831,1.442,1.6347,0.58563,36.347,7.5681,15.91,1.0168,0.62989,7.7908,259.9,73.757,107.77,1131.1,4.0071,0.59797,0.41881,8.2186,2.0323,4.1726,18598.0,8.6136,1.6918,204.22,43.038,559710.0,6.285
2000-02-07,1.5625,1.438,1.6448,0.58882,36.559,7.6208,16.02,1.0239,0.62803,7.7874,261.68,74.291,108.55,1130.4,4.0043,0.59885,0.42009,8.2513,2.0212,4.1925,18610.0,8.6649,1.6942,205.59,43.325,562420.0,6.3065
2000-02-08,1.5787,1.4495,1.6231,0.58164,36.037,7.5162,15.8,1.0098,0.62426,7.7817,258.11,73.331,108.97,1129.2,3.9998,0.59457,0.41674,8.1511,2.027,4.1361,18582.0,8.558,1.695,202.76,42.68,559140.0,6.3082
2000-02-09,1.5724,1.4429,1.6199,0.58003,35.869,7.4931,15.751,1.0066,0.621,7.7684,257.36,73.274,108.88,1121.8,3.9943,0.59382,0.41615,8.1362,2.0177,4.1345,18605.0,8.5519,1.6888,202.24,42.586,558420.0,6.2952
2000-02-10,1.5796,1.4509,1.6275,0.58388,36.165,7.5444,15.856,1.0134,0.62079,7.7809,259.17,73.52,108.54,1120.5,4.0004,0.59414,0.41711,8.1774,2.0278,4.1531,18672.0,8.5934,1.6909,203.73,42.864,560710.0,6.339
2000-02-11,1.5841,1.4461,1.6382,0.58763,36.353,7.596,15.965,1.0203,0.62606,7.782,260.97,73.707,109.6,1115.1,4.0013,0.59586,0.41934,8.2027,2.0309,4.1534,18679.0,8.6139,1.6965,205.22,43.166,562620.0,6.397
2000-02-14,1.5847,1.4501,1.6283,0.58394,36.125,7.5458,15.858,1.0135,0.62846,7.777,259.26,73.123,108.29,1125.0,3.999,0.5941,0.41847,8.1884,2.0423,4.1449,18689.0,8.5994,1.6942,203.39,42.884,561450.0,6.3315
2000-02-15,1.5951,1.4583,1.6426,0.58887,36.451,7.6139,16.002,1.0227,0.62988,7.7804,261.66,72.888,108.88,1126.8,4.0002,0.59552,0.42054,8.2517,2.0568,4.154,18696.0,8.6868,1.694,205.73,43.276,564480.0,6.3725
2000-02-16,1.5841,1.4564,1.6357,0.58731,36.408,7.5941,15.96,1.02,0.62515,7.779,261.01,72.838,109.11,1125.1,3.9991,0.59425,0.41922,8.2747,2.0394,4.1388,18710.0,8.7179,1.701,205.27,43.156,563950.0,6.3555
2000-02-17,1.5774,1.4527,1.6173,0.58095,36.031,7.5072,15.775,1.0082,0.62083,7.7868,258.11,72.296,110.19,1129.0,4.0044,0.59361,0.41567,8.2231,2.0317,4.1101,18780.0,8.647,1.7061,202.86,42.635,561930.0,6.3024
2000-02-18,1.5854,1.4495,1.6265,0.5844,36.295,7.5546,15.874,1.0145,0.62331,7.7886,259.72,72.476,110.86,1130.1,4.0049,0.59501,0.41747,8.2637,2.031,4.0991,18790.0,8.6614,1.7067,204.27,42.897,564850.0,6.315
2000-02-21,1.5945,1.4525,1.6264,0.5844,36.225,7.5554,15.874,1.0145,0.62504,7.7872,260.45,72.669,111.32,1133.3,4.0028,0.59602,0.41798,8.2885,2.0427,4.0996,18812.0,8.6964,1.7087,204.48,42.914,565930.0,6.3323
2000-02-22,1.5941,1.4554,1.6037,0.57523,35.631,7.4313,15.613,0.9978,0.62123,7.7825,257.24,72.101,110.87,1134.6,4.0005,0.5922,0.41399,8.1735,2.0364,4.0795,18811.0,8.5667,1.7071,201.17,42.116,562000.0,6.314
2000-02-23,1.6115,1.4654,1.5996,0.5728,35.419,7.3969,15.541,0.99325,0.62098,7.7682,255.56,71.841,111.12,1133.4,3.993,0.59148,0.41319,8.1401,2.0627,4.0855,18803.0,8.5355,1.7102,200.3,41.875,560390.0,6.28
2000-02-24,1.6233,1.4628,1.6267,0.58224,36.015,7.5237,15.808,1.0103,0.62518,7.794,259.09,72.54,110.68,1145.2,4.0061,0.59507,0.41695,8.2315,2.0578,4.0986,18863.0,8.6452,1.718,204.07,42.593,565560.0,6.335
2000-02-25,1.6136,1.4537,1.6389,0.58705,36.202,7.5894,15.945,1.0191,0.62723,7.785,261.6,72.954,110.86,1136.9,4.0015,0.59533,0.41924,8.2824,2.0459,4.1411,18870.0,8.688,1.7116,205.81,42.864,568410.0,6.3
2000-02-28,1.6298,1.4492,1.6666,0.59686,36.825,7.7258,16.233,1.0375,0.62994,7.7749,266.4,73.555,109.16,1133.4,3.9971,0.59633,0.42411,8.3645,2.0634,4.1871,18897.0,8.7322,1.7143,209.79,43.505,573130.0,6.3375
2000-02-29,1.626,1.4512,1.654,0.59252,36.633,7.6668,16.108,1.0294,0.63146,7.7816,264.37,73.296,109.95,1130.9,3.9989,0.59646,0.42207,8.3184,2.0574,4.1523,18890.0,8.6803,1.7233,208.15,43.163,572390.0,6.35
2000-03-01,1.652,1.4449,1.6619,0.59519,36.857,7.7039,16.186,1.0344,0.63339,7.7802,265.33,73.342,108.25,1127.7,4.0003,0.59657,0.42361,8.3609,2.0663,4.1531,18920.0,8.7152,1.7182,209.17,43.322,572920.0,6.3525
2000-03-02,1.6403,1.4522,1.653,0.59167,36.713,7.6585,16.089,1.0283,0.63136,7.7838,263.8,73.162,107.33,1119.9,4.0023,0.59434,0.4218,8.2982,2.0414,4.1138,18946.0,8.6802,1.7174,208.06,43.008,572880.0,6.368
2000-03-03,1.6475,1.4547,1.663,0.59555,36.878,7.7114,16.199,1.0353,0.6333,7.7824,265.61,73.393,107.85,1120.0,4.001,0.5954,0.42354,8.3694,2.0486,4.1252,18962.0,8.769,1.7233,209.57,43.268,574750.0,6.473
2000-03-06,1.6556,1.4498,1.6672,0.59668,36.864,7.7255,16.231,1.0373,0.63392,7.7893,266.15,73.849,107.33,1120.2,4.0048,0.59575,0.42396,8.3781,2.0536,4.1105,19016.0,8.7578,1.7271,209.98,43.192,576590.0,6.4807
2000-03-07,1.6553,1.453,1.6765,0.59936,37.067,7.7632,16.311,1.0424,0.63546,7.7841,267.5,74.096,107.37,1118.7,4.0015,0.59491,0.42562,8.427,2.0683,4.1306,19053.0,8.7923,1.7216,211.06,43.345,577680.0,6.518
2000-03-08,1.6474,1.4583,1.683,0.60237,37.211,7.8038,16.396,1.0479,0.63324,7.7814,268.93,74.379,107.14,1118.7,4.0003,0.59688,0.42639,8.4722,2.0557,4.145,19071.0,8.8347,1.7139,212.13,43.514,578950.0,6.5007
2000-03-09,1.6329,1.458,1.6702,0.59807,36.99,7.7455,16.272,1.0399,0.6329,7.7832,267.09,73.887,106.53,1122.3,4.0011,0.59515,0.4245,8.4417,2.0375,4.1204,19085.0,8.7854,1.7113,210.58,43.229,578070.0,6.455
2000-03-10,1.6288,1.4544,1.6725,0.59836,36.967,7.7488,16.277,1.0403,0.63404,7.7799,267.3,73.744,106.39,1118.9,3.9983,0.59482,0.42505,8.4256,2.0204,4.102,19086.0,8.7813,1.7027,210.65,43.291,577890.0,6.375
2000-03-13,1.6281,1.458,1.6579,0.59273,36.589,7.6682,16.104,1.0292,0.63256,7.7766,264.76,73.353,105.22,1119.3,3.9969,0.59181,0.4225,8.3579,2.0333,4.0917,19090.0,8.6671,1.7058,208.48,42.819,576990.0,6.445
2000-03-14,1.6248,1.4609,1.6751,0.59783,36.951,7.7444,16.265,1.0395,0.63649,7.7827,267.58,73.805,104.92,1118.1,3.9992,0.59366,0.42516,8.4418,2.0363,4.1014,19125.0,8.7297,1.7086,210.69,43.215,579630.0,6.4235
2000-03-15,1.6313,1.4659,1.6705,0.59626,36.882,7.72,16.22,1.0366,0.63647,7.7836,266.82,73.722,105.46,1118.1,3.998,0.59314,0.42459,8.4379,2.0513,4.093,19165.0,8.7229,1.7114,210.14,43.057,578510.0,6.471
2000-03-16,1.6302,1.4664,1.6674,0.59541,36.799,7.7062,16.193,1.0349,0.63697,7.8001,265.95,73.662,105.28,1119.3,4.0082,0.5936,0.42378,8.443,2.0428,4.0815,19228.0,8.7266,1.7155,209.7,43.047,579750.0,6.465
2000-03-17,1.642,1.4761,1.6673,0.59482,36.769,7.6982,16.178,1.0339,0.63544,7.7833,265.65,73.553,105.78,1117.0,4.0,0.59367,0.4238,8.4305,2.0598,4.0757,19270.0,8.7024,1.7141,209.68,43.094,578450.0,6.469
2000-03-20,1.6508,1.4701,1.6599,0.59232,36.601,7.6652,16.106,1.0293,0.63829,7.7838,263.51,73.484,106.75,1117.9,4.0002,0.59393,0.42316,8.4102,2.0714,4.0636,19248.0,8.6696,1.7197,208.84,42.835,579840.0,6.4894
2000-03-21,1.642,1.4698,1.6613,0.59318,36.68,7.6764,16.129,1.0308,0.63664,7.7864,264.99,73.518,106.65,1116.2,4.002,0.59437,0.42326,8.4177,2.0504,4.0457,19263.0,8.6512,1.7195,209.06,42.954,580500.0,6.4817
2000-03-22,1.6471,1.4689,1.676,0.59878,37.032,7.7548,16.294,1.0413,0.63782,7.7828,267.47,74.143,107.13,1112.6,4.0004,0.59513,0.4258,8.4843,2.0514,4.0615,19318.0,8.7098,1.7156,211.32,43.414,583400.0,6.455
2000-03-23,1.6537,1.4709,1.6617,0.59557,36.826,7.7122,16.204,1.0356,0.63215,7.756,266.37,73.685,107.58,1105.6,3.9858,0.59186,0.42471,8.3948,2.0517,4.0519,19354.0,8.6708,1.7046,210.19,43.087,581480.0,6.4825
2000-03-24,1.6475,1.4656,1.6403,0.59225,36.725,7.6654,16.106,1.0293,0.62944,7.787,264.99,73.381,107.14,1109.1,4.0028,0.5931,0.42172,8.3685,2.0505,4.0288,19365.0,8.6207,1.7172,208.84,42.857,581770.0,6.477
2000-03-27,1.6287,1.4628,1.638,0.59258,36.736,7.6674,16.111,1.0297,0.62675,7.7869,264.62,73.26,106.85,1112.4,4.002,0.59164,0.42133,8.368,2.0127,4.0292,19382.0,8.5873,1.7145,209.1,42.859,582750.0,6.4685
2000-03-28,1.6296,1.4574,1.6486,0.59629,36.982,7.7191,16.22,1.0366,0.63108,7.786,267.07,73.536,106.34,1112.5,4.0019,0.59179,0.42366,8.3767,1.9892,4.0508,19410.0,8.5736,1.7166,210.56,43.044,584870.0,6.4825
2000-03-29,1.6445,1.4564,1.6614,0.60079,37.175,7.7826,16.353,1.0452,0.63043,7.7871,269.62,73.882,105.32,1109.4,4.0017,0.59406,0.42893,8.4265,2.0041,4.086,19585.0,8.6178,1.7156,212.5,43.389,587480.0,6.5537
2000-03-30,1.6338,1.457,1.665,0.60168,37.532,7.793,16.376,1.0466,0.62899,7.7819,270.03,73.71,105.02,1106.5,3.998,0.59362,0.42554,8.4579,2.0032,4.1055,19457.0,8.6342,1.7183,212.79,43.468,587420.0,6.5815
2000-03-31,1.6551,1.4528,1.6651,0.60167,37.918,7.7944,16.379,1.0468,0.6265,7.7836,270.47,73.642,103.14,1105.5,3.9995,0.59154,0.42521,8.467,2.0232,4.1486,19486.0,8.6701,1.7119,212.85,43.639,588090.0,6.5815
2000-04-03,1.6459,1.4505,1.661,0.60091,37.85,7.7857,16.36,1.0456,0.62735,7.7726,270.25,73.484,104.84,1110.6,3.9937,0.59138,0.42545,8.4787,2.0064,4.1346,19500.0,8.6731,1.7146,212.63,43.546,588770.0,6.5675
2000-04-04,1.6575,1.4512,1.6583,0.60252,37.936,7.808,16.405,1.0484,0.62602,7.7918,271.01,73.684,105.62,1114.1,4.0038,0.59363,0.42525,8.5075,2.0033,4.1938,19514.0,8.7026,1.7193,213.34,43.713,590390.0,6.5425
2000-04-05,1.6493,1.4554,1.6264,0.59466,37.51,7.7001,16.176,1.0338,0.62938,7.7795,267.66,73.142,105.15,1113.9,3.9972,0.59072,0.42293,8.4328,1.9974,4.2083,19525.0,8.6106,1.7147,210.27,43.074,586310.0,6.5965
2000-04-06,1.6584,1.4489,1.6338,0.59744,37.704,7.7387,16.257,1.039,0.63117,7.7805,269.02,73.33,104.98,1111.1,3.9978,0.59106,0.42442,8.4499,1.9956,4.1936,19553.0,8.6249,1.7116,211.47,43.266,588180.0,6.582
2000-04-07,1.6774,1.4551,1.6444,0.60119,37.898,7.7882,16.36,1.0456,0.63227,7.7942,270.95,73.693,105.3,1108.2,4.0047,0.59212,0.42555,8.4975,2.0167,4.1736,19590.0,8.6499,1.7146,212.87,43.456,590180.0,6.5742
2000-04-10,1.671,1.4587,1.6404,0.59949,37.766,7.7669,16.316,1.0428,0.63233,7.7796,269.29,73.525,106.28,1108.2,3.9968,0.59114,0.42534,8.4948,2.0104,4.1447,19615.0,8.6309,1.7171,212.34,43.315,590050.0,6.535
2000-04-11,1.678,1.461,1.6383,0.59945,37.93,7.7637,16.309,1.0423,0.63112,7.7901,269.25,73.619,106.95,1110.2,4.0028,0.59297,0.42485,8.5225,2.005,4.1536,19642.0,8.6179,1.7208,212.48,43.294,590710.0,6.589
2000-04-12,1.679,1.4639,1.6442,0.60037,38.069,7.7781,16.34,1.0443,0.63053,7.7844,269.68,73.58,105.59,1107.4,3.9995,0.59231,0.42533,8.5197,2.0082,4.11,19670.0,8.6586,1.7174,213.16,43.359,591870.0,6.5525
2000-04-13,1.6689,1.4607,1.6502,0.60275,38.243,7.8114,16.407,1.0485,0.62902,7.7924,270.46,73.556,106.0,1107.2,4.0035,0.59316,0.42602,8.5436,2.0037,4.1651,19716.0,8.6919,1.7165,214.14,43.534,593400.0,6.585
2000-04-14,1.677,1.4741,1.6496,0.60249,38.199,7.8092,16.401,1.0482,0.63061,7.79,270.3,73.606,105.72,1111.4,4.0022,0.59298,0.4261,8.5419,2.0127,4.1842,19743.0,8.6965,1.7079,214.13,43.543,593050.0,6.5807
2000-04-17,1.6889,1.4817,1.6386,0.60066,38.133,7.7823,16.345,1.0446,0.62948,7.8004,270.5,73.488,103.83,1115.6,4.0083,0.59104,0.42474,8.5736,2.0158,4.2743,19761.0,8.701,1.7079,213.27,43.408,593400.0,6.6336
2000-04-18,1.6854,1.4891,1.6542,0.60501,38.35,7.8446,16.476,1.053,0.63209,7.7892,272.88,73.802,104.21,1110.2,4.002,0.59208,0.42729,8.6106,2.022,4.2645,19797.0,8.7364,1.6991,214.93,43.755,596190.0,6.615
2000-04-19,1.6742,1.4791,1.6645,0.60718,38.419,7.8771,16.538,1.057,0.63239,7.8029,273.24,73.935,104.42,1111.9,4.0106,0.59338,0.42765,8.6389,2.0072,4.2918,19816.0,8.7337,1.7027,215.65,43.914,597930.0,6.63
2000-04-20,1.6846,1.4734,1.6774,0.61239,38.724,7.9502,16.688,1.0666,0.63289,7.7935,275.26,74.179,104.92,1109.6,4.0041,0.59407,0.43014,8.7089,2.0165,4.303,19860.0,8.7929,1.698,217.72,44.286,599580.0,6.6725
2000-04-21,1.6846,1.4734,1.6774,0.61239,38.724,7.9502,16.688,1.0666,0.63289,7.7935,275.26,74.179,104.92,1109.6,4.0041,0.59407,0.43014,8.7089,2.0165,4.303,19860.0,8.7929,1.698,217.72,44.286,599580.0,6.6725
2000-04-24,1.6846,1.4734,1.6774,0.61239,38.724,7.9502,16.688,1.0666,0.63289,7.7935,275.26,74.179,104.92,1109.6,4.0041,0.59407,0.43014,8.7089,2.0165,4.303,19860.0,8.7929,1.698,217.72,44.286,599580.0,6.6725
2000-04-25,1.681,1.4754,1.6891,0.61699,38.97,8.013,16.821,1.075,0.63384,7.7888,277.38,74.511,105.51,1108.4,4.0019,0.59536,0.43217,8.7755,2.0149,4.2988,19957.0,8.8615,1.7036,219.42,44.662,603700.0,6.735
2000-04-26,1.6978,1.4676,1.7101,0.62366,39.421,8.1089,17.021,1.0878,0.63385,7.7899,280.7,75.079,106.44,1108.3,4.0025,0.59774,0.43479,8.8692,2.0528,4.2951,19984.0,8.9008,1.7063,222.04,45.18,607110.0,6.735
2000-04-27,1.6998,1.478,1.718,0.62577,39.556,8.1367,17.076,1.0913,0.63593,7.7936,281.82,75.281,106.48,1110.7,4.0033,0.59915,0.43567,8.9218,2.0547,4.3217,20046.0,8.9359,1.7075,222.66,45.364,608150.0,6.8087
2000-04-28,1.7118,1.4812,1.7292,0.63104,39.982,8.2059,17.223,1.1007,0.63775,7.7794,284.48,75.476,107.3,1108.3,3.9958,0.60011,0.43841,8.9681,2.062,4.4697,20076.0,8.9598,1.7041,224.76,45.761,609910.0,6.8487
2000-05-01,1.7118,1.4812,1.7292,0.63104,39.982,8.2059,17.223,1.1007,0.63775,7.7794,284.48,75.476,107.3,1108.3,3.9958,0.60011,0.43841,8.9681,2.062,4.4697,20076.0,8.9598,1.7041,224.76,45.761,609910.0,6.8487
2000-05-02,1.7067,1.4771,1.7112,0.62994,39.828,8.1775,17.164,1.097,0.63921,7.785,283.25,75.713,108.76,1108.9,3.9974,0.60169,0.4378,8.9277,2.0562,4.4578,20094.0,8.9332,1.7163,224.43,45.622,610140.0,6.7635
2000-05-03,1.7004,1.4868,1.729,0.64222,40.744,8.3622,17.555,1.122,0.64075,7.7997,289.76,76.372,109.35,1110.6,4.0038,0.60653,0.44261,9.043,2.0433,4.491,20110.0,9.0374,1.7219,229.17,46.745,616910.0,6.828
2000-05-04,1.6939,1.4932,1.7293,0.63978,40.777,8.3307,17.489,1.1177,0.65027,7.789,288.77,76.417,108.81,1111.1,4.0007,0.6068,0.44339,9.0595,2.04,4.566,20137.0,9.0723,1.722,228.38,47.015,616370.0,6.8395
2000-05-05,1.687,1.4979,1.7216,0.63714,40.742,8.2953,17.417,1.1131,0.64982,7.7848,287.54,76.336,108.2,1110.3,3.9991,0.60563,0.43867,9.0439,2.039,4.6453,19959.0,9.0678,1.7212,227.64,47.056,615370.0,6.8945
2000-05-08,1.7011,1.4891,1.7308,0.63942,40.898,8.3252,17.479,1.1171,0.6536,7.7782,288.65,76.988,108.55,1108.0,3.9958,0.60634,0.44448,9.0901,2.0584,4.5794,20173.0,9.0946,1.7221,228.4,47.393,616760.0,6.944
2000-05-09,1.7315,1.4945,1.7243,0.63756,41.041,8.3013,17.428,1.1138,0.65126,7.7729,287.76,76.888,109.43,1106.9,3.9903,0.60593,0.44342,9.0772,2.099,4.5138,20205.0,9.0939,1.7228,228.02,47.533,615910.0,7.033
2000-05-10,1.7143,1.4926,1.7134,0.62911,40.85,8.1849,17.181,1.0981,0.6562,7.779,283.74,76.227,108.85,1107.6,3.9937,0.60503,0.44076,8.9969,2.0797,4.4342,20235.0,9.0101,1.7252,224.79,47.283,612700.0,7.15
2000-05-11,1.7364,1.4941,1.7137,0.63095,40.822,8.2116,17.234,1.1014,0.66648,7.8049,284.78,76.671,108.53,1115.1,4.0073,0.60745,0.44223,9.0583,2.1108,4.492,20276.0,9.0649,1.7281,225.6,47.535,615670.0,7.0
2000-05-12,1.7318,1.4875,1.7198,0.63426,40.866,8.2587,17.33,1.1075,0.6601,7.8046,286.53,76.664,108.55,1116.5,4.0065,0.60771,0.44257,9.0503,2.0962,4.4767,20315.0,9.1234,1.7281,226.78,47.612,616590.0,7.1
2000-05-15,1.7422,1.4877,1.7004,0.62658,40.3,8.1549,17.106,1.0933,0.66087,7.7923,283.54,76.036,109.4,1115.2,4.0005,0.60599,0.44014,8.9636,2.1079,4.4416,20340.0,9.0412,1.7329,224.08,47.01,614570.0,7.035
2000-05-16,1.7386,1.4865,1.7126,0.63188,40.585,8.2289,17.261,1.1031,0.66685,7.7988,285.49,76.481,109.09,1115.8,4.0038,0.60838,0.44302,9.0182,2.1213,4.4148,20367.0,9.102,1.7325,226.07,47.386,617140.0,7.0675
2000-05-17,1.7623,1.4895,1.7359,0.64157,41.097,8.36,17.538,1.1208,0.67104,7.7928,290.01,77.27,109.82,1115.4,3.9992,0.61107,0.44732,9.1392,2.1697,4.4839,20399.0,9.1683,1.734,229.71,48.027,621560.0,7.11
2000-05-18,1.7647,1.5034,1.7372,0.64014,41.076,8.3418,17.498,1.1183,0.67535,7.79,289.52,77.186,109.15,1118.2,3.9978,0.61071,0.44777,9.1216,2.2389,4.4798,20450.0,9.1557,1.7346,229.17,48.15,620510.0,7.175
2000-05-19,1.7544,1.5013,1.7478,0.64497,41.114,8.4034,17.63,1.1268,0.6747,7.7848,292.33,77.499,107.82,1121.6,3.9946,0.61003,0.44946,9.1837,2.208,4.5291,20495.0,9.1927,1.7268,231.14,48.319,622790.0,7.1751
2000-05-22,1.7518,1.4944,1.7252,0.63601,40.431,8.2872,17.386,1.1111,0.67222,7.7854,288.49,76.9,107.3,1129.9,3.9959,0.60744,0.446,9.1283,2.1967,4.4933,20543.0,9.2244,1.7294,227.93,47.659,620820.0,7.105
2000-05-23,1.7342,1.4945,1.7157,0.62891,39.903,8.1857,17.174,1.0976,0.67512,7.7885,285.37,76.589,106.79,1133.7,3.9977,0.60608,0.44331,9.0731,2.173,4.5158,20555.0,9.1313,1.7333,225.16,47.24,618460.0,7.075
2000-05-24,1.7485,1.5074,1.7192,0.6297,39.923,8.1967,17.198,1.0991,0.67762,7.8,285.39,76.753,107.25,1134.2,4.0037,0.60761,0.44372,9.0949,2.2089,4.509,20558.0,9.1581,1.7373,225.61,47.29,619170.0,7.0757
2000-05-25,1.7604,1.5143,1.7342,0.6375,40.355,8.3031,17.422,1.1135,0.67921,7.8139,289.42,77.43,107.79,1133.4,4.0124,0.61096,0.44639,9.1849,2.2097,4.532,20606.0,9.2501,1.7371,228.57,47.851,623090.0,7.1675
2000-05-26,1.7502,1.502,1.7108,0.62679,39.604,8.1576,17.114,1.0937,0.6791,7.7814,284.23,76.671,107.43,1135.8,3.9962,0.60669,0.44307,9.0627,2.2021,4.5364,20618.0,9.137,1.7298,224.51,46.976,617630.0,7.175
