AUD,CAD,CHF,CZK,DKK,EUR,GBP,HKD,HUF,JPY,KRW,NOK,NZD,PLN,SEK,SGD,ZAR
1.3258,1.3155,0.96039,23.844,6.5642,0.88215,0.7128399999999999,7.7564,275.52,110.38,1163.0,8.3592,1.4736,3.7611,8.1711,1.3561,15.243
1.3281,1.3117,0.9577600000000001,23.781,6.5485,0.87997,0.71038,7.7586,274.8,108.37,1159.9,8.3198,1.4723,3.7692,8.1463,1.3524,15.238
1.3281,1.3078,0.9569700000000001,23.781,6.5492,0.88005,0.7104600000000001,7.7589999999999995,275.17,108.56,1153.2,8.2886,1.4747,3.7801,8.1781,1.3496,15.068
1.3222,1.2989,0.95496,23.728,6.5342,0.8779600000000001,0.7029,7.7543,273.99,108.24,1147.1,8.2361,1.4635,3.7571,8.1488,1.3469,14.745999999999999
1.3059,1.2876,0.95419,23.719,6.5316,0.8775,0.7006,7.7546,273.24,108.32,1143.3,8.2059,1.4514,3.7665,8.0851,1.3473,14.689
1.3071,1.2804,0.96362,23.93,6.5878,0.8851100000000001,0.70267,7.7569,275.03,109.28,1149.0,8.2415,1.446,3.7944,8.1218,1.3511,14.722999999999999
1.2984,1.2828,0.9667600000000001,24.021,6.6135,0.8887299999999999,0.70707,7.7571,276.62,109.39,1154.0,8.2332,1.4571,3.8208,8.139,1.3638,14.57
1.2981,1.2881,0.96765,23.95,6.5946,0.88621,0.7052,7.7567,275.2,108.92,1147.7,8.2457,1.4475,3.8078,8.1445,1.3586,14.571
1.2989,1.2924,0.9655100000000001,23.901,6.5821,0.88449,0.7056399999999999,7.7559,274.48,108.19,1149.5,8.2545,1.442,3.8085,8.1327,1.3557,14.599
1.2825,1.2711,0.96288,23.822,6.5611,0.8816,0.69624,7.7555,273.75,109.41,1126.1,8.1617,1.4218,3.7933,8.0907,1.3398,14.285
1.2792,1.2673,0.9613299999999999,23.746,6.541,0.8788100000000001,0.69514,7.7574,271.6,109.15,1129.3,8.1146,1.4264,3.7679,8.0537,1.3398,14.203
1.2766,1.2634,0.96777,23.799,6.5531,0.8806700000000001,0.69303,7.7576,273.62,109.64,1132.9,8.1035,1.4321,3.7944,8.0885,1.3432,14.179
1.2936,1.2734,0.97585,24.013,6.6069,0.88786,0.6955100000000001,7.7571,275.33,110.86,1143.0,8.2077,1.4529,3.8627,8.1134,1.3505,14.37
1.295,1.2683,0.9741700000000001,24.011999999999997,6.6067,0.8877799999999999,0.68928,7.7568,276.37,110.93,1146.6,8.2329,1.4559,3.8983,8.1294,1.3508,14.482999999999999
1.2935,1.2648,0.97457,23.945,6.5932,0.8859799999999999,0.68648,7.7563,276.6,111.15,1151.0,8.1756,1.4545,3.8805,8.1107,1.3538,14.485
1.3169,1.2583,0.9730200000000001,23.918000000000003,6.5848,0.8847200000000001,0.6854399999999999,7.7564,276.14,111.29,1149.7,8.1406,1.4601,3.8855,8.1052,1.3493,14.466
1.3124,1.2557,0.96619,23.811,6.5533,0.88044,0.6853100000000001,7.7576,273.55,108.15,1140.6,8.1405,1.4340000000000002,3.8634,8.0792,1.3447,14.38
1.3109,1.2528,0.96326,23.711,6.5281,0.8769600000000001,0.68425,7.7581,273.81,107.29,1141.4,8.0812,1.4344,3.8556,8.0408,1.3427,14.169
1.3073,1.2519,0.9570200000000001,23.534000000000002,6.4747,0.8700899999999999,0.68083,7.7586,270.46,106.56,1137.9,8.0336,1.4242,3.8139,7.9877,1.3408,14.185
1.3228,1.2584,0.94883,23.37,6.4331,0.8643799999999999,0.68375,7.7594,269.56,105.91,1144.3,8.0465,1.4324,3.7898,7.9786,1.3462,14.463
1.3367,1.2751,0.9555,23.495,6.4671,0.86919,0.68913,7.7614,271.69,106.58,1163.1,8.1191,1.4488,3.8189,8.0513,1.3564,14.782
1.3346,1.2819999999999998,0.9632,23.628,6.5042,0.8742,0.6894,7.7607,273.49,107.1,1166.2,8.1288,1.4492,3.8669,8.0929,1.3577,14.927
1.3565,1.2879,0.9687600000000001,23.647,6.51,0.8751200000000001,0.69003,7.7604,274.51,106.97,1172.3,8.1835,1.4616,3.8679,8.117,1.3587,14.960999999999999
1.3641,1.2938,0.96999,23.714000000000002,6.5286,0.8775799999999999,0.6932699999999999,7.7626,276.48,108.28,1173.7,8.1904,1.4696,3.8738,8.1378,1.3666,15.106
1.3614,1.2962,0.97398,23.756,6.5403,0.8791200000000001,0.6924,7.7625,276.48,109.12,1173.6,8.2215,1.4843,3.8858,8.1563,1.3694,15.228
1.3563,1.2872,0.97283,23.685,6.522,0.8765,0.69207,7.7607,276.36,108.77,1168.2,8.1931,1.4693,3.878,8.1444,1.3682,15.140999999999998
1.3646,1.2814,0.9713799999999999,23.726999999999997,6.5332,0.8780399999999999,0.69267,7.7599,276.5,109.32,1169.2,8.1061,1.4684,3.8803,8.1609,1.3715,14.991
1.3728,1.2882,0.97145,23.811,6.556,0.88121,0.69403,7.7632,277.73,108.88,1172.8,8.1669,1.4709,3.8711,8.2204,1.3705,15.168
1.3711,1.2923,0.9766,23.863000000000003,6.5688,0.88308,0.69587,7.7632,278.61,108.86,1179.7,8.157,1.4709,3.8606,8.2453,1.3697,15.57
1.3657,1.2927,0.9789700000000001,23.875,6.5724,0.88355,0.6904899999999999,7.7619,278.54,109.5,1176.6,8.1779,1.4712,3.8541,8.2623,1.3696,15.6
1.3761,1.2977,0.9828899999999999,23.958000000000002,6.5939,0.8866,0.68698,7.7644,280.21,109.39,1188.3,8.2263,1.4776,3.8909,8.292,1.3777,15.884
1.3899,1.311,0.99035,24.134,6.6416,0.8931,0.68398,7.767,282.77,110.0,1190.9,8.3588,1.4838,3.9232,8.3691,1.3798,15.847999999999999
1.3833,1.3106,0.99144,24.089000000000002,6.6289,0.89135,0.6864100000000001,7.7673,282.36,110.36,1187.3,8.3212,1.4777,3.94,8.3419,1.3815,15.747
1.3858,1.3148,0.99019,24.104,6.6314,0.89166,0.69053,7.7667,282.7,109.41,1185.7,8.3511,1.4746,3.9560000000000004,8.3317,1.3801,15.619000000000002
1.3966,1.3148,0.99203,24.199,6.6588,0.8954200000000001,0.68511,7.7671,282.95,109.74,1190.3,8.3592,1.4867,3.9719,8.3327,1.383,15.625
1.3884,1.3106,0.9913,24.249000000000002,6.6723,0.89718,0.68119,7.7637,281.98,110.17,1181.8,8.3389,1.4793,3.966,8.3125,1.3791,15.677999999999999
1.3862,1.2932,0.99167,24.197,6.6589,0.8954200000000001,0.68025,7.7659,281.51,110.07,1180.1,8.2799,1.4856,3.9495,8.3157,1.3772,15.595
1.3864,1.3037,0.99105,24.201,6.6589,0.8954200000000001,0.68271,7.7664,281.35,109.65,1179.3,8.3112,1.4851,3.9319,8.2981,1.3754,15.625
1.3919,1.3039,0.9927299999999999,24.258000000000003,6.6765,0.89775,0.6834100000000001,7.7688,281.72,111.19,1191.0,8.3513,1.4924,3.9447,8.3338,1.3811,15.770999999999999
1.3776,1.3027,0.9901399999999999,24.226,6.6681,0.89654,0.68303,7.7676,281.61,111.02,1188.9,8.3557,1.4807,3.9327,8.3297,1.3777,15.767000000000001
1.3755,1.3054,0.98935,24.186999999999998,6.657,0.8949299999999999,0.6923,7.7696,281.11,109.24,1191.6,8.3303,1.4653,3.9357,8.3046,1.376,15.695
1.3868,1.3105,0.98874,24.159000000000002,6.6485,0.89381,0.69123,7.7701,279.78,109.01,1188.2,8.3447,1.4725,3.9241,8.3076,1.3764,15.593
1.3804,1.3084,0.9906799999999999,24.229,6.6686,0.89654,0.69289,7.7715,280.11,108.9,1185.6,8.3246,1.4602,3.9323,8.3024,1.3763,15.58
1.3584,1.2922,0.9737399999999999,23.811,6.5536,0.88113,0.69363,7.7676,274.43,107.13,1165.7,8.1888,1.4431,3.8573,8.147,1.3591,14.985
1.3447,1.2782,0.9674799999999999,23.811,6.553,0.88121,0.68629,7.7674,273.6,107.65,1155.9,8.127,1.4381,3.832,8.1281,1.3537,14.866
1.3384,1.2682,0.96168,23.748,6.5358,0.87889,0.68596,7.7639,272.53,107.02,1152.6,8.0906,1.4261,3.7993,8.1107,1.348,14.731
1.3444,1.2747,0.96236,23.822,6.5558,0.8816,0.6915100000000001,7.7622,274.57,106.43,1160.7,8.1538,1.4049,3.8192,8.1489,1.3519999999999999,14.825
1.3512,1.2748,0.96293,23.908,6.5778,0.88464,0.6942699999999999,7.7617,275.47,106.86,1164.3,8.2028,1.411,3.8562,8.2478,1.3541,15.09
1.3514,1.2771,0.9662799999999999,23.993000000000002,6.5989,0.8874700000000001,0.70567,7.7627,277.22,106.06,1173.8,8.277000000000001,1.4154,3.8946,8.277000000000001,1.3553,15.175999999999998
1.361,1.2872,0.96499,24.096,6.6243,0.89087,0.70804,7.7606,279.7,106.0,1179.8,8.3434,1.4273,3.9494,8.3015,1.3567,15.356
1.3524,1.2857,0.9632200000000001,24.108,6.6212,0.8904700000000001,0.7048800000000001,7.7615,279.48,106.22,1172.0,8.3183,1.4224,3.9287,8.3295,1.3549,15.229000000000001
1.3614,1.3003,0.9676,24.223000000000003,6.6543,0.8949299999999999,0.70729,7.7604,282.04,104.39,1177.6,8.3943,1.4229,3.9816,8.4048,1.3528,15.414000000000001
1.3537,1.2901,0.96126,24.053,6.6076,0.8885700000000001,0.69993,7.7606,279.24,104.27,1171.3,8.3801,1.4181,3.9509,8.3361,1.3495,15.214
1.3403,1.2813,0.96047,23.881999999999998,6.5619,0.88246,0.6828,7.76,276.14,104.63,1158.0,8.2576,1.4063,3.8762,8.2367,1.3435,14.82
1.3322,1.2773,0.95899,23.921,6.5722,0.8838600000000001,0.6784100000000001,7.7584,277.6,104.64,1152.6,8.2834,1.3969,3.8882,8.2411,1.3407,14.675999999999998
1.3324,1.2762,0.95985,23.993000000000002,6.5926,0.8862899999999999,0.68061,7.7572,278.67,104.59,1150.0,8.2917,1.3943,3.8806,8.283999999999999,1.3394,14.692
1.3223,1.2747,0.95496,23.761999999999997,6.5323,0.8780399999999999,0.6725300000000001,7.7576,275.95,105.7,1145.4,8.1652,1.3841,3.8257,8.1684,1.3392,14.457
1.3474,1.3006,0.97669,24.491999999999997,6.7207,0.9036700000000001,0.7297100000000001,7.7613,287.28,102.32,1172.0,8.5126,1.4109,4.0258,8.5496,1.3531,15.12
1.3509,1.3048,0.9761799999999999,24.686999999999998,6.7621,0.9092600000000001,0.75832,7.7582,289.46,101.65,1184.7,8.5511,1.4156,4.0569999999999995,8.5516,1.3598,15.325999999999999
1.3532,1.3039,0.97941,24.480999999999998,6.7178,0.9031,0.7470399999999999,7.7599,286.89,102.41,1168.8,8.4697,1.4152,4.0109,8.5275,1.3552,15.247
1.3445,1.2991,0.97872,24.449,6.7066,0.90171,0.74436,7.7584,285.8,102.66,1157.1,8.3918,1.4035,3.9911,8.5041,1.3482,14.97
1.3447,1.2956,0.97883,24.438000000000002,6.7009,0.90074,0.74446,7.7585,285.59,102.73,1151.6,8.3776,1.4066,3.9959,8.4887,1.3472,14.814
1.3367,1.2923,0.97306,24.331,6.6798,0.89807,0.75285,7.7587,284.26,102.64,1145.8,8.3498,1.3927,3.9485,8.4329,1.3434,14.575
1.3281,1.2864,0.97315,24.326999999999998,6.6807,0.8978299999999999,0.75332,7.7588,284.55,102.61,1148.1,8.3083,1.3873,3.9777,8.4315,1.3458,14.493
1.337,1.2936,0.9722799999999999,24.288,6.675,0.89718,0.76258,7.7583,283.81,101.83,1157.3,8.3615,1.3926,3.9886,8.463,1.3494,14.751
1.3382,1.3026,0.9776,24.463,6.7225,0.9034200000000001,0.77062,7.7591,286.02,100.71,1164.6,8.4486,1.4054,4.0258,8.5528,1.3523,14.89
1.3301,1.2931,0.9765299999999999,24.412,6.7158,0.9025299999999999,0.7679199999999999,7.7587,284.77,100.99,1155.8,8.4641,1.3843,3.9959,8.5552,1.3478,14.66
1.3307,1.3014,0.9805799999999999,24.42,6.722,0.9033399999999999,0.77004,7.7566,283.72,100.42,1157.1,8.4851,1.375,3.9998,8.5533,1.3463,14.696
1.3229,1.3066,0.9835299999999999,24.47,6.7311,0.9050600000000001,0.77018,7.7592,283.35,102.48,1148.3,8.5131,1.3802,4.0013,8.5763,1.3494,14.442
1.3101,1.3029,0.98305,24.373,6.7056,0.90155,0.75978,7.7579,283.03,103.94,1146.1,8.4294,1.3689,3.9822,8.5169,1.3468,14.304
1.3111,1.3053,0.9852799999999999,24.416,6.7177,0.9031799999999999,0.7532300000000001,7.7576,283.05,104.61,1143.1,8.4127,1.3687,3.9789999999999996,8.5231,1.3459999999999999,14.333
1.3075,1.2926,0.9769700000000001,24.244,6.6665,0.8963,0.7467199999999999,7.7564,281.11,105.66,1131.3,8.3577,1.3869,3.9539999999999997,8.4622,1.3425,14.212
1.3064,1.2866,0.9794200000000001,24.299,6.6836,0.8986299999999999,0.74834,7.7537,283.02,105.71,1132.4,8.3737,1.3959,3.9629,8.4971,1.3444,14.347999999999999
1.317,1.2951,0.98335,24.449,6.73,0.9047299999999999,0.75429,7.7547,285.0,105.69,1137.8,8.4707,1.4073,3.9632,8.5659,1.3481,14.265999999999998
1.3346,1.3017,0.9856799999999999,24.48,6.7412,0.9062100000000001,0.76076,7.7558,285.21,106.21,1139.6,8.472000000000001,1.4213,3.9628,8.6019,1.3522,14.327
1.3359,1.3059,0.9881,24.535999999999998,6.7542,0.90802,0.75915,7.7549,286.07,106.54,1141.5,8.4947,1.4218,3.9733,8.5975,1.3586,14.283
1.3355,1.3051,0.9870200000000001,24.535,6.7535,0.90785,0.7589199999999999,7.7554,285.62,106.26,1138.1,8.4921,1.4334,3.9666,8.6006,1.3555,14.292
1.3362,1.3107,0.9860200000000001,24.535,6.7541,0.90794,0.76365,7.7556,284.49,106.1,1136.0,8.5207,1.4298,3.9544,8.6235,1.3559,14.247
1.3355,1.3172,0.98698,24.608,6.7741,0.91058,0.76188,7.7572,284.68,106.21,1138.7,8.5687,1.4304,3.9681,8.6569,1.3608,14.274000000000001
1.3275,1.3234,0.98845,24.570999999999998,6.7648,0.9093399999999999,0.76121,7.7568,284.77,104.27,1135.9,8.5814,1.415,3.9674,8.65,1.3572,14.427999999999999
1.3388,1.319,0.9942700000000001,24.596999999999998,6.7684,0.90984,0.76312,7.7566,285.29,105.75,1134.7,8.5877,1.4222,3.9789999999999996,8.6771,1.358,14.292
1.3287,1.3161,0.98215,24.386999999999997,6.7086,0.90171,0.75942,7.7567,281.47,104.72,1128.2,8.5126,1.4108,3.9347,8.6111,1.3505,14.244000000000002
1.3302,1.3176,0.9739,24.324,6.6925,0.89985,0.75947,7.7576,280.92,103.33,1121.9,8.5568,1.4051,3.926,8.6091,1.3511,14.155
1.3213,1.3066,0.9680200000000001,24.211,6.6633,0.89574,0.75726,7.7591,278.58,102.36,1107.3,8.4607,1.3924,3.8973,8.5841,1.3406,13.895
1.3148,1.3051,0.96578,24.151,6.6461,0.8934200000000001,0.7532399999999999,7.7605,277.94,101.6,1106.9,8.4305,1.3845,3.8632,8.5354,1.3389,13.97
1.317,1.31,0.9683,24.138,6.6417,0.89286,0.7492,7.7588,277.68,101.09,1117.2,8.4139,1.3908,3.8509,8.4952,1.3411,13.98
1.3114,1.3053,0.97288,24.27,6.6795,0.89799,0.75973,7.7572,279.44,101.17,1115.2,8.4517,1.39,3.8560000000000003,8.5403,1.3427,13.739
1.3058,1.3023,0.97275,24.221999999999998,6.6666,0.89638,0.76022,7.7556,278.43,101.05,1109.4,8.4279,1.3869999999999998,3.8402,8.5195,1.3404,13.673
1.3096,1.3144,0.9816,24.377,6.7077,0.90196,0.76626,7.7567,280.53,102.45,1108.9,8.4843,1.4024,3.8591,8.5911,1.3479,13.645
1.3056,1.3149,0.9838399999999999,24.397,6.712999999999999,0.90269,0.77089,7.7586,280.17,102.25,1105.5,8.4465,1.4012,3.8517,8.5643,1.3478,13.547
1.2919999999999998,1.3016,0.9766600000000001,24.164,6.6509,0.89413,0.76485,7.7564,277.55,101.12,1094.0,8.2771,1.3786,3.8165,8.4774,1.3383,13.276
1.2965,1.3054,0.97364,24.226999999999997,6.6696,0.8966200000000001,0.7714300000000001,7.7563,278.19,101.36,1100.2,8.2752,1.3799,3.82,8.456,1.3439,13.367
1.3027,1.2975,0.9758,24.214000000000002,6.6677,0.8962200000000001,0.7712,7.7569,277.85,101.96,1106.1,8.2125,1.3889,3.8231,8.4512,1.3464,13.505999999999998
1.3038,1.2921,0.9743299999999999,24.171,6.6552,0.89445,0.7752899999999999,7.7572,276.82,101.05,1099.4,8.2068,1.3862,3.8189,8.4616,1.3439,13.359000000000002
1.2928,1.2817,0.9605100000000001,23.921999999999997,6.5867,0.88535,0.77078,7.756,274.38,99.814,1091.1,8.1541,1.3712,3.7801,8.3694,1.3363,13.238
1.3107,1.2885,0.9633700000000001,23.965,6.5992,0.88684,0.76836,7.756,275.48,100.68,1111.2,8.2309,1.3831,3.8052,8.4206,1.3444,13.454
1.3043,1.2829,0.9586600000000001,23.871,6.5734,0.88331,0.7603,7.7541,274.2,100.34,1110.4,8.1609,1.376,3.7916,8.3702,1.3421,13.357999999999999
1.3135,1.2844,0.95815,23.858,6.5705,0.88292,0.7640600000000001,7.7539,273.95,100.24,1120.6,8.2154,1.3779,3.7959,8.3821,1.348,13.511
1.314,1.2915,0.96285,23.901999999999997,6.5824,0.88449,0.76278,7.7531,274.32,100.59,1123.5,8.2506,1.3802,3.805,8.3871,1.3511,13.587
1.3073,1.2898,0.96093,23.831999999999997,6.5635,0.8819100000000001,0.7584,7.7532,273.82,100.08,1116.2,8.1908,1.3654,3.8033,8.3493,1.3491,13.475
1.3119,1.294,0.96654,23.980999999999998,6.6056,0.8874700000000001,0.7555,7.7538,275.11,100.24,1122.6,8.2055,1.3667,3.8196,8.3906,1.354,14.144
1.3144,1.2929,0.9659,23.938000000000002,6.5935,0.88574,0.75793,7.7549,274.4,100.49,1116.3,8.2171,1.3687,3.8196,8.4106,1.3531,14.13
1.3083,1.2884,0.9683799999999999,23.936,6.5954,0.88574,0.7568600000000001,7.7551,273.25,100.38,1114.3,8.1932,1.3656,3.8303,8.4059,1.3524,14.05
1.3241,1.3013,0.97914,24.191999999999997,6.6653,0.8952600000000001,0.76523,7.7562,276.42,102.27,1123.3,8.3018,1.3821,3.8777,8.4996,1.3619,14.53
1.3241,1.3039,0.98057,24.199,6.6662,0.8954200000000001,0.76263,7.7571,276.66,102.32,1114.3,8.316,1.3814,3.8893,8.5072,1.3607,14.375
1.33,1.31,0.9842799999999999,24.278000000000002,6.6863,0.89831,0.7618199999999999,7.7575,278.78,103.31,1117.2,8.3332,1.3792,3.9106,8.5482,1.3637,14.527999999999999
1.3279,1.3129,0.98493,24.246,6.6767,0.89718,0.75408,7.7573,278.17,103.71,1121.8,8.3483,1.3778,3.9158,8.5672,1.3635,14.67
1.3231,1.3082,0.97909,24.142,6.6473,0.8934200000000001,0.75279,7.7562,277.07,103.48,1115.8,8.324,1.3695,3.9233,8.5754,1.3576,14.524000000000001
1.3173,1.294,0.97929,24.221,6.6697,0.89638,0.74976,7.7552,277.28,103.3,1106.5,8.2877,1.3672,3.9029,8.5584,1.3567,14.353
1.3106,1.2909,0.97885,24.215,6.6686,0.8961399999999999,0.74859,7.7554,277.62,103.41,1105.7,8.2546,1.3626,3.8882,8.5456,1.3559,14.205
1.3026,1.2854,0.96921,24.046,6.6246,0.88992,0.74725,7.7552,274.67,101.66,1090.1,8.1822,1.3397,3.8432,8.4598,1.3459999999999999,14.027999999999999
1.2953,1.2877,0.96645,23.921,6.5889999999999995,0.8852700000000001,0.74858,7.7563,272.72,101.63,1089.7,8.14,1.3419,3.8158,8.4052,1.3457,13.904000000000002
1.3166,1.2957,0.97346,23.980999999999998,6.6053,0.8874700000000001,0.75043,7.7559,273.88,102.81,1104.2,8.2064,1.3577,3.8467,8.4327,1.3561,14.324000000000002
1.3299,1.3114,0.97408,24.073,6.6305,0.89079,0.75249,7.757999999999999,276.13,101.89,1115.5,8.2588,1.3674,3.8744,8.5148,1.3609,14.481
1.3282,1.3109,0.9713700000000001,24.025,6.6184,0.88913,0.75365,7.757999999999999,275.45,102.23,1123.3,8.208,1.365,3.8657,8.4805,1.3619999999999999,14.298
1.3391,1.3192,0.9756600000000001,24.089000000000002,6.6359,0.8914200000000001,0.75841,7.7588,276.3,102.84,1126.0,8.2678,1.3764,3.8706,8.4991,1.3663,14.332
1.3361,1.3178,0.97219,24.011999999999997,6.6166,0.8885700000000001,0.75705,7.7582,275.68,102.17,1126.6,8.2325,1.3721,3.8434,8.4859,1.3654,14.217
1.3316,1.3199,0.9746100000000001,24.073,6.6338,0.89079,0.75898,7.7587,275.38,101.86,1125.6,8.2509,1.3689,3.8453,8.5133,1.3645,14.135
1.3249,1.3152,0.98119,24.201999999999998,6.6729,0.89566,0.76579,7.7578,275.65,101.79,1119.7,8.2853,1.3674,3.8446,8.5704,1.3632,14.03
1.3244,1.3226,0.97845,24.160999999999998,6.6631,0.89413,0.77086,7.7569,276.39,101.87,1119.8,8.283999999999999,1.3609,3.8425,8.5625,1.3624,13.872
1.3152,1.3142,0.97605,24.235,6.6857,0.89686,0.76855,7.7553,276.73,100.89,1112.6,8.2796,1.3605,3.8489,8.5828,1.3585,13.712
1.3057,1.3012,0.96699,24.044,6.6331,0.88984,0.76459,7.7556,272.62,100.72,1101.9,8.104,1.3651,3.8131,8.5276,1.3544,13.487
1.3095,1.3042,0.9708399999999999,24.096999999999998,6.6481,0.89174,0.77078,7.7563,272.44,100.78,1102.0,8.1174,1.3764,3.8228,8.5447,1.3582,13.587
1.3098,1.3164,0.9683,23.993000000000002,6.6186,0.88794,0.77331,7.7555,272.17,100.44,1106.5,8.1085,1.3775,3.8221,8.5309,1.36,13.673
1.3067,1.3256,0.9697,24.086,6.64,0.8912700000000001,0.77017,7.7545,273.57,100.29,1098.7,8.1201,1.3715,3.8224,8.5751,1.3596,13.55
1.304,1.3211,0.97024,24.074,6.638,0.89087,0.768,7.7542,274.34,100.61,1097.4,8.0969,1.3772,3.8212,8.567,1.3604,13.585
1.3049,1.3085,0.96925,24.081999999999997,6.6414,0.8911899999999999,0.76765,7.7552,275.06,101.49,1100.8,8.0566,1.3769999999999998,3.8379,8.5748,1.3624,13.79
1.3132,1.3162,0.97446,24.21,6.6762,0.8959799999999999,0.77146,7.7544,277.56,101.33,1101.9,8.0517,1.3769999999999998,3.8699,8.6202,1.365,13.909
1.3028,1.3085,0.9717,24.049,6.6272,0.89,0.77713,7.7559,274.28,101.37,1101.1,7.9766,1.3754,3.821,8.5377,1.364,13.585
1.3049,1.3168,0.98101,24.21,6.6677,0.8959799999999999,0.7843399999999999,7.756,275.44,102.59,1109.4,7.9899,1.3733,3.847,8.6018,1.3699,13.604000000000001
1.3132,1.3216,0.9775200000000001,24.108,6.6379,0.8919799999999999,0.78633,7.7565,272.81,103.16,1115.2,8.0164,1.3926,3.8303,8.5862,1.3705,13.745
1.3198,1.3204,0.9782700000000001,24.158,6.6529,0.89405,0.78966,7.7572,272.75,103.71,1116.9,8.0409,1.3989,3.838,8.6115,1.3737,13.819
1.3192,1.3271,0.98259,24.256,6.6791,0.8976700000000001,0.81107,7.7582,272.76,103.63,1115.8,8.0799,1.3995,3.8432,8.6477,1.3752,13.880999999999998
1.3163,1.3253,0.98208,24.212,6.6675,0.8960600000000001,0.80708,7.7588,272.98,103.4,1111.6,8.1047,1.4021,3.8369999999999997,8.6575,1.3743,13.849
1.3249,1.3226,0.9872700000000001,24.389,6.7165,0.90261,0.81445,7.7604,274.78,103.71,1123.8,8.1591,1.4132,3.8552,8.783999999999999,1.3789,14.263
1.3206,1.3247,0.98966,24.524,6.7513,0.9074399999999999,0.8166100000000001,7.7581,277.72,103.9,1125.0,8.1933,1.4175,3.8996,8.831,1.3829,14.394
1.3231,1.3245,0.9878600000000001,24.48,6.7399,0.90596,0.81926,7.7584,277.66,103.72,1134.2,8.2232,1.4154,3.8974,8.8209,1.3839,14.296
1.3108,1.3166,0.9897299999999999,24.566999999999997,6.7622,0.9089299999999999,0.81722,7.7589,277.5,104.31,1132.6,8.2029,1.4096,3.9102,8.8228,1.3873,14.207
1.3131,1.3128,0.9889,24.581,6.7673,0.90959,0.82304,7.7591,279.18,104.11,1139.9,8.2149,1.4038,3.9368,8.8255,1.3889,14.238
1.3037,1.3083,0.9902700000000001,24.58,6.7686,0.9096700000000001,0.81475,7.7589,279.2,104.04,1126.4,8.1475,1.39,3.9283,8.8261,1.3865,14.046
1.3023,1.308,0.98861,24.612,6.7774,0.9108299999999999,0.81372,7.757999999999999,279.7,103.37,1123.9,8.1597,1.3874,3.9330000000000003,8.8332,1.3869999999999998,13.904000000000002
1.3036,1.3169,0.98834,24.609,6.7762,0.91075,0.8157399999999999,7.7578,280.09,103.61,1127.0,8.1626,1.383,3.9419,8.8379,1.3886,13.911
1.3107,1.3229,0.9944,24.822,6.8329,0.91861,0.8205,7.7583,283.21,103.77,1137.8,8.2251,1.3954,3.9731,8.9025,1.3944,14.032
1.3114,1.3357,0.9935700000000001,24.81,6.8308,0.91819,0.81733,7.7567,283.29,104.02,1133.3,8.2504,1.3969999999999998,3.9635,8.911,1.3919,13.88
1.3088,1.3317,0.99779,24.854,6.8421,0.91979,0.8186,7.7567,283.44,104.53,1131.9,8.266,1.3988,3.9589999999999996,8.9386,1.3919,13.834000000000001
1.3016,1.3366,0.9920399999999999,24.733,6.8087,0.91533,0.8189,7.7558,282.92,104.32,1135.8,8.2769,1.3955,3.9584,8.9124,1.3896,13.75
1.3123,1.3366,0.9918600000000001,24.73,6.8066,0.9151600000000001,0.81594,7.7552,283.0,104.69,1143.2,8.2235,1.3998,3.9619,8.9823,1.3921,13.857000000000001
1.3206,1.3389,0.99387,24.741,6.8103,0.91558,0.82316,7.7538,283.34,105.38,1145.4,8.281,1.4005,3.9651,9.0295,1.3943,13.880999999999998
1.3153,1.3398,0.98849,24.688000000000002,6.7964,0.91358,0.8226700000000001,7.7551,281.78,105.03,1146.4,8.2537,1.399,3.9538,9.0124,1.3933,13.565
1.3008,1.3361,0.9816799999999999,24.511999999999997,6.7473,0.9070299999999999,0.8179,7.7555,279.12,104.83,1141.4,8.1826,1.3916,3.9079,8.9615,1.3885,13.495999999999999
1.305,1.3375,0.97224,24.355,6.7053,0.9013100000000001,0.81174,7.7548,277.66,103.31,1143.3,8.177999999999999,1.3729,3.8986,8.9148,1.3844,13.377
1.3046,1.3389,0.97496,24.421999999999997,6.7251,0.9038299999999999,0.80132,7.7558,278.27,103.26,1144.3,8.1865,1.3679,3.9033,8.9541,1.3858,13.462
1.3015,1.3433,0.97124,24.359,6.707999999999999,0.9014700000000001,0.8005800000000001,7.7557,275.97,102.98,1144.3,8.2122,1.3674,3.8933,8.9813,1.3844,13.533
1.3015,1.3391,0.9753200000000001,24.427,6.7265,0.904,0.80492,7.7563,276.67,104.32,1143.3,8.2295,1.3665,3.9144,9.0249,1.39,13.455
1.2984,1.3368,0.97645,24.48,6.742000000000001,0.90596,0.8071,7.7548,276.83,104.78,1135.9,8.2219,1.3644,3.9213,8.9858,1.3904,13.347000000000001
1.3007,1.3426,0.9792200000000001,24.521,6.7517,0.90728,0.80775,7.7542,276.67,103.92,1152.8,8.2737,1.3668,3.9365,9.0746,1.3940000000000001,13.455
1.3158,1.3482,0.98779,24.802,6.8301,0.91785,0.80574,7.7554,282.06,106.84,1161.0,8.3279,1.3889,4.0007,9.095,1.4087,13.864
1.3149,1.3491,0.9842299999999999,24.811,6.8253,0.91709,0.78992,7.757999999999999,283.61,106.35,1164.9,8.3591,1.3906,4.0426,9.0435,1.4086,14.220999999999998
1.3247,1.3538,0.9964700000000001,25.076999999999998,6.9059,0.9279,0.79786,7.7579,287.77,107.89,1172.9,8.4764,1.4098,4.0883,9.1023,1.4159,14.388
1.3228,1.3525,0.99935,25.109,6.9144,0.92894,0.80481,7.757000000000001,287.94,108.27,1166.0,8.4392,1.4068,4.1101,9.151,1.4122,14.183
1.3393,1.3479,1.0034,25.263,6.954,0.9344,0.80462,7.7574,290.22,109.56,1175.9,8.4769,1.4183,4.1518,9.1878,1.4179,14.334000000000001
1.3398,1.3426,1.0019,25.24,6.944,0.9331,0.80298,7.7571,288.66,109.28,1176.8,8.4798,1.413,4.1474,9.1787,1.4164,14.27
1.3525,1.3515,1.0077,25.435,6.9996,0.9408200000000001,0.81116,7.7571,291.18,110.03,1176.1,8.5651,1.4181,4.18,9.2429,1.4213,14.375
1.3568,1.3459,1.0090000000000001,25.428,6.9992,0.94065,0.80637,7.7563,290.78,110.61,1177.1,8.5451,1.4186,4.1677,9.232000000000001,1.4227,14.22
1.3518,1.3403,1.0106,25.471999999999998,7.0075,0.94189,0.8045899999999999,7.7556,290.94,110.9,1174.4,8.53,1.4159,4.1636,9.2279,1.4247,14.057
1.3482,1.345,1.0122,25.491999999999997,7.0174,0.9432200000000001,0.8054399999999999,7.7563,292.44,111.34,1177.3,8.5531,1.4185,4.1647,9.2306,1.4277,14.14
1.3532,1.3493,1.0170000000000001,25.63,7.0509,0.94805,0.80394,7.7568,294.33,113.23,1181.7,8.6138,1.4312,4.1941,9.2584,1.4322,14.228
1.3435,1.3491,1.0136,25.528000000000002,7.0223,0.94411,0.8042100000000001,7.7561,292.04,113.04,1177.3,8.5621,1.4199,4.172,9.2372,1.4286,14.135
1.3406,1.3451,1.0154,25.541999999999998,7.0258,0.94447,0.80566,7.7557,293.4,112.63,1174.5,8.5803,1.4158,4.1739999999999995,9.2367,1.4275,13.885
1.3436,1.3457,1.0166,25.572,7.0339,0.9455399999999999,0.80196,7.7557,294.52,112.97,1173.8,8.5822,1.41,4.1886,9.2349,1.429,13.99
1.3438,1.3383,1.0158,25.444000000000003,6.9961,0.94029,0.8016,7.7564,292.91,113.29,1172.9,8.4805,1.4021,4.1827,9.1714,1.4273,14.001
1.3530000000000002,1.34,1.0129,25.464000000000002,7.0011,0.941,0.7913600000000001,7.7559,295.44,114.23,1168.3,8.434,1.4123,4.204,9.2157,1.4280000000000002,14.075
1.3468,1.3303,1.0102,25.426,6.9910000000000005,0.9396700000000001,0.7921699999999999,7.7555,294.99,113.89,1172.1,8.4439,1.4086,4.2184,9.2072,1.4227,14.081
1.3447,1.3306,1.0089,25.281999999999996,6.9516,0.9344,0.78647,7.7553,293.38,114.3,1172.2,8.3947,1.4114,4.2053,9.1586,1.4231,13.84
1.3411,1.3268,1.0092,25.195999999999998,6.9298,0.9316200000000001,0.78452,7.7557,292.05,113.92,1169.4,8.3662,1.4029,4.1718,9.1327,1.4187,13.613
1.3428,1.3273,1.0097,25.197,6.9318,0.9319700000000001,0.79306,7.7567,291.69,114.09,1162.7,8.3791,1.4,4.1267,9.1086,1.4183,13.562999999999999
1.3386,1.3215,1.0085,25.124000000000002,6.9123,0.9292,0.78977,7.7565,292.04,113.93,1161.5,8.3762,1.3913,4.1386,9.0344,1.4191,13.674000000000001
1.3392,1.3177,1.0187,25.596,7.0432,0.94706,0.79491,7.7596,297.8,115.05,1171.5,8.5051,1.3964,4.2101,9.177999999999999,1.4281,13.775
1.3377,1.3135,1.0166,25.506999999999998,7.0188,0.94375,0.79181,7.7587,296.36,115.79,1168.1,8.4464,1.3961,4.2025,9.1964,1.4293,13.725999999999999
1.3341,1.3121,1.0124,25.468000000000004,7.0094,0.9425100000000001,0.78688,7.7571,296.24,115.24,1166.7,8.435,1.3877,4.1887,9.1593,1.4268,13.687000000000001
1.3319,1.3116,1.0097,25.388,6.986000000000001,0.9395,0.78883,7.7566,295.84,114.98,1166.0,8.4764,1.3849,4.1716,9.1651,1.4240000000000002,13.671
1.3542,1.3343,1.0301,25.934,7.136,0.9597899999999999,0.8023600000000001,7.76,300.58,118.08,1186.1,8.6374,1.4159,4.2662,9.3759,1.4404,14.04
1.364,1.3373,1.0299,25.885,7.1214,0.95795,0.80362,7.7624,299.31,118.19,1187.4,8.6812,1.4266,4.2341,9.3773,1.4431,13.975
1.3769999999999998,1.3382,1.0275,25.927,7.1333,0.9595100000000001,0.80733,7.7668,299.17,117.24,1188.8,8.6821,1.4415,4.2324,9.384,1.4491,14.075
1.3817,1.3408,1.0312,26.072,7.1732,0.96488,0.81029,7.7667,300.06,118.13,1194.9,8.717,1.4501,4.2546,9.3849,1.4475,14.069
1.3763,1.3369,1.0257,25.929000000000002,7.1339,0.9596,0.80837,7.7619,297.74,117.37,1193.6,8.6614,1.4444,4.2301,9.2491,1.4429,13.95
1.3855,1.3468,1.0251,25.872,7.1182,0.95749,0.81047,7.7636,297.03,117.64,1203.8,8.7107,1.4469,4.2221,9.1926,1.4493,14.057
1.3944,1.3514,1.0254,25.869,7.1168,0.9573,0.8163699999999999,7.7608,296.46,117.37,1203.9,8.7046,1.4546,4.2215,9.2342,1.4469,14.01
1.3944,1.3514,1.0254,25.869,7.1168,0.9573,0.8163699999999999,7.7608,296.46,117.37,1203.9,8.7046,1.4546,4.2215,9.2342,1.4469,14.01
1.3913,1.3534,1.0296,25.87,7.1184,0.9574,0.81666,7.7589999999999995,295.96,117.39,1207.3,8.7198,1.4522,4.2212,9.2473,1.4485,13.958
1.3933,1.3575,1.0301,25.999000000000002,7.1484,0.96145,0.8184600000000001,7.7583,297.12,117.67,1213.3,8.7277,1.4469999999999998,4.2331,9.209,1.4525,13.897
1.3876,1.3541,1.025,25.85,7.1116,0.9566600000000001,0.81603,7.7562,296.65,116.75,1209.4,8.6825,1.4388,4.2228,9.1443,1.4499,13.673
1.3847,1.3459999999999999,1.0188,25.634,7.0528,0.94868,0.81224,7.7555,293.93,117.07,1204.3,8.62,1.4380000000000002,4.1839,9.0622,1.4452,13.715
1.3926,1.3445,1.0235,25.82,7.1045,0.95557,0.81357,7.7573,295.7,117.46,1207.6,8.652000000000001,1.4432,4.2162,9.1197,1.4506,13.729000000000001
1.3854,1.3444,1.0305,26.018,7.1585,0.96293,0.8143,7.7568,297.49,118.2,1206.9,8.6676,1.4459,4.2305,9.1813,1.4503,13.754000000000001
1.3771,1.3312,1.0259,25.89,7.122999999999999,0.9581299999999999,0.81388,7.7559,295.44,117.51,1199.5,8.6141,1.4395,4.1945,9.125,1.4417,13.645
1.3714,1.33,1.0193,25.732,7.0794,0.95229,0.8136399999999999,7.7546,293.57,116.54,1191.1,8.5911,1.4367,4.1596,9.0792,1.4357,13.640999999999998
1.3630000000000002,1.3258,1.0128,25.518,7.0208,0.9443799999999999,0.80884,7.7553,290.15,116.0,1191.2,8.4869,1.4235,4.1129,9.0202,1.4325,13.616
1.3653,1.3269,1.0195,25.695,7.0691,0.9509299999999999,0.8240799999999999,7.756,293.09,116.64,1204.2,8.5767,1.4328,4.1629,9.0845,1.4392,13.706
1.3627,1.3241,1.0161,25.570999999999998,7.035,0.94634,0.82275,7.755,292.14,116.25,1201.0,8.5881,1.4351,4.1375,9.0466,1.4378,13.7
1.3559,1.3252,1.0208,25.726999999999997,7.0778,0.95211,0.8257200000000001,7.7551,294.63,116.29,1200.2,8.6292,1.4307,4.1610000000000005,9.1112,1.4388,13.780999999999999
1.3302,1.3057,1.0059,25.303,6.9615,0.93642,0.81321,7.755,287.62,113.95,1175.6,8.4863,1.4028,4.0982,8.9044,1.4225,13.436
1.3343,1.3141,1.0063,25.346,6.974,0.938,0.8212,7.7546,288.43,114.35,1173.8,8.4964,1.4025,4.1027,8.8993,1.4263,13.515
1.3377,1.3146,1.0109,25.506,7.0192,0.9439299999999999,0.82885,7.7552,290.15,114.13,1183.3,8.548,1.4080000000000001,4.1277,8.9513,1.4295,13.612
1.3255,1.306,1.0026,25.291,6.9603,0.9359799999999999,0.81234,7.7555,288.08,113.35,1168.9,8.4575,1.3925,4.0896,8.8949,1.4197,13.475
1.3248,1.3115,1.0039,25.339000000000002,6.9731,0.93773,0.81426,7.7566,288.75,113.51,1171.6,8.4706,1.3914,4.0954,8.9392,1.4231,13.562000000000001
1.3229,1.3282,1.0057,25.329,6.9704,0.9373799999999999,0.81135,7.757999999999999,289.09,114.58,1177.3,8.4545,1.3927,4.099,8.9499,1.4263,13.597999999999999
1.3276,1.3372,1.0089,25.415,6.9939,0.9405600000000001,0.81448,7.7584,290.72,115.19,1176.4,8.4641,1.4006,4.1101,8.9422,1.4295,13.624
1.3212,1.3314,1.0011,25.224,6.94,0.93327,0.80399,7.7577,289.15,113.6,1168.2,8.3938,1.3899,4.0802,8.8766,1.4213,13.557
1.321,1.3274,0.9990700000000001,25.14,6.9186,0.9304100000000001,0.8034100000000001,7.7574,288.68,113.37,1165.1,8.3344,1.3818,4.0682,8.8375,1.4185,13.364
1.3230000000000002,1.3097,0.99898,25.153000000000002,6.9223,0.93084,0.79422,7.7579,288.3,113.37,1164.9,8.3266,1.3766,4.0623,8.8274,1.4184,13.273
1.3276,1.3129,0.99935,25.253,6.9502,0.93458,0.79573,7.7576,290.64,114.39,1166.4,8.3379,1.3825,4.0593,8.8467,1.4232,13.374
1.3266,1.3119,1.0007,25.298000000000002,6.9627,0.93624,0.7974,7.7589,291.76,115.17,1174.0,8.3503,1.3787,4.0633,8.8501,1.4278,13.526
1.3273,1.3154,1.0037,25.421,6.9967,0.94073,0.79901,7.7588,292.38,114.54,1178.1,8.3498,1.3799,4.0743,8.8796,1.4278,13.595
1.3201,1.3069,0.9919100000000001,25.124000000000002,6.9152,0.9298,0.8006,7.7579,288.83,113.38,1157.4,8.2641,1.3676,4.0204,8.7871,1.4134,13.43
1.3184,1.3065,0.9898100000000001,25.043000000000003,6.8925,0.9267799999999999,0.79164,7.7589999999999995,287.1,113.3,1156.5,8.2326,1.3732,4.0024,8.7352,1.4124,13.424000000000001
1.3009,1.3,0.98908,25.002,6.8818,0.92524,0.7963399999999999,7.7593,285.76,112.32,1141.9,8.1953,1.3659,3.9851,8.7142,1.4093,13.392000000000001
1.3087,1.3056,0.99572,25.156999999999996,6.9245,0.93101,0.80079,7.7593,288.11,113.11,1147.2,8.2458,1.3761,4.0007,8.7906,1.4138,13.425999999999998
1.3075,1.3057,0.99608,25.225,6.9429,0.93353,0.80237,7.7581,288.61,112.29,1136.3,8.258,1.3697,3.9924,8.8317,1.4102,13.296
1.3128,1.3182,0.99841,25.311999999999998,6.9652,0.9367700000000001,0.80871,7.7586,290.13,112.36,1147.1,8.3221,1.3706,4.0314,8.8815,1.4185,13.437000000000001
1.3090000000000002,1.3146,0.9973700000000001,25.336,6.9707,0.93765,0.79995,7.7586,290.03,111.95,1144.5,8.3296,1.369,4.0429,8.8629,1.4169999999999998,13.423
1.3061,1.3109,0.99813,25.272,6.9535,0.9352799999999999,0.79583,7.7583,288.77,112.27,1144.0,8.3109,1.3845,4.0307,8.8697,1.4146,13.41
1.3082,1.3139,1.0038,25.421999999999997,6.9944,0.9408200000000001,0.80243,7.7592,290.2,113.51,1150.2,8.3794,1.3922,4.0411,8.9259,1.4218,13.347000000000001
1.3046,1.3093,1.0041,25.421999999999997,6.9959,0.9408200000000001,0.79866,7.7591,289.79,113.75,1150.9,8.375,1.3932,4.0584,8.9171,1.4219,13.342
1.3003,1.3030000000000002,1.0034,25.436,6.9998,0.94135,0.80107,7.7588,290.06,113.37,1136.8,8.3583,1.3913,4.0489999999999995,8.9102,1.4162,13.097999999999999
1.3037,1.3083,1.0092,25.6,7.0436,0.94742,0.80529,7.7615,292.2,114.5,1142.0,8.3868,1.3932,4.0753,8.9539,1.4223,13.046
1.2963,1.3016,0.9995299999999999,25.366999999999997,6.9791,0.93879,0.799,7.7615,289.37,113.55,1139.4,8.3261,1.3842,4.0533,8.8949,1.4179,12.94
1.3044,1.3079,0.9987799999999999,25.372,6.9797,0.9389700000000001,0.80488,7.7614,289.5,112.75,1150.0,8.3235,1.3905,4.0662,8.8712,1.4165,13.085
1.3032,1.311,1.0032,25.453000000000003,7.002000000000001,0.9419700000000001,0.80204,7.7611,290.37,113.14,1147.7,8.3429,1.3915,4.0737,8.9285,1.4183,13.11
1.3061,1.3135,1.0097,25.644000000000002,7.0545,0.94904,0.80535,7.7615,291.26,113.67,1147.1,8.3646,1.4005,4.0869,8.9864,1.4225,13.16
1.3021,1.3168,1.0123,25.701999999999998,7.0705,0.9512,0.80329,7.7604,292.52,112.99,1142.7,8.3851,1.3956,4.0889,9.0079,1.4178,13.105
1.2949,1.3116,1.0085,25.557,7.0306,0.94581,0.80042,7.7591,291.51,112.83,1135.3,8.3297,1.3844,4.0745,8.9828,1.4117,12.88
1.3023,1.3109,1.0038,25.47,7.0076,0.9426,0.79652,7.7614,290.88,112.21,1129.4,8.3292,1.3867,4.0632,8.9724,1.4037,12.915
1.3031,1.3119,1.0073,25.523000000000003,7.021,0.94455,0.80552,7.7608,290.63,112.28,1133.5,8.3483,1.3886,4.0756,9.025,1.4053,12.956
1.3029,1.3196,1.0048,25.499000000000002,7.0144,0.94366,0.80499,7.7618,290.88,112.14,1126.9,8.3696,1.3878,4.0717,9.0285,1.3995,13.014000000000001
1.3056,1.3333,1.0108,25.654,7.0572,0.9494,0.81221,7.7635,292.37,113.78,1143.9,8.4134,1.4044,4.0784,9.0447,1.4091,13.082
1.3163,1.3381,1.013,25.7,7.0702,0.95111,0.81377,7.7632,293.26,114.36,1145.4,8.4487,1.4098,4.0842,9.0541,1.4115,13.106
1.321,1.3404,1.0104,25.576,7.0362,0.94652,0.8173699999999999,7.7644,293.12,114.37,1153.4,8.4527,1.4208,4.0707,9.0274,1.4134,13.083
1.3158,1.339,1.0096,25.511,7.0182,0.94411,0.81477,7.7639,292.25,113.81,1154.5,8.4661,1.4236,4.0683,9.0007,1.4101,12.995
1.3162,1.3418,1.0146,25.549,7.0291,0.9455399999999999,0.8198799999999999,7.7648,292.66,114.04,1149.5,8.4572,1.4328,4.0729,9.0032,1.4107,12.958
1.3232,1.3445,1.0138,25.598000000000003,7.042000000000001,0.9473299999999999,0.82184,7.7664,294.33,114.3,1152.3,8.4798,1.4417,4.0858,9.0207,1.416,13.065
1.3311,1.3527,1.015,25.61,7.0455,0.94778,0.8212799999999999,7.7669,294.89,114.63,1158.6,8.5734,1.4479,4.0917,9.0536,1.4203,13.267000000000001
1.329,1.3504,1.0129,25.476999999999997,7.0084,0.94286,0.82265,7.7661,294.43,115.43,1156.2,8.6182,1.4471,4.0787,9.0305,1.4182,13.264000000000001
1.3203,1.3458,1.0081,25.340999999999998,6.9718,0.9378200000000001,0.81833,7.7655,293.0,114.74,1147.0,8.5621,1.4428,4.0679,8.9698,1.4136,13.139000000000001
1.3238,1.3487,1.0089,25.416999999999998,6.9926,0.94065,0.8236600000000001,7.7695,292.84,114.88,1149.9,8.6078,1.4476,4.0656,8.9331,1.4146,13.16
1.3173,1.3454,1.0088,25.439,6.9986,0.9414399999999999,0.8197399999999999,7.7694,292.63,114.64,1146.0,8.6004,1.4382,4.0676,9.0005,1.4123,13.052999999999999
1.3001,1.3311,0.99711,25.191999999999997,6.9311,0.9323100000000001,0.80934,7.7638,289.05,113.32,1127.4,8.5389,1.4312,4.0065,8.8419,1.4017,12.705
1.2983,1.3315,0.9963700000000001,25.166,6.9239999999999995,0.9313600000000001,0.80905,7.7631,287.37,113.15,1129.9,8.4775,1.4267,4.0032,8.8116,1.4022,12.76
1.2948,1.3355,0.99702,25.131,6.9146,0.93006,0.80723,7.7657,287.05,112.71,1115.7,8.4894,1.4203,3.9825,8.8428,1.3979,12.675999999999998
1.2932,1.3284,0.99519,25.015,6.8833,0.92575,0.80312,7.7658,285.4,112.55,1118.3,8.4478,1.4172,3.9463,8.7875,1.3968,12.574000000000002
1.3034,1.3378,0.99139,25.003,6.8818,0.9253299999999999,0.80309,7.768,286.07,111.1,1119.7,8.4633,1.4207,3.9619,8.8003,1.3980000000000001,12.595
1.3102,1.3339,0.99203,25.052,6.8938,0.9271299999999999,0.79986,7.7675,286.69,110.66,1119.4,8.4812,1.4188,3.9574,8.8165,1.3987,12.51
1.3125,1.3372,0.99195,25.008000000000003,6.8837,0.9255,0.80148,7.768,286.73,111.14,1120.2,8.4954,1.4254,3.9514,8.8267,1.3999,12.478
1.3097,1.3349,0.9838399999999999,24.815,6.832999999999999,0.9183600000000001,0.7934899999999999,7.7678,284.88,110.14,1109.4,8.4662,1.4157,3.9160000000000004,8.7706,1.3912,12.638
1.3151,1.3395,0.9847100000000001,24.884,6.852,0.9209,0.7961600000000001,7.7674,284.73,110.36,1113.5,8.5072,1.4232,3.911,8.7778,1.3940000000000001,12.94
1.3082,1.3379,0.99665,25.14,6.9233,0.9304100000000001,0.80373,7.7692,288.07,110.88,1112.7,8.5512,1.4255,3.9439,8.8858,1.3962,13.139000000000001
1.3028,1.3337,0.9963700000000001,25.166999999999998,6.928,0.9313600000000001,0.80265,7.7722,288.12,111.19,1116.8,8.5401,1.4254,3.9334,8.9059,1.3949,12.868
1.3078,1.3343,1.0005,25.283,6.9572,0.93537,0.80023,7.7705,287.74,111.82,1117.3,8.5757,1.432,3.9533,8.9161,1.3974,13.32
1.3143,1.3347,1.002,25.366999999999997,6.9763,0.938,0.79974,7.7721,289.54,111.28,1117.2,8.5797,1.4282,3.9658,8.9246,1.3975,13.555
1.3247,1.3445,1.0021,25.4,6.9829,0.9388799999999999,0.8039,7.7706,290.47,110.37,1124.9,8.618,1.4327,3.9969,9.0226,1.3992,13.762
1.3191,1.3384,1.0028,25.34,6.9633,0.9365,0.80081,7.769,290.23,110.97,1126.3,8.5845,1.4346,3.9628,8.9668,1.3999,13.704
1.3222,1.3428,1.0034,25.066999999999997,6.9707,0.9375600000000001,0.8024600000000001,7.7695,290.42,110.85,1131.1,8.5963,1.4317,3.9632,8.9907,1.4007,13.804
1.3286,1.3411,1.0061,24.989,6.9956,0.94073,0.80501,7.7701,291.97,110.67,1134.9,8.6155,1.4345,3.9745,9.0276,1.4019,13.814
1.3348,1.3382,1.0098,25.078000000000003,7.03,0.9453600000000001,0.80672,7.7698,294.34,111.29,1142.2,8.6446,1.4406,3.9985,9.0847,1.4067,13.889000000000001
1.3317,1.3319,1.0075,25.111,7.0057,0.9419700000000001,0.80379,7.7712,293.33,110.55,1144.0,8.595,1.4398,3.9953,9.0349,1.4039,13.837
1.3355,1.3309,1.0069,25.174,7.0126,0.94295,0.8,7.7714,294.17,109.59,1140.3,8.5842,1.4446,4.0061,9.0102,1.4021,13.69
1.3196,1.3235,1.0053,25.121,6.9968,0.94073,0.7973899999999999,7.7754,294.03,109.13,1131.6,8.5638,1.4278,3.9934,9.0141,1.3965,13.527999999999999
1.3196,1.3235,1.0053,25.121,6.9968,0.94073,0.7973899999999999,7.7754,294.03,109.13,1131.6,8.5638,1.4278,3.9934,9.0141,1.3965,13.527999999999999
1.3196,1.3235,1.0053,25.121,6.9968,0.94073,0.7973899999999999,7.7754,294.03,109.13,1131.6,8.5638,1.4278,3.9934,9.0141,1.3965,13.527999999999999
1.3251,1.3362,1.0004,25.051,6.9632,0.93615,0.78988,7.7738,292.62,108.84,1143.0,8.5277,1.4216,3.9658,8.9785,1.3983,13.387
1.3291,1.3441,0.99674,24.983,6.9359,0.9324,0.7779,7.7759,291.89,109.01,1139.8,8.5341,1.425,3.9495,8.9692,1.3974,13.297
1.3288,1.3489,0.9959100000000001,25.041,6.9224,0.9306700000000001,0.78101,7.7757,291.76,109.04,1136.2,8.5733,1.4240000000000002,3.9635,8.9533,1.3968,13.148
1.3291,1.3473,0.9983200000000001,25.176,6.9517,0.93475,0.78258,7.7762,293.68,109.1,1135.8,8.6444,1.4280000000000002,3.9939,9.0101,1.3973,13.142000000000001
1.321,1.3431,0.99613,24.699,6.8575,0.9218299999999999,0.78199,7.778,287.12,110.32,1128.5,8.5223,1.4235,3.9104,8.8334,1.3929,12.965
1.3272,1.358,0.99403,24.581,6.831,0.91819,0.7798,7.7822,286.2,110.49,1127.8,8.5537,1.4357,3.8815,8.8155,1.3929,13.045
1.3365,1.3579,0.9946799999999999,24.738000000000003,6.8296,0.9180200000000001,0.7794300000000001,7.7809,286.36,111.4,1130.9,8.5821,1.4509999999999998,3.8778,8.7767,1.3959,13.235999999999999
1.3396,1.3586,0.99439,24.756,6.8364,0.9190299999999999,0.77585,7.7816,286.77,111.45,1134.4,8.5807,1.455,3.8798,8.8451,1.3974,13.359000000000002
1.3384,1.3645,0.9909399999999999,24.631,6.8054,0.91491,0.77285,7.7771,285.8,111.4,1137.9,8.5309,1.4544,3.8631,8.8123,1.396,13.257
1.3384,1.3645,0.9909399999999999,24.631,6.8054,0.91491,0.77285,7.7771,285.8,111.4,1137.9,8.5309,1.4544,3.8631,8.8123,1.396,13.257
1.3301,1.3677,0.99423,24.639,6.8136,0.91617,0.77435,7.7817,286.03,112.28,1130.2,8.5918,1.4459,3.8560000000000003,8.8218,1.3946,13.274000000000001
1.3385,1.3728,0.9902,24.609,6.8112,0.9158299999999999,0.7733300000000001,7.7816,285.88,112.16,1131.5,8.5977,1.4441,3.8385,8.817,1.3947,13.345999999999998
1.3519999999999999,1.3737,0.99231,24.496,6.8056,0.9151600000000001,0.77574,7.7826,285.58,112.85,1135.9,8.676,1.4574,3.8535,8.8257,1.3996,13.544
1.3532,1.3771,0.98887,24.433000000000003,6.7849,0.91233,0.77283,7.7832,284.16,112.48,1141.4,8.6692,1.4516,3.8476,8.8372,1.4052,13.585
1.3523,1.3701,0.99451,24.421,6.8008,0.9142399999999999,0.77222,7.785,284.55,112.54,1133.0,8.6364,1.4447,3.8408,8.8307,1.405,13.575999999999999
1.3601,1.3704,1.0046,24.497,6.8328,0.9184399999999999,0.77425,7.7843,286.31,113.92,1138.0,8.646,1.45,3.8779,8.8812,1.4109,13.665
1.3545,1.3697,1.0062,24.483,6.8378,0.91895,0.77178,7.7861,285.42,113.8,1134.9,8.6781,1.4401,3.8761,8.9129,1.4104,13.49
1.357,1.3726,1.0085,24.491999999999997,6.8509,0.92081,0.77795,7.7895,285.98,113.9,1128.5,8.5939,1.4606,3.8897,8.8838,1.4081,13.366
1.3545,1.3738,1.008,24.435,6.8409,0.91946,0.77775,7.7934,285.25,113.85,1127.7,8.6121,1.4612,3.8773,8.8887,1.4081,13.455
1.3435,1.3608,0.99745,24.125999999999998,6.7804,0.91141,0.77404,7.7871,281.78,113.43,1117.0,8.5057,1.4469,3.8360000000000003,8.8164,1.3983,13.199000000000002
1.3491,1.3616,0.99087,23.89,6.727,0.9042399999999999,0.77645,7.7894,279.9,113.64,1116.6,8.4924,1.4549,3.7964,8.7906,1.3977,13.138
1.3505,1.3615,0.98255,23.779,6.6927,0.8995200000000001,0.7713,7.7874,278.33,112.28,1119.7,8.4293,1.4509,3.766,8.7769,1.3943,13.091
1.344,1.3643,0.97709,23.93,6.6865,0.89855,0.76703,7.7828,279.17,110.57,1132.9,8.4566,1.4428,3.7948,8.7748,1.3919,13.529000000000002
1.3446,1.3569,0.9769200000000001,23.708000000000002,6.6563,0.8945299999999999,0.76848,7.7824,276.95,111.24,1119.5,8.4017,1.4516,3.7575,8.7569,1.3873,13.263
1.3385,1.3496,0.97047,23.56,6.6203,0.88944,0.7680600000000001,7.7856,274.53,111.34,1117.2,8.3361,1.4338,3.7292,8.7072,1.3858,13.182
1.3321,1.3468,0.97298,23.614,6.6375,0.89166,0.7709600000000001,7.7875,275.06,111.12,1123.9,8.3602,1.4203,3.7432,8.6851,1.3882,13.204
1.3374,1.3499,0.97641,23.642,6.6484,0.8934200000000001,0.77137,7.789,275.27,111.81,1122.8,8.3841,1.4212,3.7405,8.7035,1.3883,12.953
1.3396,1.3432,0.97236,23.554000000000002,6.6354,0.89174,0.77161,7.7913,274.59,111.76,1119.8,8.3226,1.4218,3.7269,8.6744,1.3844,12.895
1.3432,1.3466,0.97249,23.61,6.6466,0.89318,0.77876,7.7929,274.56,111.09,1118.1,8.3975,1.4162,3.7362,8.6884,1.3825,12.872
1.3447,1.3455,0.97426,23.628,6.6504,0.89381,0.77845,7.7942,275.15,111.34,1121.0,8.4077,1.4115,3.7359,8.6922,1.3844,12.948
1.3418,1.3468,0.97583,23.688000000000002,6.6586,0.8950100000000001,0.77681,7.7929,276.23,110.95,1124.1,8.4488,1.4140000000000001,3.7376,8.7432,1.3858,13.147
1.3416,1.3464,0.97104,23.546999999999997,6.6302,0.8911899999999999,0.77858,7.7908,273.77,110.86,1118.4,8.4117,1.4071,3.7173,8.6942,1.3829,13.133
1.3532,1.3508,0.97005,23.529,6.6311,0.89135,0.77752,7.792000000000001,274.13,111.0,1121.7,8.4584,1.4146,3.7285,8.7138,1.3838,13.05
1.3527,1.3523,0.9711200000000001,23.5,6.6321,0.8915,0.778,7.7929,274.98,111.46,1123.3,8.462,1.4096,3.7376,8.6862,1.3865,12.870999999999999
1.337,1.3489,0.96506,23.404,6.6137,0.88897,0.77456,7.7919,273.11,110.5,1118.6,8.4354,1.4018,3.7193,8.6628,1.3815,12.741
1.3359,1.3475,0.96385,23.393,6.6072,0.88826,0.77483,7.7945,273.28,109.36,1120.2,8.4525,1.3940000000000001,3.73,8.6608,1.3815,12.849
1.3234,1.3448,0.9666600000000001,23.461,6.6316,0.8915,0.77479,7.7937,275.17,109.46,1124.5,8.4713,1.3907,3.7366,8.7325,1.3817,12.865
1.3264,1.3514,0.96678,23.393,6.6242,0.89055,0.7726,7.7969,274.3,110.22,1123.3,8.481,1.3869999999999998,3.7461,8.7172,1.3826,12.867
1.3276,1.3509,0.9719899999999999,23.464000000000002,6.6552,0.8947700000000001,0.7841600000000001,7.7967,274.98,110.45,1124.3,8.5199,1.3887,3.7494,8.7343,1.3841,12.885
1.3256,1.3437,0.9675600000000001,23.346999999999998,6.6275,0.8911899999999999,0.7891,7.7988,273.75,109.88,1132.0,8.4649,1.3887,3.734,8.7161,1.3841,12.812000000000001
1.3266,1.3276,0.9672799999999999,23.31,6.6297,0.8915,0.7851899999999999,7.7997,273.66,110.04,1128.6,8.4283,1.3843,3.7386,8.6871,1.3819,12.775
1.3191,1.3207,0.9706299999999999,23.354,6.6378,0.8926200000000001,0.78515,7.8008,273.49,110.31,1125.1,8.4031,1.3794,3.7461,8.6984,1.3797,12.738
1.3185,1.3278,0.97385,23.476,6.6595,0.8955799999999999,0.78488,7.8021,275.65,110.11,1131.2,8.4827,1.3886,3.7723,8.712,1.3831,12.870999999999999
1.3149,1.3223,0.97475,23.491999999999997,6.659,0.8955,0.78314,7.8005,275.73,111.34,1133.2,8.4727,1.3827,3.7776,8.7194,1.3842,12.88
1.3131,1.324,0.97062,23.37,6.6409,0.89294,0.7814800000000001,7.7998,274.21,110.96,1133.9,8.4399,1.3761,3.7615,8.701,1.3825,12.979000000000001
1.3153,1.3277,0.97293,23.568,6.6671,0.89638,0.7901,7.7998,277.1,111.38,1140.0,8.5093,1.3817,3.7922,8.7464,1.3878,13.102
1.3221,1.328,0.97398,23.563000000000002,6.6747,0.8971,0.78775,7.8007,277.32,111.43,1142.1,8.5366,1.3817,3.8008,8.7744,1.3893,13.030999999999999
1.3262,1.3298,0.97296,23.52,6.6602,0.8953399999999999,0.7894,7.8008,276.86,111.26,1142.4,8.4927,1.3784,3.7964,8.7459,1.3904,13.0
1.3214,1.3231,0.9711799999999999,23.535999999999998,6.6564,0.8950100000000001,0.78587,7.7998,276.68,111.3,1137.7,8.468,1.3734,3.7877,8.7443,1.3869,12.936
1.3204,1.324,0.97265,23.458000000000002,6.6474,0.89389,0.7851100000000001,7.7996,276.64,111.67,1136.5,8.472999999999999,1.374,3.764,8.726,1.3885,12.88
1.314,1.3207,0.96498,23.293000000000003,6.5931,0.8866799999999999,0.78356,7.8003,274.34,111.86,1138.3,8.4412,1.3682,3.7375,8.6609,1.3855,12.907
1.3175,1.3088,0.9593799999999999,23.144000000000002,6.5377,0.8791200000000001,0.7782399999999999,7.803,272.12,112.11,1143.4,8.4413,1.3756,3.7253,8.596,1.3848,13.017999999999999
1.3027,1.3026,0.9581200000000001,23.044,6.516,0.8761899999999999,0.7709600000000001,7.8075,271.67,112.67,1142.6,8.3852,1.3713,3.7229,8.5179,1.3801,12.99
1.3013,1.2956,0.9577600000000001,22.956,6.5165,0.8762700000000001,0.77053,7.8048,270.74,111.94,1143.2,8.387,1.3630000000000002,3.7030000000000003,8.4471,1.3766,13.074000000000002
1.306,1.2978,0.9625299999999999,22.991999999999997,6.5411,0.8795799999999999,0.77144,7.8088,272.01,112.99,1148.6,8.3618,1.3707,3.7255,8.4755,1.3817,13.187999999999999
1.3144,1.2975,0.96486,23.018,6.5504,0.88082,0.77341,7.8082,271.56,113.25,1151.8,8.3546,1.3736,3.737,8.5207,1.383,13.228
1.3166,1.296,0.96655,23.046,6.5645,0.88269,0.7744300000000001,7.8067,272.01,113.55,1154.4,8.3825,1.3748,3.7482,8.4953,1.3834,13.352
1.3182,1.2936,0.96399,22.965999999999998,6.5322,0.87835,0.7730600000000001,7.8101,271.73,113.32,1157.1,8.3705,1.3787,3.7310000000000003,8.4594,1.3833,13.48
1.3149,1.2974,0.96241,22.851999999999997,6.5169,0.8762700000000001,0.7753899999999999,7.8111,270.22,113.74,1155.0,8.3783,1.3730000000000002,3.7086,8.4258,1.3811,13.376
1.3172,1.2912,0.9666299999999999,22.916999999999998,6.5308,0.8781899999999999,0.7767,7.8136,270.48,114.15,1149.9,8.3573,1.3755,3.7183,8.446,1.3861,13.36
1.3142,1.2905,0.968,22.906,6.5204,0.8768100000000001,0.7743800000000001,7.811,270.17,114.3,1150.5,8.3402,1.3843,3.7229,8.4516,1.3839,13.555
1.3072,1.2934,0.96314,22.805,6.4957,0.87344,0.77671,7.8111,268.43,113.56,1145.9,8.2704,1.3824,3.7072,8.4156,1.3813,13.395
1.2937,1.2756,0.96444,22.878,6.5137,0.87589,0.77266,7.81,269.13,113.14,1137.5,8.2787,1.3645,3.7078,8.3586,1.3771,13.222000000000001
1.2887,1.2724,0.96811,22.843000000000004,6.5147,0.8760399999999999,0.77077,7.8083,268.52,113.1,1134.6,8.221,1.3688,3.6944,8.3516,1.374,13.168
1.2770000000000001,1.2652,0.9607399999999999,22.761999999999997,6.4879999999999995,0.87245,0.76562,7.8049,267.01,112.42,1127.6,8.1624,1.3631,3.6713,8.3232,1.3673,12.944
1.2605,1.2590000000000001,0.9541299999999999,22.57,6.4363,0.8654299999999999,0.7683300000000001,7.8041,264.99,112.04,1124.1,8.0541,1.3598,3.6373,8.2785,1.3668,12.935
1.26,1.2607,0.95326,22.574,6.4484,0.86708,0.76723,7.8088,265.69,111.88,1122.3,8.0654,1.3561,3.6527,8.2891,1.3676,12.911
1.2634,1.2614,0.9611700000000001,22.673000000000002,6.4751,0.8707,0.77247,7.8102,266.23,112.25,1124.5,8.0975,1.361,3.6657,8.3307,1.3703,12.975
1.2626,1.2596,0.94924,22.348000000000003,6.3879,0.8589600000000001,0.76971,7.8081,262.3,111.42,1118.6,8.0154,1.3443,3.6389,8.2626,1.3633,12.934000000000001
1.2587,1.2521,0.94609,22.342,6.3839999999999995,0.8585200000000001,0.76708,7.8066,261.98,110.83,1115.3,8.0293,1.3442,3.6408,8.2317,1.3615,12.957
1.2565,1.2492,0.94604,22.245,6.3589,0.85514,0.76445,7.8083,261.24,111.41,1116.7,7.9558,1.3436,3.6404,8.1704,1.3597,13.012
1.2639,1.2518,0.95775,22.369,6.3868,0.8588100000000001,0.7667,7.8117,262.43,111.87,1119.8,7.9778,1.3464,3.6597,8.2193,1.3612,13.054
1.25,1.2488,0.96049,22.272,6.359,0.85514,0.76089,7.81,260.6,111.44,1114.6,7.9509,1.33,3.6378,8.1939,1.3588,12.964
1.256,1.2543,0.9682799999999999,22.208000000000002,6.3402,0.85259,0.76365,7.8108,259.98,111.15,1123.4,7.9457,1.3381,3.6229,8.1298,1.3596,13.027999999999999
1.2546,1.2471,0.96862,22.238000000000003,6.3413,0.8527299999999999,0.76251,7.8109,259.76,110.6,1122.2,7.9347,1.3364,3.6235,8.137,1.3574,13.107999999999999
1.2541,1.2476,0.96631,22.123,6.2961,0.8466,0.7572,7.8127,257.03,110.51,1122.2,7.9024,1.3387,3.6034,8.0903,1.3581,13.285
1.2551,1.2546,0.96872,22.088,6.2883,0.8453799999999999,0.75598,7.8165,256.88,110.73,1123.8,7.9047,1.3464,3.5962,8.1087,1.358,13.280999999999999
1.2599,1.2606,0.96973,21.893,6.2716,0.8431700000000001,0.76153,7.8182,256.1,110.38,1126.9,7.9062,1.3479,3.5857,8.1023,1.36,13.290999999999999
1.2545,1.2572,0.96849,21.965,6.2679,0.8426,0.7607,7.8178,256.45,110.1,1124.1,7.8883,1.3421,3.5735,8.0934,1.3563,13.335999999999999
1.2638,1.268,0.9731299999999999,22.138,6.3053,0.84767,0.76659,7.8231,257.52,110.86,1129.6,7.9512,1.3591,3.6041,8.1525,1.3633,13.364
1.2597,1.2662,0.9715600000000001,22.135,6.2964,0.84645,0.76755,7.8233,257.74,110.3,1125.6,7.8911,1.3574,3.602,8.1243,1.3604,13.165
1.2683,1.268,0.9626600000000001,22.3,6.3415,0.85244,0.77008,7.8162,259.65,109.74,1138.7,7.9616,1.3648,3.6374,8.2013,1.3629,13.481
1.2690000000000001,1.272,0.96667,22.295,6.34,0.8523700000000001,0.76972,7.8145,260.29,109.75,1143.2,7.9573,1.3759,3.6411,8.1555,1.3638,13.36
1.2717,1.2712,0.9621799999999999,22.230999999999998,6.3213,0.84998,0.77046,7.8191,259.59,109.15,1144.5,7.9877,1.3726,3.6454,8.1669,1.3644,13.493
1.2703,1.2694,0.96821,22.14,6.3038,0.84767,0.77083,7.8211,258.03,109.59,1139.6,7.9239,1.3704,3.6294,8.1093,1.3616,13.270999999999999
1.2755,1.2738,0.97216,22.26,6.3327,0.8515,0.7761,7.8231,258.98,110.41,1137.9,7.9647,1.3727,3.6436,8.0752,1.3659999999999999,13.325999999999999
1.2727,1.2731,0.97404,22.241,6.3507,0.8539700000000001,0.77705,7.8221,259.65,110.84,1140.1,7.9518,1.3792,3.6506,8.0974,1.3682,13.235
1.2615,1.2625,0.9670000000000001,22.238000000000003,6.3567,0.8549200000000001,0.77708,7.824,259.94,110.12,1138.8,7.9715,1.369,3.6398,8.1293,1.3659999999999999,13.202
1.2632,1.2657,0.96141,22.239,6.3342,0.8517899999999999,0.77673,7.8221,258.57,109.05,1141.4,7.9372,1.3658,3.6463,8.1235,1.3641,13.225
1.261,1.2597,0.9660700000000001,22.18,6.3237,0.8502700000000001,0.77645,7.8237,258.0,108.98,1138.9,7.8992,1.3666,3.6339,8.0923,1.3625,13.205
1.2647,1.2578,0.9654200000000001,22.159000000000002,6.3187,0.84955,0.7791399999999999,7.8268,258.01,109.36,1134.2,7.9027,1.3733,3.6376,8.1038,1.3619999999999999,13.203
1.2659,1.2584,0.9655100000000001,22.141,6.3033,0.8475299999999999,0.78085,7.8263,257.1,109.09,1131.6,7.893,1.3844,3.6315,8.0901,1.3621,13.265
1.2664,1.2522,0.96349,22.105999999999998,6.3001,0.84703,0.7792600000000001,7.8253,257.64,109.32,1127.7,7.8422,1.3852,3.6214,8.0568,1.3612,13.209000000000001
1.2635,1.2508,0.9646,22.09,6.3001,0.84688,0.77984,7.8228,258.03,109.75,1123.8,7.8149,1.3858,3.6076,8.0499,1.3597,13.168
1.2585,1.2466,0.95505,21.888,6.2384,0.83857,0.7742399999999999,7.8232,254.94,109.3,1120.0,7.7669,1.3801,3.5707,7.9795,1.3548,13.045
1.2542,1.2481,0.94505,21.698,6.1747,0.83001,0.77162,7.8244,253.42,108.62,1123.7,7.7121,1.3724,3.5422,7.9153,1.3515,12.975
1.2602,1.2555,0.95854,21.857,6.242999999999999,0.83921,0.7741399999999999,7.8264,256.53,110.15,1123.2,7.7916,1.3828,3.5749,7.9804,1.3567,13.055
1.2699,1.266,0.96795,22.073,6.2904,0.84567,0.77778,7.8246,259.31,110.62,1125.8,7.8469,1.4014,3.6010000000000004,8.0184,1.361,13.071
1.2602,1.2441,0.9598200000000001,21.877,6.2398,0.83893,0.77244,7.8248,255.95,110.14,1120.3,7.7647,1.3958,3.5576,7.9512,1.3545,12.935
1.2566,1.2409999999999999,0.9575,21.892,6.247000000000001,0.83998,0.77157,7.8244,257.05,109.7,1129.9,7.8062,1.3934,3.562,7.9574,1.3566,12.944
1.2533,1.239,0.9593799999999999,21.932,6.2558,0.84104,0.77157,7.8253,257.69,109.33,1130.0,7.8039,1.3903,3.5627,7.9638,1.3553,12.944
1.254,1.2394,0.95541,21.886,6.2353,0.83815,0.76631,7.8252,256.62,108.89,1134.8,7.7751,1.3853,3.555,7.9633,1.3522,12.904000000000002
1.2468,1.2185,0.9533,21.814,6.2144,0.83535,0.76354,7.815,255.36,108.88,1128.5,7.7636,1.3880000000000001,3.5446,7.9578,1.3442,12.811
1.2339,1.2087,0.9456899999999999,21.641,6.1693,0.82919,0.75678,7.8076,254.11,107.38,1130.6,7.7192,1.3683,3.5269,7.9095,1.337,12.862
1.2432,1.2121,0.95057,21.736,6.2013,0.83354,0.75665,7.8129,255.3,108.68,1131.8,7.8111,1.3755,3.5376,7.9774,1.3444,12.932
1.2442,1.2132,0.9590200000000001,21.875999999999998,6.2348,0.83801,0.7531899999999999,7.8132,257.36,109.72,1128.0,7.8432,1.3696,3.5657,7.9909,1.347,12.972000000000001
1.2446,1.214,0.95968,21.789,6.2112,0.8347899999999999,0.75334,7.8125,257.13,110.02,1127.0,7.8456,1.3733,3.5728,7.9702,1.3455,13.115
1.2517,1.2201,0.9672700000000001,21.963,6.2599,0.8414,0.74988,7.8118,259.39,110.69,1132.1,7.9049,1.3861,3.6048,8.0223,1.3507,13.177
1.2464,1.2137,0.9596299999999999,21.801,6.2199,0.83591,0.7359600000000001,7.8163,258.22,111.11,1131.0,7.8031,1.3715,3.5744,7.946000000000001,1.3433,13.175
1.251,1.2204,0.95949,21.837,6.2283,0.83696,0.73864,7.8164,259.35,111.39,1127.3,7.818,1.3727,3.5892,7.9633,1.3461,13.215
1.2503,1.229,0.9635,21.803,6.2157,0.8352799999999999,0.74024,7.8042,257.98,111.46,1129.0,7.8032,1.3697,3.5738,7.957000000000001,1.3491,13.319
1.2402,1.2244,0.96044,21.73,6.1974,0.83285,0.73857,7.8011,256.8,111.29,1127.2,7.7821,1.3556,3.5624,7.94,1.3432,13.247
1.2601,1.2358,0.9731200000000001,21.909000000000002,6.2501,0.83998,0.7412,7.8043,260.91,112.44,1133.6,7.8139,1.3665,3.5955,7.9912,1.3524,13.345999999999998
1.255,1.2269,0.9688200000000001,21.776,6.2208,0.83605,0.73702,7.8099,258.95,112.04,1131.0,7.7914,1.3658,3.5676,7.9724,1.3455,13.24
1.2570000000000001,1.2328,0.9743,21.936999999999998,6.2697,0.84267,0.74103,7.8148,261.44,112.24,1132.0,7.8137,1.3737,3.5966,8.0328,1.3509,13.275
1.2678,1.2391,0.9715799999999999,22.105999999999998,6.3124,0.84839,0.74468,7.8123,263.65,111.98,1138.2,7.8767,1.3887,3.6332,8.0999,1.3547,13.347999999999999
1.2737,1.2396,0.9753,22.183000000000003,6.337999999999999,0.85172,0.7458100000000001,7.8114,265.01,112.94,1142.2,7.9512,1.3887,3.6647,8.1667,1.3597,13.547
1.2781,1.2467,0.973,22.11,6.317,0.84904,0.74406,7.8092,264.1,112.55,1146.4,7.9449,1.3893,3.6612,8.1338,1.3593,13.515999999999998
1.2769,1.244,0.97044,22.006999999999998,6.3038,0.84703,0.7468899999999999,7.8108,263.15,112.5,1145.0,7.9726,1.3852,3.6458,8.173,1.3579,13.505
1.2803,1.2511,0.97062,22.135,6.3367,0.8515,0.75288,7.8116,265.19,112.82,1146.0,7.9845,1.391,3.6727,8.1791,1.3627,13.636
1.2796,1.2501,0.9741299999999999,22.064,6.3323,0.85085,0.75549,7.8115,265.51,112.97,1144.3,7.9882,1.3932,3.6673,8.1405,1.3627,13.716
1.2714,1.2453,0.9719200000000001,21.961,6.3143,0.84839,0.7531,7.8058,264.02,112.39,1139.1,7.9353,1.3916,3.6456,8.0958,1.3594,13.56
1.2787,1.2481,0.97701,22.004,6.3383,0.85164,0.75927,7.8097,265.22,112.46,1139.2,7.9629,1.3978,3.6621,8.1072,1.3625,13.628
1.2864,1.2575,0.98001,22.052,6.3575,0.85419,0.7648,7.8062,265.96,112.95,1142.1,8.0055,1.4104,3.6763,8.1505,1.3664,13.727
1.2891,1.2541,0.9788,22.044,6.3366,0.85135,0.75936,7.8056,265.89,112.69,1143.5,7.9847,1.4122,3.6674,8.1175,1.3633,13.790999999999999
1.2846,1.2499,0.97669,21.955,6.3091,0.84767,0.7579,7.8043,263.33,112.36,1132.7,7.9465,1.4146,3.6391,8.0754,1.3564,13.687999999999999
1.2837,1.2509,0.9741299999999999,21.875999999999998,6.2916,0.84531,0.7583300000000001,7.8059,261.99,112.19,1132.0,7.9281,1.4136,3.6222,8.0569,1.3562,13.569
1.2799,1.247,0.97436,21.838,6.2785,0.84345,0.7610899999999999,7.8081,260.78,112.28,1131.8,7.8948,1.4065,3.6041,8.0873,1.3542,13.503
1.2769,1.2499,0.97655,21.857,6.3031,0.8467399999999999,0.75343,7.8078,261.34,112.18,1129.5,7.9077,1.4006,3.6033,8.1329,1.3559,13.383
1.2705,1.2539,0.97551,21.833000000000002,6.3068,0.84724,0.75195,7.809,260.55,111.83,1126.9,7.8906,1.3912,3.5904,8.1238,1.3519,13.315999999999999
1.2751,1.2536,0.97831,21.884,6.3304,0.85041,0.75813,7.8077,261.37,112.2,1129.4,7.9309,1.3926,3.5971,8.1481,1.3566,13.435
1.2775,1.2529,0.98315,21.878,6.3357,0.85114,0.7599199999999999,7.8081,262.38,112.88,1131.4,7.9645,1.4034,3.5983,8.1662,1.3586,13.533
1.2703,1.2458,0.97524,21.738000000000003,6.2903,0.8450200000000001,0.7589600000000001,7.8024,260.7,112.54,1131.7,7.9593,1.4248,3.5822,8.1498,1.3568,13.544
1.2739,1.2494,0.9813,21.738000000000003,6.2987,0.8461700000000001,0.75836,7.803,260.73,113.17,1130.6,7.9662,1.4288,3.5846,8.1609,1.3584,13.684000000000001
1.2792,1.2636,0.98646,21.840999999999998,6.3405,0.8517899999999999,0.7588600000000001,7.803,262.4,113.79,1129.8,7.9968,1.4342,3.6002,8.2147,1.3625,13.689
1.2853,1.2648,0.9874200000000001,21.752,6.3288,0.8502700000000001,0.75931,7.8057,262.33,113.89,1129.0,7.9826,1.4461,3.6054,8.203,1.3624,13.722999999999999
1.2967,1.2697,0.9919399999999999,21.713,6.3156,0.84854,0.7542,7.8041,263.18,114.05,1124.6,8.0087,1.4529,3.594,8.2188,1.3616,13.829
1.2974,1.2798,0.9936200000000001,21.772,6.332999999999999,0.85085,0.75734,7.8023,264.03,113.8,1123.5,8.0716,1.4565,3.6033,8.2718,1.3622,14.242
1.3094,1.2892,1.0023,22.122,6.4116,0.8617,0.76375,7.8036,268.19,114.19,1128.3,8.2161,1.4627,3.6589,8.3921,1.37,14.206
1.3045,1.2847,0.9992200000000001,22.085,6.4079999999999995,0.86118,0.75766,7.8006,267.83,113.53,1124.7,8.1674,1.4592,3.6542,8.3612,1.3638,14.068
1.3069,1.2892,0.9986299999999999,22.055999999999997,6.3939,0.85925,0.75488,7.7994,267.78,113.42,1118.3,8.1834,1.4612,3.6467,8.3704,1.3628,14.120999999999999
1.3035,1.2906,1.0024,22.009,6.4085,0.86118,0.75254,7.8017,268.47,114.19,1112.2,8.1476,1.4525,3.6461,8.3995,1.3614,14.116
1.2982,1.2847,1.0002,21.928,6.3906,0.85874,0.76161,7.8017,266.98,114.13,1112.0,8.1441,1.4484,3.639,8.3826,1.3605,13.987
1.3026,1.2722,0.99811,22.006,6.3842,0.85785,0.76283,7.8024,266.18,113.94,1114.1,8.1361,1.4409,3.6358,8.3994,1.36,14.127
1.3046,1.2758,1.0003,22.098000000000003,6.421,0.8628100000000001,0.76264,7.8029,268.46,114.14,1112.0,8.1432,1.4493,3.659,8.4282,1.3646,14.202
1.307,1.2767,0.9995700000000001,22.134,6.4369,0.8649,0.76144,7.8032,268.98,114.19,1111.6,8.177,1.4459,3.6668,8.4279,1.3641,14.172
1.3023,1.2729,0.9992200000000001,22.053,6.4223,0.8628100000000001,0.76277,7.7966,269.07,113.49,1113.3,8.1734,1.443,3.6532,8.3941,1.3619999999999999,14.186
1.3021,1.2708,0.9964700000000001,21.95,6.3991,0.85985,0.7621100000000001,7.7989,268.34,113.28,1117.7,8.1285,1.4372,3.6411,8.371,1.3602,14.214
1.304,1.2670000000000001,0.99459,21.918000000000003,6.3858,0.8580700000000001,0.7582800000000001,7.8025,267.72,113.33,1119.4,8.113999999999999,1.4398,3.6303,8.3602,1.3604,14.38
1.3089,1.2705,0.9944200000000001,21.935,6.3844,0.85793,0.76371,7.7991,267.71,113.31,1119.6,8.1428,1.4479,3.6332,8.3824,1.3613,14.558
1.3079,1.2714,0.9913200000000001,21.768,6.3358,0.8514299999999999,0.76275,7.8029,265.62,113.49,1114.9,8.1671,1.4553,3.6084,8.421,1.3604,14.383
1.3159999999999998,1.2756,0.98606,21.68,6.2860000000000005,0.84459,0.75938,7.807,263.61,112.71,1103.2,8.2356,1.4481,3.5872,8.423,1.3558,14.376
1.3174,1.2764,0.9927799999999999,21.714000000000002,6.3221,0.84955,0.75765,7.8089,265.5,113.09,1097.3,8.2026,1.4616,3.597,8.3993,1.3568,14.277000000000001
1.3253,1.2762,0.99161,21.694000000000003,6.3086,0.84782,0.7578199999999999,7.8121,264.16,112.61,1096.3,8.2376,1.4728,3.5898,8.4309,1.3563,14.013
1.3235,1.2788,0.9910899999999999,21.703000000000003,6.3164,0.84882,0.7549399999999999,7.8122,265.21,112.13,1095.9,8.2589,1.4636,3.5915,8.453,1.3557,14.055
1.3198,1.2806,0.9934299999999999,21.79,6.3504,0.85339,0.7552300000000001,7.8123,267.05,112.54,1089.5,8.2685,1.4662,3.609,8.4889,1.355,14.08
1.3195,1.2741,0.98808,21.678,6.3342,0.85114,0.75589,7.8113,266.87,112.02,1089.6,8.2324,1.4625,3.588,8.4108,1.3519999999999999,13.880999999999998
1.3109,1.2681,0.9801700000000001,21.491,6.2812,0.8440200000000001,0.75122,7.8096,264.22,111.23,1084.2,8.1358,1.4516,3.5554,8.3086,1.3459999999999999,13.877
1.3122,1.2708,0.9808899999999999,21.397,6.266,0.84196,0.75036,7.8087,262.55,111.34,1083.9,8.134,1.4529,3.5454,8.305,1.3459999999999999,13.993
1.3099,1.2681,0.9804200000000001,21.278000000000002,6.2269,0.83668,0.74778,7.8020000000000005,260.41,111.02,1087.3,8.1604,1.4479,3.5213,8.3049,1.344,13.728
1.3138,1.2793,0.9825,21.419,6.2603,0.8411799999999999,0.7531800000000001,7.8016,261.6,111.24,1080.4,8.1973,1.4432,3.5388,8.3328,1.3445,13.74
1.3213,1.2832,0.9862200000000001,21.539,6.2926,0.84552,0.74654,7.8067,263.46,111.81,1078.0,8.2362,1.4493,3.5517,8.3834,1.3465,13.677
1.3215,1.2885,0.98734,21.513,6.2804,0.84395,0.74255,7.8086,263.96,112.31,1086.4,8.3043,1.4616,3.5408,8.3727,1.3491,13.61
1.3204,1.2874,0.9836799999999999,21.476,6.2617,0.8414,0.7414,7.8126,264.03,112.49,1083.3,8.309,1.4597,3.5447,8.3708,1.3474,13.707
1.3135,1.2671,0.98314,21.54,6.2721,0.8428200000000001,0.73936,7.8147,263.87,112.86,1085.5,8.3159,1.4565,3.542,8.3974,1.3478,13.63
1.3094,1.2633,0.98531,21.654,6.2813,0.8441,0.74435,7.8132,265.01,112.58,1086.3,8.2914,1.4513,3.5469,8.4139,1.3466,13.512
1.3172,1.2662,0.98824,21.694000000000003,6.2978,0.84624,0.74752,7.8127,266.1,112.14,1092.9,8.2572,1.4505,3.5662,8.4002,1.3476,13.527000000000001
1.3306,1.2838,0.9927,21.73,6.3138,0.84846,0.7472300000000001,7.8093,267.13,112.74,1092.8,8.2728,1.4638,3.5745,8.4471,1.3504,13.652000000000001
1.3303,1.2836,0.9967600000000001,21.764,6.3377,0.85164,0.7454,7.8063,267.84,113.49,1094.6,8.3176,1.4612,3.5786,8.4968,1.3532,13.66
1.3288,1.2859,0.99008,21.703000000000003,6.31,0.8477399999999999,0.7481300000000001,7.8071,266.15,113.31,1089.9,8.3778,1.4453,3.5633,8.491,1.351,13.616
1.3208,1.2832,0.99193,21.754,6.3253,0.84991,0.7485,7.8062,267.15,113.5,1089.0,8.3499,1.4411,3.5733,8.442,1.3514,13.612
1.321,1.286,0.9924200000000001,21.855999999999998,6.3421,0.85208,0.74902,7.8061,267.86,113.32,1090.7,8.3719,1.4388,3.5912,8.4407,1.3526,13.622
1.3045,1.2829,0.9865799999999999,21.693,6.2839,0.84424,0.74431,7.8091,265.15,112.61,1088.0,8.2552,1.4296,3.5644,8.3992,1.3466,13.469000000000001
1.3029,1.2765,0.9884,21.75,6.3055,0.84703,0.74753,7.8115,265.48,112.19,1088.2,8.2863,1.4233,3.5717,8.4349,1.3465,13.367
1.305,1.2874,0.98788,21.776,6.3111,0.84782,0.74784,7.8164,265.93,112.47,1087.1,8.3572,1.4274,3.5668,8.4432,1.3484,12.857999999999999
1.3031,1.2862,0.9847799999999999,21.705,6.2958,0.8458100000000001,0.74854,7.8192,264.82,112.69,1083.7,8.3629,1.4265,3.5518,8.4165,1.3465,12.735
1.3024,1.285,0.98793,21.675,6.2848,0.84424,0.74563,7.8241,264.04,113.26,1082.0,8.3312,1.4327,3.5493,8.3688,1.3457,12.673
1.3029,1.2804,0.9887,21.684,6.2777,0.84324,0.74849,7.8217,263.39,113.49,1080.9,8.4103,1.4277,3.5414,8.4193,1.3451,12.720999999999998
1.2957,1.2703,0.9900399999999999,21.724,6.2805,0.84367,0.74722,7.8164,263.07,113.36,1076.8,8.3492,1.4261,3.5413,8.3799,1.3439,12.705
1.2957,1.2703,0.9900399999999999,21.724,6.2805,0.84367,0.74722,7.8164,263.07,113.36,1076.8,8.3492,1.4261,3.5413,8.3799,1.3439,12.705
1.2957,1.2703,0.9900399999999999,21.724,6.2805,0.84367,0.74722,7.8164,263.07,113.36,1076.8,8.3492,1.4261,3.5413,8.3799,1.3439,12.705
1.2876,1.2634,0.98966,21.723000000000003,6.2589,0.8406899999999999,0.74479,7.8145,261.45,113.24,1074.1,8.2896,1.4145,3.5211,8.2999,1.3398,12.450999999999999
1.2846,1.261,0.9807299999999999,21.489,6.2389,0.83794,0.74382,7.8158,260.01,112.9,1069.5,8.267999999999999,1.4124,3.5033,8.2497,1.338,12.345
1.2796,1.254,0.9757399999999999,21.291999999999998,6.2077,0.8338200000000001,0.73979,7.8146,258.76,112.57,1067.0,8.205,1.405,3.4829,8.208,1.3361,12.345
1.2796,1.254,0.9757399999999999,21.291999999999998,6.2077,0.8338200000000001,0.73979,7.8146,258.76,112.57,1067.0,8.205,1.405,3.4829,8.208,1.3361,12.345
1.2775,1.2539,0.97124,21.131,6.1697,0.8288399999999999,0.73728,7.8146,255.77,112.18,1062.2,8.1018,1.4053,3.4507,8.1461,1.3287,12.35
1.2758,1.2515,0.9761299999999999,21.247,6.1916,0.8317399999999999,0.73725,7.8171,257.25,112.26,1065.8,8.1045,1.4091,3.4644,8.1718,1.3298,12.38
1.2763,1.2527,0.9749700000000001,21.148000000000003,6.1707,0.8288399999999999,0.73852,7.8179,255.72,112.66,1063.5,8.0941,1.4055,3.4443,8.1409,1.3297,12.307
1.2753,1.251,0.97609,21.249000000000002,6.1817,0.8302200000000001,0.73792,7.8197,256.35,113.28,1063.7,8.0878,1.3978,3.4499,8.1626,1.3278,12.360999999999999
1.2770000000000001,1.2428,0.97795,21.318,6.2196,0.83521,0.73844,7.8223,257.95,113.04,1067.3,8.0834,1.395,3.4797,8.1989,1.3327,12.437999999999999
1.2774,1.2425,0.98282,21.4,6.2411,0.8380799999999999,0.73978,7.8212,259.27,112.56,1068.4,8.1055,1.3913,3.5028,8.2373,1.3352,12.347999999999999
1.2749,1.2451,0.9777399999999999,21.323,6.2099,0.8338899999999999,0.73941,7.8226,258.44,111.42,1068.2,8.0427,1.3888,3.4868,8.1813,1.3326,12.442
1.2716,1.256,0.97662,21.259,6.1974,0.83215,0.74124,7.8224,257.49,111.67,1067.1,8.0498,1.3858,3.4772,8.172,1.3319,12.460999999999999
1.2702,1.2519,0.97116,21.026999999999997,6.1372,0.8239299999999999,0.73315,7.8242,254.38,111.13,1062.5,7.9583,1.3781,3.4376,8.1033,1.3268,12.398
1.2571,1.2432,0.9610700000000001,20.796,6.0679,0.81453,0.72528,7.8236,251.61,110.62,1063.5,7.8772,1.3707,3.3955,8.0097,1.3214,12.302
1.2575,1.2424,0.9644299999999999,20.863000000000003,6.0909,0.81766,0.7265699999999999,7.8234,252.45,110.71,1064.9,7.8747,1.3743,3.4107,8.0317,1.3234,12.262
1.2549,1.2444,0.9648399999999999,20.853,6.1025,0.81947,0.7257899999999999,7.819,253.03,110.8,1068.3,7.8849,1.3767,3.4183,8.0656,1.3237,12.335
1.2514,1.2447,0.9602,20.732,6.087000000000001,0.81733,0.72095,7.8176,252.15,111.21,1067.9,7.8474,1.3698,3.4054,8.0347,1.3219999999999998,12.263
1.2486,1.2441,0.95945,20.753,6.0754,0.81599,0.72105,7.8184,252.31,110.6,1066.4,7.8534,1.3734,3.404,8.0239,1.3201,12.203
1.249,1.2477,0.96119,20.753,6.0824,0.81706,0.7197100000000001,7.8184,253.0,110.84,1070.3,7.862,1.3692,3.4077,8.035,1.3196,12.1
1.2544,1.2482,0.9616299999999999,20.739,6.0768,0.81639,0.71704,7.8178,253.19,110.5,1075.8,7.8684,1.3652,3.404,8.0368,1.3195,12.128
1.2395,1.2329,0.95005,20.541999999999998,6.0274,0.8095899999999999,0.70582,7.817,250.17,109.4,1064.8,7.7943,1.3501,3.3649,7.9601,1.31,11.966
1.2378,1.2323,0.9414,20.457,6.0002,0.8059999999999999,0.70152,7.8178,249.34,108.91,1059.4,7.7261,1.3559,3.3424,7.9139,1.3059,11.897
1.2367,1.2323,0.93535,20.39,5.9849,0.80412,0.70228,7.8178,249.12,109.32,1064.4,7.6918,1.3624,3.3308,7.8807,1.3074,11.890999999999998
1.2361,1.2335,0.9340799999999999,20.435,6.0124,0.80782,0.7104,7.8183,249.89,108.85,1070.1,7.7186,1.3637,3.3473,7.9023,1.3103,11.977
1.2354,1.2321,0.9330200000000001,20.393,5.9911,0.80509,0.70791,7.8188,249.88,108.67,1070.1,7.6989,1.3636,3.3369999999999997,7.8758,1.3107,11.914000000000001
1.2328,1.2274,0.9336899999999999,20.287,5.9741,0.80276,0.7057100000000001,7.8199,249.38,108.85,1065.3,7.676,1.3489,3.3317,7.8386,1.3075,11.866
1.2495,1.2319,0.93129,20.28,5.9738,0.8026300000000001,0.7024600000000001,7.82,248.86,109.66,1071.1,7.6816,1.36,3.3344,7.8682,1.3125,11.898
1.2512,1.2317,0.92827,20.167,5.9581,0.80051,0.70325,7.8204,247.75,109.85,1084.9,7.6579,1.3577,3.3254,7.8629,1.3136,11.974
1.2592,1.2434,0.9324,20.254,5.9834,0.80386,0.71196,7.8206,248.87,109.86,1087.3,7.7257,1.3686,3.3428,7.905,1.3173,12.029000000000002
1.2757,1.2562,0.93852,20.465999999999998,6.0369,0.8111,0.7209399999999999,7.8192,251.97,109.47,1086.8,7.867999999999999,1.3752,3.3777,8.0043,1.3232,12.062999999999999
1.2712,1.2518,0.941,20.449,6.0326,0.8105,0.7187100000000001,7.8184,251.1,109.29,1082.6,7.8309,1.3695,3.3713,7.9904,1.3204,11.966
1.2809,1.2571,0.94311,20.605999999999998,6.0743,0.81619,0.71428,7.8187,253.8,109.62,1089.9,7.9056,1.3848,3.4031,8.0777,1.3294,12.08
1.2809,1.2609,0.9370200000000001,20.643,6.0651,0.8148,0.72305,7.8208,254.28,108.85,1088.7,7.9836,1.3812,3.4142,8.103,1.3298,12.120999999999999
1.2758,1.258,0.9380200000000001,20.678,6.0718,0.8154600000000001,0.7225,7.8196,254.4,108.64,1083.2,7.9487,1.3796,3.4044,8.089,1.3256,11.964
1.2742,1.2604,0.93424,20.584,6.0397,0.81083,0.72111,7.8219,253.11,107.69,1085.1,7.899,1.3736,3.3877,8.0587,1.3228,11.982000000000001
1.272,1.2575,0.93286,20.546,6.0324,0.80985,0.72109,7.8219,253.34,107.22,1078.1,7.8675,1.3665,3.3786,8.0422,1.3192,11.819
1.2613,1.249,0.92412,20.307000000000002,5.9628,0.80045,0.70968,7.8222,249.48,106.55,1065.2,7.7924,1.3535,3.3244,7.9388,1.3115,11.655
1.2592,1.2506,0.9243399999999999,20.331,5.9757,0.8023100000000001,0.71248,7.8208,249.74,106.18,1064.9,7.7672,1.3521,3.3374,7.9541,1.3107,11.66
1.2632,1.2564,0.9277200000000001,20.409000000000002,6.0016,0.8058,0.71386,7.8223,250.73,106.56,1066.9,7.782,1.3554,3.3409,7.9899,1.3131,11.652999999999999
1.2681,1.2604,0.9349299999999999,20.517,6.0351,0.81037,0.71449,7.8241,252.66,107.17,1072.7,7.8349,1.36,3.3604,8.0784,1.3186,11.744000000000002
1.2739,1.2671,0.93819,20.599,6.0482,0.8122199999999999,0.71851,7.825,253.53,107.55,1073.7,7.8314,1.3608,3.3779,8.0936,1.3212,11.645
1.2788,1.2699,0.9374399999999999,20.622,6.0657,0.8146,0.71964,7.8249,254.72,107.1,1084.5,7.8929,1.3653,3.4066,8.142999999999999,1.3223,11.717
1.2782,1.2695,0.9354399999999999,20.601,6.0549,0.81307,0.71502,7.8233,254.39,106.74,1076.8,7.8681,1.3712,3.3904,8.1779,1.3216,11.565
1.2752,1.2676,0.9358799999999999,20.61,6.0438,0.8116899999999999,0.71282,7.8236,254.54,106.82,1071.6,7.8168,1.3675,3.3845,8.1526,1.3171,11.593
1.2762,1.272,0.93805,20.647,6.0532,0.81294,0.71864,7.8264,255.24,107.12,1071.9,7.8278,1.3753,3.3875,8.1945,1.3198,11.655999999999999
1.2803,1.2779,0.9431799999999999,20.811,6.0967,0.8187300000000001,0.72388,7.8267,257.02,107.02,1080.9,7.8724,1.3841,3.4207,8.2626,1.3232,11.764000000000001
1.2937,1.2862,0.9464299999999999,20.897,6.1186,0.82163,0.7273,7.827000000000001,257.81,106.79,1087.4,7.9369,1.3858,3.4387,8.3132,1.3269,11.93
1.2902,1.288,0.9350200000000001,20.638,6.0493,0.8122199999999999,0.72547,7.8295,254.94,105.4,1084.1,7.8117,1.3819,3.4068,8.2554,1.3207,11.945
1.2909,1.2931,0.9384100000000001,20.642,6.0509,0.81255,0.72373,7.8328,254.94,105.65,1079.6,7.8277,1.3834,3.4053,8.262,1.3194,11.878
1.2763,1.2886,0.93675,20.45,6.0023,0.80574,0.71844,7.8332,252.28,106.23,1061.1,7.7455,1.3685,3.3692,8.2056,1.3154,11.719000000000001
1.2812,1.2931,0.9400799999999999,20.473,6.0,0.80535,0.7208899999999999,7.8356,251.06,105.83,1069.3,7.7938,1.3742,3.3775,8.2451,1.3146,11.905
